run_date,group,ticker,sector,er_multiple_field,er_multiple_value,er_anchor_xs,er_anchor_own,er_anchor_operative,er_anchor_divergence_pct,er_anchor_divergence,er_rerate_status,er_rerate,er_growth,er_yield,expected_return_12_24m,er_confidence,er_growth_clamped,er_rerate_clamped,er_anchor_mode
20260724,NASDAQ,AAL,Industrials,ev_ebitda,8.984,18.257,,18.257,,False,cross_sectional,10.0,2.6,4.2,16.9,0.7,False,True,cross_sectional_primary
20260724,NASDAQ,AAON,Industrials,ev_ebitda,36.899,18.257,,18.257,,False,cross_sectional,-2.5,37.1,0.1,34.7,0.5,False,True,cross_sectional_primary
20260724,NASDAQ,AAPL,Technology,fwd_pe,33.362896,21.4425,,21.4425,,False,cross_sectional,-2.5,21.8,2.6,21.9,0.9,False,True,cross_sectional_primary
20260724,NASDAQ,ABNB,Consumer Cyclical,fwd_pe,22.78932,15.9096,,15.9096,,False,cross_sectional,-2.5,6.0,3.0,6.5,0.9,False,True,cross_sectional_primary
20260724,NASDAQ,ACAD,Healthcare,fwd_pe,29.054527,18.3383,,18.3383,,False,cross_sectional,-2.5,-25.0,-1.8,-29.3,0.5,True,True,cross_sectional_primary
20260724,NASDAQ,ACHC,Healthcare,fwd_pe,19.35906,18.3383,,18.3383,,False,cross_sectional,0.0,-25.0,0.1,-24.9,0.9,True,False,cross_sectional_primary
20260724,NASDAQ,ACIW,Technology,fwd_pe,14.2005205,21.4425,,21.4425,,False,cross_sectional,10.0,-25.0,1.9,-13.1,0.5,True,True,cross_sectional_primary
20260724,NASDAQ,ADBE,Technology,fwd_pe,7.7189584,21.4425,,21.4425,,False,cross_sectional,10.0,7.9,3.5,21.4,0.9,False,True,cross_sectional_primary
20260724,NASDAQ,ADP,Technology,fwd_pe,19.903547,21.4425,,21.4425,,False,cross_sectional,0.0,10.5,0.8,11.3,0.9,False,False,cross_sectional_primary
20260724,NASDAQ,ADSK,Technology,fwd_pe,14.400552,21.4425,,21.4425,,False,cross_sectional,10.0,50.0,0.2,60.2,0.5,True,True,cross_sectional_primary
20260724,NASDAQ,ADUS,Healthcare,fwd_pe,14.95507,18.3383,,18.3383,,False,cross_sectional,10.0,17.2,-6.6,20.6,0.9,False,True,cross_sectional_primary
20260724,NASDAQ,AEHR,Technology,fwd_pe,63.983288,21.4425,,21.4425,,False,cross_sectional,-2.5,50.0,-3.3,44.2,0.5,True,True,cross_sectional_primary
20260724,NASDAQ,AEP,Utilities,ev_ebitda,13.77,13.77,,13.77,,False,cross_sectional,0.0,6.7,-1.6,5.1,0.9,False,False,cross_sectional_primary
20260724,NASDAQ,AFRM,Financial Services,fwd_pe,19.149113,15.3078,,15.3078,,False,cross_sectional,-2.5,50.0,-7.5,40.0,0.9,True,True,cross_sectional_primary
20260724,NASDAQ,AGYS,Technology,fwd_pe,29.80706,21.4425,,21.4425,,False,cross_sectional,-2.5,50.0,-2.8,44.7,0.9,True,True,cross_sectional_primary
20260724,NASDAQ,AKAM,Technology,fwd_pe,16.22585,21.4425,,21.4425,,False,cross_sectional,10.0,-13.4,2.7,-0.7,0.9,False,True,cross_sectional_primary
20260724,NASDAQ,ALAB,Technology,fwd_pe,72.15826,21.4425,,21.4425,,False,cross_sectional,-2.5,50.0,-8.5,39.0,0.5,True,True,cross_sectional_primary
20260724,NASDAQ,ALGN,Healthcare,fwd_pe,13.59324,18.3383,,18.3383,,False,cross_sectional,10.0,23.9,2.6,36.5,0.9,False,True,cross_sectional_primary
20260724,NASDAQ,ALHC,Healthcare,fwd_pe,27.68166,18.3383,,18.3383,,False,cross_sectional,-2.5,41.7,-3.1,36.1,0.7,False,True,cross_sectional_primary
20260724,NASDAQ,ALKS,Healthcare,fwd_pe,32.338417,18.3383,,18.3383,,False,cross_sectional,-2.5,26.2,0.3,24.0,0.7,False,True,cross_sectional_primary
20260724,NASDAQ,ALNY,Healthcare,fwd_pe,19.99537,18.3383,,18.3383,,False,cross_sectional,0.0,34.1,-3.8,30.2,0.7,False,False,cross_sectional_primary
20260724,NASDAQ,ALRM,Technology,fwd_pe,16.994783,21.4425,,21.4425,,False,cross_sectional,10.0,-10.3,-3.9,-4.2,0.9,False,True,cross_sectional_primary
20260724,NASDAQ,AMAT,Technology,fwd_pe,33.401722,21.4425,,21.4425,,False,cross_sectional,-2.5,33.5,2.2,33.2,0.5,False,True,cross_sectional_primary
20260724,NASDAQ,AMBA,Technology,fwd_pe,61.457874,21.4425,,21.4425,,False,cross_sectional,-2.5,36.2,-3.5,30.2,0.7,False,True,cross_sectional_primary
20260724,NASDAQ,AMD,Technology,fwd_pe,40.000534,21.4425,,21.4425,,False,cross_sectional,-2.5,50.0,-0.3,47.2,0.5,True,True,cross_sectional_primary
20260724,NASDAQ,AMGN,Healthcare,fwd_pe,15.835958,18.3383,,18.3383,,False,cross_sectional,7.6,4.4,-0.4,11.6,0.9,False,False,cross_sectional_primary
20260724,NASDAQ,AMRX,Healthcare,fwd_pe,16.038198,18.3383,,18.3383,,False,cross_sectional,6.9,50.0,-10.0,46.9,0.5,True,False,cross_sectional_primary
20260724,NASDAQ,AMZN,Consumer Cyclical,fwd_pe,23.585154,15.9096,,15.9096,,False,cross_sectional,-2.5,50.0,-1.6,45.9,0.9,True,True,cross_sectional_primary
20260724,NASDAQ,APP,Communication Services,fwd_pe,18.402695,13.3686,,13.3686,,False,cross_sectional,-2.5,50.0,2.9,50.4,0.9,True,True,cross_sectional_primary
20260724,NASDAQ,APPF,Technology,fwd_pe,19.569624,21.4425,,21.4425,,False,cross_sectional,0.0,37.2,0.1,37.3,0.9,False,False,cross_sectional_primary
20260724,NASDAQ,ARGX,Healthcare,fwd_pe,25.220915,18.3383,,18.3383,,False,cross_sectional,-2.5,50.0,-7.5,40.0,0.5,True,True,cross_sectional_primary
20260724,NASDAQ,ARM,Technology,fwd_pe,92.0198,21.4425,,21.4425,,False,cross_sectional,-2.5,47.9,-1.1,44.3,0.5,False,True,cross_sectional_primary
20260724,NASDAQ,ARXS,Industrials,ev_ebitda,37.46,18.257,,18.257,,False,cross_sectional,-2.5,19.1,0.0,16.6,0.7,False,True,cross_sectional_primary
20260724,NASDAQ,ASML,Technology,fwd_pe,31.030882,21.4425,34.3,21.4425,-37.5,True,cross_sectional,-2.5,28.5,0.7,26.7,0.5,False,True,cross_sectional_primary
20260724,NASDAQ,ASND,Healthcare,fwd_pe,23.86293,18.3383,,18.3383,,False,cross_sectional,-2.5,-21.5,-3.8,-27.8,0.5,False,True,cross_sectional_primary
20260724,NASDAQ,ASTH,Healthcare,fwd_pe,11.98538,18.3383,,18.3383,,False,cross_sectional,10.0,50.0,-2.4,57.6,0.5,True,True,cross_sectional_primary
20260724,NASDAQ,ATAT,Consumer Cyclical,fwd_pe,11.676856,15.9096,,15.9096,,False,cross_sectional,10.0,50.0,-0.5,59.5,0.9,True,True,cross_sectional_primary
20260724,NASDAQ,ATRO,Industrials,ev_ebitda,27.641,18.257,,18.257,,False,cross_sectional,-2.5,50.0,-5.0,42.5,0.5,True,True,cross_sectional_primary
20260724,NASDAQ,AVGO,Technology,fwd_pe,20.167343,21.4425,,21.4425,,False,cross_sectional,0.0,50.0,-6.6,43.4,0.9,True,False,cross_sectional_primary
20260724,NASDAQ,AVPT,Technology,fwd_pe,23.769798,21.4425,,21.4425,,False,cross_sectional,-1.3,50.0,-10.0,38.7,0.9,True,False,cross_sectional_primary
20260724,NASDAQ,AXGN,Healthcare,fwd_pe,54.549446,18.3383,,18.3383,,False,cross_sectional,-2.5,39.3,-3.6,33.1,0.7,False,True,cross_sectional_primary
20260724,NASDAQ,AXON,Industrials,ev_ebitda,,18.257,,18.257,,False,UNMEASURED,,50.0,-4.5,45.5,0.7,True,False,cross_sectional_primary
20260724,NASDAQ,BATRA,Communication Services,fwd_pe,,13.3686,,13.3686,,False,UNMEASURED,,42.0,-0.5,41.5,0.5,False,False,cross_sectional_primary
20260724,NASDAQ,BATRK,Communication Services,fwd_pe,,13.3686,,13.3686,,False,UNMEASURED,,-13.4,-0.5,-13.9,0.5,False,False,cross_sectional_primary
20260724,NASDAQ,BCPC,Basic Materials,ev_ebitda,20.231,16.93,,16.93,,False,cross_sectional,-2.1,10.6,-0.2,8.2,0.9,False,False,cross_sectional_primary
20260724,NASDAQ,BCRX,Healthcare,fwd_pe,9.38,18.3383,,18.3383,,False,cross_sectional,10.0,41.2,-6.6,44.6,0.5,False,True,cross_sectional_primary
20260724,NASDAQ,BELFA,Technology,fwd_pe,26.061554,21.4425,15.8,21.4425,35.7,True,cross_sectional,-2.3,-25.0,0.5,-26.8,0.5,True,False,cross_sectional_primary
20260724,NASDAQ,BELFB,Technology,fwd_pe,29.067223,21.4425,,21.4425,,False,cross_sectional,-2.5,-25.0,0.5,-27.0,0.5,True,True,cross_sectional_primary
20260724,NASDAQ,BGC,Financial Services,fwd_pe,7.3091483,15.3078,,15.3078,,False,cross_sectional,10.0,50.0,0.9,60.9,0.5,True,True,cross_sectional_primary
20260724,NASDAQ,BIDU,Communication Services,fwd_pe,12.366592,13.3686,,13.3686,,False,cross_sectional,0.0,-25.0,1.7,-23.3,0.5,True,False,cross_sectional_primary
20260724,NASDAQ,BILI,Communication Services,fwd_pe,13.000848,13.3686,,13.3686,,False,cross_sectional,0.0,23.9,-3.7,20.3,0.7,False,False,cross_sectional_primary
20260724,NASDAQ,BKR,Energy,ev_ebitda,11.626,7.656,,7.656,,False,cross_sectional,-2.5,50.0,1.0,48.5,0.5,True,True,cross_sectional_primary
20260724,NASDAQ,BLBD,Industrials,ev_ebitda,11.825,18.257,,18.257,,False,cross_sectional,10.0,13.9,-1.0,22.9,0.9,False,True,cross_sectional_primary
20260724,NASDAQ,BMRN,Healthcare,fwd_pe,9.206032,18.3383,,18.3383,,False,cross_sectional,10.0,-25.0,-1.5,-16.5,0.5,True,True,cross_sectional_primary
20260724,NASDAQ,BRKR,Healthcare,fwd_pe,25.582132,18.3383,,18.3383,,False,cross_sectional,-2.5,-25.0,-1.6,-29.1,0.5,True,True,cross_sectional_primary
20260724,NASDAQ,BRKRP,Healthcare,fwd_pe,,18.3383,,18.3383,,False,UNMEASURED,,-25.0,0.0,-25.0,0.5,True,False,cross_sectional_primary
20260724,NASDAQ,BRZE,Technology,fwd_pe,21.899994,21.4425,,21.4425,,False,cross_sectional,0.0,42.5,-4.9,37.6,0.7,False,False,cross_sectional_primary
20260724,NASDAQ,BSP,Technology,price_fcf,73.04215810669167,22.102,,22.102,,False,cross_sectional,-2.5,50.0,1.1,48.6,0.7,True,True,cross_sectional_primary
20260724,NASDAQ,BSY,Technology,fwd_pe,19.03859,21.4425,,21.4425,,False,cross_sectional,6.1,7.5,-0.1,13.5,0.9,False,False,cross_sectional_primary
20260724,NASDAQ,BTSG,Healthcare,fwd_pe,32.788883,18.3383,,18.3383,,False,cross_sectional,-2.5,50.0,-10.0,37.5,0.5,True,True,cross_sectional_primary
20260724,NASDAQ,BTSGU,Healthcare,fwd_pe,,18.3383,,18.3383,,False,UNMEASURED,,50.0,0.0,50.0,0.5,True,False,cross_sectional_primary
20260724,NASDAQ,BULL,Technology,fwd_pe,25.704918,21.4425,,21.4425,,False,cross_sectional,-2.2,50.0,-10.0,37.8,0.7,True,False,cross_sectional_primary
20260724,NASDAQ,BZ,Communication Services,fwd_pe,10.540739,13.3686,,13.3686,,False,cross_sectional,10.0,50.0,-1.3,58.7,0.5,True,True,cross_sectional_primary
20260724,NASDAQ,CACC,Financial Services,fwd_pe,10.80872,15.3078,,15.3078,,False,cross_sectional,10.0,43.2,5.4,58.6,0.5,False,True,cross_sectional_primary
20260724,NASDAQ,CAE,Industrials,ev_ebitda,11.738,18.257,,18.257,,False,cross_sectional,10.0,-25.0,-0.3,-15.3,0.5,True,True,cross_sectional_primary
20260724,NASDAQ,CAKE,Consumer Cyclical,fwd_pe,18.829605,15.9096,,15.9096,,False,cross_sectional,-2.0,50.0,0.5,48.5,0.5,True,False,cross_sectional_primary
20260724,NASDAQ,CALM,Consumer Defensive,fwd_pe,36.346394,15.1717,,15.1717,,False,cross_sectional,-2.5,-25.0,-0.1,-27.6,0.7,True,True,cross_sectional_primary
20260724,NASDAQ,CAMT,Technology,fwd_pe,34.297424,21.4425,,21.4425,,False,cross_sectional,-2.5,-10.0,-1.1,-13.6,0.5,False,True,cross_sectional_primary
20260724,NASDAQ,CART,Consumer Cyclical,fwd_pe,8.964744,15.9096,,15.9096,,False,cross_sectional,10.0,50.0,-10.0,50.0,0.5,True,True,cross_sectional_primary
20260724,NASDAQ,CASY,Consumer Cyclical,fwd_pe,37.133705,15.9096,,15.9096,,False,cross_sectional,-2.5,50.0,0.1,47.6,0.5,True,True,cross_sectional_primary
20260724,NASDAQ,CCC,Technology,fwd_pe,11.324403,21.4425,,21.4425,,False,cross_sectional,10.0,12.0,-3.3,18.7,0.7,False,True,cross_sectional_primary
20260724,NASDAQ,CCEP,Consumer Defensive,fwd_pe,18.53032,15.1717,,15.1717,,False,cross_sectional,-2.4,50.0,0.4,48.0,0.5,True,False,cross_sectional_primary
20260724,NASDAQ,CDNS,Technology,fwd_pe,35.14313,21.4425,,21.4425,,False,cross_sectional,-2.5,23.0,-0.1,20.4,0.9,False,True,cross_sectional_primary
20260724,NASDAQ,CECO,Industrials,ev_ebitda,35.962,18.257,,18.257,,False,cross_sectional,-2.5,38.9,-1.8,34.6,0.7,False,True,cross_sectional_primary
20260724,NASDAQ,CEG,Utilities,ev_ebitda,15.267,13.77,,13.77,,False,cross_sectional,-1.3,50.0,1.6,50.3,0.5,True,False,cross_sectional_primary
20260724,NASDAQ,CELH,Consumer Defensive,fwd_pe,13.730752,15.1717,,15.1717,,False,cross_sectional,5.1,50.0,-3.8,51.3,0.9,True,False,cross_sectional_primary
20260724,NASDAQ,CHA,Consumer Cyclical,fwd_pe,7.0625668,15.9096,,15.9096,,False,cross_sectional,10.0,-25.0,10.3,-4.7,0.9,True,True,cross_sectional_primary
20260724,NASDAQ,CHDN,Consumer Cyclical,fwd_pe,11.503647,15.9096,,15.9096,,False,cross_sectional,10.0,13.4,2.9,26.3,0.9,False,True,cross_sectional_primary
20260724,NASDAQ,CHEF,Consumer Defensive,fwd_pe,35.104015,15.1717,,15.1717,,False,cross_sectional,-2.5,50.0,-0.4,47.1,0.5,True,True,cross_sectional_primary
20260724,NASDAQ,CHKP,Technology,fwd_pe,11.051474,21.4425,,21.4425,,False,cross_sectional,10.0,5.8,3.6,19.4,0.9,False,True,cross_sectional_primary
20260724,NASDAQ,CHRD,Energy,ev_ebitda,4.232,7.656,,7.656,,False,cross_sectional,10.0,-25.0,-10.0,-25.0,0.5,True,True,cross_sectional_primary
20260724,NASDAQ,CHTR,Communication Services,fwd_pe,2.8425024,13.3686,,13.3686,,False,cross_sectional,10.0,8.9,4.8,23.7,0.9,False,True,cross_sectional_primary
20260724,NASDAQ,CHYM,Technology,fwd_pe,12.89441,21.4425,,21.4425,,False,cross_sectional,10.0,-25.0,15.0,0.0,0.5,True,True,cross_sectional_primary
20260724,NASDAQ,CLBT,Technology,fwd_pe,21.269836,21.4425,,21.4425,,False,cross_sectional,0.0,-25.0,-10.0,-35.0,0.5,True,False,cross_sectional_primary
20260724,NASDAQ,CMCSA,Communication Services,fwd_pe,5.947568,13.3686,,13.3686,,False,cross_sectional,10.0,-25.0,5.4,-9.6,0.5,True,True,cross_sectional_primary
20260724,NASDAQ,CME,Financial Services,fwd_pe,19.655153,15.3078,,15.3078,,False,cross_sectional,-2.5,2.5,-0.1,-0.1,0.9,False,True,cross_sectional_primary
20260724,NASDAQ,CMPR,Industrials,ev_ebitda,11.559,18.257,,18.257,,False,cross_sectional,10.0,9.8,-1.7,18.1,0.7,False,True,cross_sectional_primary
20260724,NASDAQ,COCO,Consumer Defensive,fwd_pe,30.831112,15.1717,56.3,15.1717,-73.1,True,cross_sectional,-2.5,50.0,-1.0,46.5,0.5,True,True,cross_sectional_primary
20260724,NASDAQ,COIN,Financial Services,fwd_pe,33.771297,15.3078,,15.3078,,False,cross_sectional,-2.5,50.0,-6.3,41.2,0.7,True,True,cross_sectional_primary
20260724,NASDAQ,COKE,Consumer Defensive,fwd_pe,4.5824347,15.1717,,15.1717,,False,cross_sectional,10.0,50.0,-0.0,60.0,0.9,True,True,cross_sectional_primary
20260724,NASDAQ,COO,Healthcare,fwd_pe,14.034661,18.3383,,18.3383,,False,cross_sectional,10.0,6.5,-0.2,16.3,0.7,False,True,cross_sectional_primary
20260724,NASDAQ,CORT,Healthcare,fwd_pe,30.143421,18.3383,,18.3383,,False,cross_sectional,-2.5,3.8,-3.6,-2.3,0.7,False,True,cross_sectional_primary
20260724,NASDAQ,COST,Consumer Defensive,fwd_pe,40.891914,15.1717,,15.1717,,False,cross_sectional,-2.5,45.5,-0.0,43.0,0.5,False,True,cross_sectional_primary
20260724,NASDAQ,CPB,Consumer Defensive,fwd_pe,10.9752655,15.1717,,15.1717,,False,cross_sectional,10.0,50.0,0.2,60.2,0.5,True,True,cross_sectional_primary
20260724,NASDAQ,CPRT,Industrials,ev_ebitda,10.755,18.257,,18.257,,False,cross_sectional,10.0,2.3,-0.6,11.7,0.9,False,True,cross_sectional_primary
20260724,NASDAQ,CRDO,Technology,fwd_pe,26.05811,21.4425,295.2,21.4425,-92.7,True,cross_sectional,-2.3,50.0,-10.0,37.7,0.9,True,False,cross_sectional_primary
20260724,NASDAQ,CROX,Consumer Cyclical,fwd_pe,9.108393,15.9096,,15.9096,,False,cross_sectional,10.0,-4.2,6.5,12.3,0.9,False,True,cross_sectional_primary
20260724,NASDAQ,CRUS,Technology,fwd_pe,14.133748,21.4425,,21.4425,,False,cross_sectional,10.0,19.9,2.9,32.8,0.9,False,True,cross_sectional_primary
20260724,NASDAQ,CRVL,Financial Services,price_fcf,27.293822910149345,22.102,,22.102,,False,cross_sectional,-2.5,18.9,0.7,17.1,0.9,False,True,cross_sectional_primary
20260724,NASDAQ,CRWD,Technology,fwd_pe,117.40909,21.4425,,21.4425,,False,cross_sectional,-2.5,21.4,-1.4,17.5,0.7,False,True,cross_sectional_primary
20260724,NASDAQ,CRWV,Technology,fwd_pe,,21.4425,,21.4425,,False,UNMEASURED,,46.9,-3.8,43.1,0.5,False,False,cross_sectional_primary
20260724,NASDAQ,CSCO,Technology,fwd_pe,23.530836,21.4425,,21.4425,,False,cross_sectional,0.0,37.1,1.3,38.4,0.5,False,False,cross_sectional_primary
20260724,NASDAQ,CTSH,Technology,fwd_pe,6.951931,21.4425,,21.4425,,False,cross_sectional,10.0,3.6,1.6,15.2,0.9,False,True,cross_sectional_primary
20260724,NASDAQ,CVCO,Consumer Cyclical,fwd_pe,19.119104,15.9096,,15.9096,,False,cross_sectional,-2.2,21.1,3.8,22.7,0.9,False,False,cross_sectional_primary
20260724,NASDAQ,CVLT,Technology,fwd_pe,23.445183,21.4425,,21.4425,,False,cross_sectional,0.0,-25.0,0.5,-24.5,0.5,True,False,cross_sectional_primary
20260724,NASDAQ,CWST,Industrials,ev_ebitda,16.842,18.257,,18.257,,False,cross_sectional,0.0,23.8,-7.2,16.6,0.7,False,False,cross_sectional_primary
20260724,NASDAQ,CZR,Consumer Cyclical,fwd_pe,35.42654,15.9096,,15.9096,,False,cross_sectional,-2.5,5.1,1.9,4.5,0.7,False,True,cross_sectional_primary
20260724,NASDAQ,DASH,Consumer Cyclical,fwd_pe,21.860733,15.9096,,15.9096,,False,cross_sectional,-2.5,-6.1,-5.8,-14.4,0.5,False,True,cross_sectional_primary
20260724,NASDAQ,DAVE,Technology,fwd_pe,19.201967,21.4425,,21.4425,,False,cross_sectional,5.7,50.0,-10.0,45.7,0.5,True,False,cross_sectional_primary
20260724,NASDAQ,DBX,Technology,fwd_pe,8.3481865,21.4425,,21.4425,,False,cross_sectional,10.0,-5.9,11.2,15.3,0.9,False,True,cross_sectional_primary
20260724,NASDAQ,DDOG,Technology,fwd_pe,84.728485,21.4425,,21.4425,,False,cross_sectional,-2.5,50.0,-1.9,45.6,0.5,True,True,cross_sectional_primary
20260724,NASDAQ,DGII,Technology,fwd_pe,23.500002,21.4425,,21.4425,,False,cross_sectional,0.0,3.6,-1.2,2.4,0.9,False,False,cross_sectional_primary
20260724,NASDAQ,DJT,Communication Services,price_fcf,173.57695528953937,22.102,,22.102,,False,cross_sectional,-2.5,4.9,-10.0,-7.6,0.7,False,True,cross_sectional_primary
20260724,NASDAQ,DKNG,Consumer Cyclical,fwd_pe,13.3957405,15.9096,,15.9096,,False,cross_sectional,9.0,50.0,-3.5,55.4,0.7,True,False,cross_sectional_primary
20260724,NASDAQ,DLO,Technology,fwd_pe,12.478951,21.4425,,21.4425,,False,cross_sectional,10.0,-6.7,0.2,3.5,0.9,False,True,cross_sectional_primary
20260724,NASDAQ,DLTR,Consumer Defensive,fwd_pe,15.326833,15.1717,,15.1717,,False,cross_sectional,0.0,9.5,3.1,12.6,0.9,False,False,cross_sectional_primary
20260724,NASDAQ,DOCU,Technology,fwd_pe,9.229375,21.4425,,21.4425,,False,cross_sectional,10.0,17.6,-0.0,27.6,0.9,False,True,cross_sectional_primary
20260724,NASDAQ,DORM,Consumer Cyclical,fwd_pe,14.102291,15.9096,,15.9096,,False,cross_sectional,6.2,-23.5,1.2,-16.0,0.5,False,False,cross_sectional_primary
20260724,NASDAQ,DPZ,Consumer Cyclical,fwd_pe,15.5017605,15.9096,,15.9096,,False,cross_sectional,0.0,7.7,1.7,9.4,0.9,False,False,cross_sectional_primary
20260724,NASDAQ,DRS,Industrials,ev_ebitda,27.685,18.257,,18.257,,False,cross_sectional,-2.5,22.0,-0.9,18.6,0.9,False,True,cross_sectional_primary
20260724,NASDAQ,DSGX,Technology,fwd_pe,20.212862,21.4425,,21.4425,,False,cross_sectional,0.0,34.1,-0.4,33.7,0.9,False,False,cross_sectional_primary
20260724,NASDAQ,DUOL,Technology,fwd_pe,15.378517,21.4425,,21.4425,,False,cross_sectional,10.0,23.6,-0.8,32.8,0.5,False,True,cross_sectional_primary
20260724,NASDAQ,DXCM,Healthcare,fwd_pe,22.90193,18.3383,,18.3383,,False,cross_sectional,-2.5,50.0,2.4,49.9,0.5,True,True,cross_sectional_primary
20260724,NASDAQ,DXPE,Industrials,ev_ebitda,15.229,18.257,,18.257,,False,cross_sectional,9.5,-2.0,3.5,10.9,0.9,False,False,cross_sectional_primary
20260724,NASDAQ,EA,Communication Services,fwd_pe,21.70567,13.3686,,13.3686,,False,cross_sectional,-2.5,50.0,3.6,51.1,0.5,True,True,cross_sectional_primary
20260724,NASDAQ,EBAY,Consumer Cyclical,fwd_pe,16.223965,15.9096,,15.9096,,False,cross_sectional,0.0,7.1,6.3,13.4,0.9,False,False,cross_sectional_primary
20260724,NASDAQ,EEFT,Technology,fwd_pe,6.358329,21.4425,,21.4425,,False,cross_sectional,10.0,-2.4,5.8,13.4,0.9,False,True,cross_sectional_primary
20260724,NASDAQ,ENLT,Utilities,ev_ebitda,39.799,13.77,,13.77,,False,cross_sectional,-2.5,-25.0,-3.5,-31.0,0.5,True,True,cross_sectional_primary
20260724,NASDAQ,ENSG,Healthcare,fwd_pe,20.110228,18.3383,,18.3383,,False,cross_sectional,0.0,21.9,-1.3,20.6,0.9,False,False,cross_sectional_primary
20260724,NASDAQ,EQPT,Industrials,ev_ebitda,25.319,18.257,,18.257,,False,cross_sectional,-2.5,50.0,0.0,47.5,0.7,True,True,cross_sectional_primary
20260724,NASDAQ,ESLT,Industrials,ev_ebitda,40.908,18.257,,18.257,,False,cross_sectional,-2.5,42.1,-2.6,37.0,0.5,False,True,cross_sectional_primary
20260724,NASDAQ,ETOR,Financial Services,fwd_pe,11.015138,15.3078,,15.3078,,False,cross_sectional,10.0,24.6,-7.8,26.8,0.9,False,True,cross_sectional_primary
20260724,NASDAQ,EVRG,Utilities,ev_ebitda,12.875,13.77,,13.77,,False,cross_sectional,0.0,18.5,-0.7,17.8,0.9,False,False,cross_sectional_primary
20260724,NASDAQ,EXC,Utilities,ev_ebitda,11.99,13.77,,13.77,,False,cross_sectional,7.2,-0.3,-1.2,5.7,0.9,False,False,cross_sectional_primary
20260724,NASDAQ,EXE,Energy,ev_ebitda,3.338,7.656,,7.656,,False,cross_sectional,10.0,-0.7,-10.0,-0.7,0.7,False,True,cross_sectional_primary
20260724,NASDAQ,EXEL,Healthcare,fwd_pe,13.742982,18.3383,,18.3383,,False,cross_sectional,10.0,43.6,6.4,60.0,0.5,False,True,cross_sectional_primary
20260724,NASDAQ,EXLS,Technology,fwd_pe,10.659265,21.4425,,21.4425,,False,cross_sectional,10.0,7.5,1.7,19.2,0.9,False,True,cross_sectional_primary
20260724,NASDAQ,EXPE,Consumer Cyclical,fwd_pe,11.213857,15.9096,,15.9096,,False,cross_sectional,10.0,12.2,6.3,28.5,0.7,False,True,cross_sectional_primary
20260724,NASDAQ,EXTR,Technology,fwd_pe,22.75284,21.4425,,21.4425,,False,cross_sectional,0.0,50.0,0.5,50.5,0.5,True,False,cross_sectional_primary
20260724,NASDAQ,FA,Industrials,ev_ebitda,12.704,18.257,,18.257,,False,cross_sectional,10.0,13.3,-8.8,14.4,0.7,False,True,cross_sectional_primary
20260724,NASDAQ,FANG,Energy,ev_ebitda,7.656,7.656,,7.656,,False,cross_sectional,0.0,-25.0,-10.0,-35.0,0.5,True,False,cross_sectional_primary
20260724,NASDAQ,FAST,Industrials,ev_ebitda,27.213,18.257,,18.257,,False,cross_sectional,-2.5,14.6,-0.2,11.9,0.9,False,True,cross_sectional_primary
20260724,NASDAQ,FCFS,Financial Services,fwd_pe,15.307848,15.3078,,15.3078,,False,cross_sectional,0.0,29.9,1.3,31.2,0.9,False,False,cross_sectional_primary
20260724,NASDAQ,FELE,Industrials,ev_ebitda,14.101,18.257,,18.257,,False,cross_sectional,10.0,14.9,1.4,26.3,0.9,False,True,cross_sectional_primary
20260724,NASDAQ,FER,Industrials,ev_ebitda,36.968,18.257,,18.257,,False,cross_sectional,-2.5,-25.0,0.7,-26.8,0.5,True,True,cross_sectional_primary
20260724,NASDAQ,FFIV,Technology,fwd_pe,21.947817,21.4425,,21.4425,,False,cross_sectional,0.0,4.0,1.3,5.3,0.9,False,False,cross_sectional_primary
20260724,NASDAQ,FIGR,Financial Services,fwd_pe,20.737589,15.3078,,15.3078,,False,cross_sectional,-2.5,9.5,15.0,22.0,0.7,False,True,cross_sectional_primary
20260724,NASDAQ,FISV,,fwd_pe,5.5925136,19.0246,,19.0246,,False,cross_sectional,10.0,8.1,5.6,23.7,0.7,False,True,cross_sectional_primary
20260724,NASDAQ,FIVE,Consumer Cyclical,fwd_pe,20.61821,15.9096,,15.9096,,False,cross_sectional,-2.5,50.0,0.2,47.7,0.5,True,True,cross_sectional_primary
20260724,NASDAQ,FIZZ,Consumer Defensive,fwd_pe,14.868676,15.1717,,15.1717,,False,cross_sectional,0.0,-8.5,-0.0,-8.5,0.9,False,False,cross_sectional_primary
20260724,NASDAQ,FORM,Technology,fwd_pe,40.39409,21.4425,,21.4425,,False,cross_sectional,-2.5,50.0,-0.1,47.4,0.5,True,True,cross_sectional_primary
20260724,NASDAQ,FROG,Technology,fwd_pe,72.52586,21.4425,,21.4425,,False,cross_sectional,-2.5,14.0,-6.1,5.4,0.7,False,True,cross_sectional_primary
20260724,NASDAQ,FRPT,Consumer Defensive,fwd_pe,31.42122,15.1717,,15.1717,,False,cross_sectional,-2.5,5.7,-7.9,-4.7,0.5,False,True,cross_sectional_primary
20260724,NASDAQ,FRSH,Technology,fwd_pe,12.266627,21.4425,,21.4425,,False,cross_sectional,10.0,22.4,-0.1,32.3,0.7,False,True,cross_sectional_primary
20260724,NASDAQ,FSLR,Technology,fwd_pe,8.788822,21.4425,,21.4425,,False,cross_sectional,10.0,50.0,-0.1,59.9,0.5,True,True,cross_sectional_primary
20260724,NASDAQ,FSLY,Technology,fwd_pe,49.08673,21.4425,,21.4425,,False,cross_sectional,-2.5,17.1,-6.8,7.8,0.7,False,True,cross_sectional_primary
20260724,NASDAQ,FTDR,Consumer Cyclical,fwd_pe,13.958415,15.9096,,15.9096,,False,cross_sectional,6.8,16.3,4.0,27.1,0.9,False,False,cross_sectional_primary
20260724,NASDAQ,FTNT,Technology,fwd_pe,44.187454,21.4425,,21.4425,,False,cross_sectional,-2.5,28.6,1.5,27.6,0.5,False,True,cross_sectional_primary
20260724,NASDAQ,FUTU,Financial Services,fwd_pe,8.094244,15.3078,,15.3078,,False,cross_sectional,10.0,-25.0,-0.5,-15.5,0.5,True,True,cross_sectional_primary
20260724,NASDAQ,FWONA,Communication Services,fwd_pe,36.035194,13.3686,,13.3686,,False,cross_sectional,-2.5,-25.0,-4.9,-32.4,0.5,True,True,cross_sectional_primary
20260724,NASDAQ,FWONK,Communication Services,fwd_pe,45.227406,13.3686,,13.3686,,False,cross_sectional,-2.5,-25.0,-4.9,-32.4,0.5,True,True,cross_sectional_primary
20260724,NASDAQ,GDS,Technology,fwd_pe,,21.4425,,21.4425,,False,UNMEASURED,,50.0,-5.8,44.2,0.7,True,False,cross_sectional_primary
20260724,NASDAQ,GEHC,Healthcare,fwd_pe,11.560856,18.3383,,18.3383,,False,cross_sectional,10.0,-25.0,0.0,-15.0,0.5,True,True,cross_sectional_primary
20260724,NASDAQ,GEN,Technology,fwd_pe,7.6275954,21.4425,,21.4425,,False,cross_sectional,10.0,50.0,0.0,60.0,0.5,True,True,cross_sectional_primary
20260724,NASDAQ,GILD,Healthcare,fwd_pe,13.587134,18.3383,,18.3383,,False,cross_sectional,10.0,50.0,0.1,60.1,0.5,True,True,cross_sectional_primary
20260724,NASDAQ,GLBE,Consumer Cyclical,fwd_pe,17.950052,15.9096,,15.9096,,False,cross_sectional,-1.5,22.5,-3.5,17.5,0.7,False,False,cross_sectional_primary
20260724,NASDAQ,GLNG,Energy,ev_ebitda,26.442,7.656,,7.656,,False,cross_sectional,-2.5,50.0,2.5,50.0,0.5,True,True,cross_sectional_primary
20260724,NASDAQ,GMAB,Healthcare,fwd_pe,15.515958,18.3383,,18.3383,,False,cross_sectional,8.7,-25.0,2.5,-13.8,0.5,True,False,cross_sectional_primary
20260724,NASDAQ,GNTX,Consumer Cyclical,fwd_pe,10.740023,15.9096,,15.9096,,False,cross_sectional,10.0,9.5,2.5,22.0,0.9,False,True,cross_sectional_primary
20260724,NASDAQ,GOOG,Communication Services,fwd_pe,21.51299,13.3686,,13.3686,,False,cross_sectional,-2.5,50.0,2.0,49.5,0.5,True,True,cross_sectional_primary
20260724,NASDAQ,GOOGL,Communication Services,fwd_pe,21.51217,13.3686,,13.3686,,False,cross_sectional,-2.5,50.0,2.0,49.5,0.5,True,True,cross_sectional_primary
20260724,NASDAQ,GOOGM,,fwd_pe,,19.0246,,19.0246,,False,UNMEASURED,,0.0,0.0,0.0,0.0,False,False,cross_sectional_primary
20260724,NASDAQ,GOOGN,,fwd_pe,,19.0246,,19.0246,,False,UNMEASURED,,0.0,0.0,0.0,0.0,False,False,cross_sectional_primary
20260724,NASDAQ,GRAB,Technology,fwd_pe,23.939064,21.4425,,21.4425,,False,cross_sectional,-1.3,50.0,-3.9,44.7,0.7,True,False,cross_sectional_primary
20260724,NASDAQ,GRFS,Healthcare,fwd_pe,5.220161,18.3383,,18.3383,,False,cross_sectional,10.0,28.8,-0.1,38.7,0.7,False,True,cross_sectional_primary
20260724,NASDAQ,GSAT,Communication Services,price_fcf,19.85916874498594,22.102,,22.102,,False,cross_sectional,5.5,-25.0,-1.8,-21.3,0.5,True,False,cross_sectional_primary
20260724,NASDAQ,GTLB,Technology,fwd_pe,29.361183,21.4425,,21.4425,,False,cross_sectional,-2.5,21.4,-4.0,14.9,0.7,False,True,cross_sectional_primary
20260724,NASDAQ,HON,Industrials,ev_ebitda,11.759,18.257,,18.257,,False,cross_sectional,10.0,-25.0,1.9,-13.1,0.9,True,True,cross_sectional_primary
20260724,NASDAQ,HONA,Industrials,price_fcf,19.393622053108405,22.102,,22.102,,False,cross_sectional,6.8,10.0,0.0,16.8,0.7,False,False,cross_sectional_primary
20260724,NASDAQ,HOOD,Financial Services,fwd_pe,33.03189,15.3078,,15.3078,,False,cross_sectional,-2.5,2.7,-1.6,-1.4,0.9,False,True,cross_sectional_primary
20260724,NASDAQ,HQY,Healthcare,fwd_pe,17.317535,18.3383,,18.3383,,False,cross_sectional,0.0,34.4,-0.3,34.1,0.9,False,False,cross_sectional_primary
20260724,NASDAQ,HRMY,Healthcare,fwd_pe,5.947249,18.3383,,18.3383,,False,cross_sectional,10.0,-25.0,1.5,-13.5,0.5,True,True,cross_sectional_primary
20260724,NASDAQ,HSIC,Healthcare,fwd_pe,14.308832,18.3383,,18.3383,,False,cross_sectional,10.0,4.5,3.9,18.4,0.9,False,True,cross_sectional_primary
20260724,NASDAQ,HTHT,Consumer Cyclical,fwd_pe,12.719741,15.9096,,15.9096,,False,cross_sectional,10.0,-7.1,1.6,4.5,0.9,False,True,cross_sectional_primary
20260724,NASDAQ,HTO,Utilities,ev_ebitda,14.002,13.77,,13.77,,False,cross_sectional,0.0,0.0,-5.3,-5.3,0.9,False,False,cross_sectional_primary
20260724,NASDAQ,HWKN,Basic Materials,ev_ebitda,9.309,16.93,,16.93,,False,cross_sectional,10.0,8.2,0.2,18.4,0.9,False,True,cross_sectional_primary
20260724,NASDAQ,IBKR,Financial Services,fwd_pe,28.95569,15.3078,,15.3078,,False,cross_sectional,-2.5,36.9,-2.3,32.1,0.9,False,True,cross_sectional_primary
20260724,NASDAQ,ICLR,Healthcare,fwd_pe,14.351621,18.3383,,18.3383,,False,cross_sectional,10.0,-25.0,2.2,-12.8,0.9,True,True,cross_sectional_primary
20260724,NASDAQ,IDCC,Technology,fwd_pe,22.776072,21.4425,,21.4425,,False,cross_sectional,0.0,-25.0,-10.0,-35.0,0.5,True,False,cross_sectional_primary
20260724,NASDAQ,IDXX,Healthcare,fwd_pe,32.655575,18.3383,,18.3383,,False,cross_sectional,-2.5,17.2,1.8,16.5,0.9,False,True,cross_sectional_primary
20260724,NASDAQ,IESC,Industrials,ev_ebitda,27.239,18.257,,18.257,,False,cross_sectional,-2.5,50.0,0.6,48.1,0.5,True,True,cross_sectional_primary
20260724,NASDAQ,IMOS,Technology,fwd_pe,59.188118,21.4425,,21.4425,,False,cross_sectional,-2.5,50.0,1.5,49.0,0.9,True,True,cross_sectional_primary
20260724,NASDAQ,INCY,Healthcare,fwd_pe,13.192764,18.3383,,18.3383,,False,cross_sectional,10.0,50.0,5.7,65.7,0.5,True,True,cross_sectional_primary
20260724,NASDAQ,INIO,Industrials,ev_ebitda,46.547,18.257,,18.257,,False,cross_sectional,-2.5,50.0,0.0,47.5,0.7,True,True,cross_sectional_primary
20260724,NASDAQ,INTA,Technology,fwd_pe,16.985426,21.4425,,21.4425,,False,cross_sectional,10.0,20.6,-10.0,20.6,0.7,False,True,cross_sectional_primary
20260724,NASDAQ,INTU,Technology,fwd_pe,10.301002,21.4425,,21.4425,,False,cross_sectional,10.0,10.7,0.0,20.7,0.9,False,True,cross_sectional_primary
20260724,NASDAQ,IPAR,Consumer Defensive,fwd_pe,21.4452,15.1717,,15.1717,,False,cross_sectional,-2.5,2.3,0.0,-0.2,0.9,False,True,cross_sectional_primary
20260724,NASDAQ,IRDM,Communication Services,fwd_pe,30.247618,13.3686,,13.3686,,False,cross_sectional,-2.5,-25.0,8.4,-19.1,0.9,True,True,cross_sectional_primary
20260724,NASDAQ,IREN,Financial Services,fwd_pe,,15.3078,,15.3078,,False,UNMEASURED,,43.4,-10.0,33.4,0.5,False,False,cross_sectional_primary
20260724,NASDAQ,IRTC,Healthcare,fwd_pe,99.56262,18.3383,,18.3383,,False,cross_sectional,-2.5,6.1,-2.4,1.2,0.5,False,True,cross_sectional_primary
20260724,NASDAQ,ISRG,Healthcare,fwd_pe,27.623352,18.3383,,18.3383,,False,cross_sectional,-2.5,26.5,-0.7,23.3,0.9,False,True,cross_sectional_primary
20260724,NASDAQ,ITRI,Technology,fwd_pe,12.799944,21.4425,,21.4425,,False,cross_sectional,10.0,-16.9,-0.5,-7.4,0.5,False,True,cross_sectional_primary
20260724,NASDAQ,JAZZ,Healthcare,fwd_pe,9.908245,18.3383,,18.3383,,False,cross_sectional,10.0,1.3,8.0,19.3,0.7,False,True,cross_sectional_primary
20260724,NASDAQ,JD,Consumer Cyclical,fwd_pe,7.0839868,15.9096,,15.9096,,False,cross_sectional,10.0,-25.0,3.1,-11.9,0.5,True,True,cross_sectional_primary
20260724,NASDAQ,JKHY,Technology,fwd_pe,20.8742,21.4425,,21.4425,,False,cross_sectional,0.0,12.5,0.0,12.5,0.9,False,False,cross_sectional_primary
20260724,NASDAQ,KC,Technology,fwd_pe,,21.4425,,21.4425,,False,UNMEASURED,,50.0,-10.0,40.0,0.5,True,False,cross_sectional_primary
20260724,NASDAQ,KDP,Consumer Defensive,fwd_pe,11.736783,15.1717,,15.1717,,False,cross_sectional,10.0,-25.0,1.6,-13.4,0.9,True,True,cross_sectional_primary
20260724,NASDAQ,KLAC,Technology,fwd_pe,42.62621,21.4425,23.4,21.4425,-8.4,False,cross_sectional,-2.5,11.8,2.3,11.6,0.5,False,True,cross_sectional_primary
20260724,NASDAQ,KNSA,Healthcare,fwd_pe,37.033775,18.3383,,18.3383,,False,cross_sectional,-2.5,50.0,-4.8,42.7,0.5,True,True,cross_sectional_primary
20260724,NASDAQ,KSPI,Technology,fwd_pe,0.01249368,21.4425,,21.4425,,False,cross_sectional,10.0,-1.0,0.0,9.0,0.9,False,True,cross_sectional_primary
20260724,NASDAQ,KYIV,Communication Services,fwd_pe,0.21791117,13.3686,,13.3686,,False,cross_sectional,10.0,50.0,3.3,63.3,0.5,True,True,cross_sectional_primary
20260724,NASDAQ,LASR,Technology,fwd_pe,108.0585,21.4425,,21.4425,,False,cross_sectional,-2.5,23.0,-4.1,16.4,0.7,False,True,cross_sectional_primary
20260724,NASDAQ,LAUR,Consumer Defensive,fwd_pe,14.937922,15.1717,,15.1717,,False,cross_sectional,0.0,13.0,3.0,15.9,0.7,False,False,cross_sectional_primary
20260724,NASDAQ,LBTYA,Communication Services,fwd_pe,,13.3686,,13.3686,,False,UNMEASURED,,1.4,10.3,11.8,0.5,False,False,cross_sectional_primary
20260724,NASDAQ,LBTYB,Communication Services,fwd_pe,,13.3686,,13.3686,,False,UNMEASURED,,7.0,10.3,17.4,0.5,False,False,cross_sectional_primary
20260724,NASDAQ,LBTYK,Communication Services,fwd_pe,,13.3686,,13.3686,,False,UNMEASURED,,7.0,10.3,17.4,0.5,False,False,cross_sectional_primary
20260724,NASDAQ,LECO,Industrials,ev_ebitda,17.547,18.257,,18.257,,False,cross_sectional,0.0,17.6,2.0,19.6,0.9,False,False,cross_sectional_primary
20260724,NASDAQ,LFST,Healthcare,fwd_pe,27.575829,18.3383,,18.3383,,False,cross_sectional,-2.5,50.0,-3.2,44.3,0.5,True,True,cross_sectional_primary
20260724,NASDAQ,LFTO,Communication Services,fwd_pe,18.346659,13.3686,,13.3686,,False,cross_sectional,-2.5,50.0,0.3,47.8,0.9,True,True,cross_sectional_primary
20260724,NASDAQ,LGN,Industrials,ev_ebitda,29.86,18.257,,18.257,,False,cross_sectional,-2.5,17.2,15.0,29.7,0.7,False,True,cross_sectional_primary
20260724,NASDAQ,LGND,Healthcare,fwd_pe,25.54322,18.3383,,18.3383,,False,cross_sectional,-2.5,23.0,-6.9,13.6,0.7,False,True,cross_sectional_primary
20260724,NASDAQ,LI,Consumer Cyclical,fwd_pe,12.0315695,15.9096,,15.9096,,False,cross_sectional,10.0,15.2,-0.6,24.6,0.7,False,True,cross_sectional_primary
20260724,NASDAQ,LIF,Technology,fwd_pe,29.721737,21.4425,,21.4425,,False,cross_sectional,-2.5,-25.0,-10.0,-37.5,0.5,True,True,cross_sectional_primary
20260724,NASDAQ,LIN,Basic Materials,ev_ebitda,18.992,16.93,,16.93,,False,cross_sectional,-1.4,13.4,2.0,14.0,0.9,False,False,cross_sectional_primary
20260724,NASDAQ,LIVN,Healthcare,fwd_pe,16.9662,18.3383,,18.3383,,False,cross_sectional,0.0,7.2,-0.3,6.9,0.7,False,False,cross_sectional_primary
20260724,NASDAQ,LKQ,Consumer Cyclical,fwd_pe,7.4664807,15.9096,,15.9096,,False,cross_sectional,10.0,-25.0,2.0,-13.0,0.5,True,True,cross_sectional_primary
20260724,NASDAQ,LMAT,Healthcare,fwd_pe,29.945692,18.3383,,18.3383,,False,cross_sectional,-2.5,41.7,-1.1,38.1,0.9,False,True,cross_sectional_primary
20260724,NASDAQ,LNT,Utilities,ev_ebitda,16.673,13.77,,13.77,,False,cross_sectional,-2.3,4.9,-0.9,1.7,0.9,False,False,cross_sectional_primary
20260724,NASDAQ,LNTH,Healthcare,fwd_pe,16.466543,18.3383,,18.3383,,False,cross_sectional,5.5,50.0,1.3,56.8,0.5,True,False,cross_sectional_primary
20260724,NASDAQ,LOGI,Technology,fwd_pe,16.676607,21.4425,,21.4425,,False,cross_sectional,10.0,3.1,3.2,16.3,0.9,False,True,cross_sectional_primary
20260724,NASDAQ,LOPE,Consumer Defensive,fwd_pe,12.470294,15.1717,,15.1717,,False,cross_sectional,10.0,11.1,3.6,24.7,0.9,False,True,cross_sectional_primary
20260724,NASDAQ,LRCX,Technology,fwd_pe,39.247356,21.4425,,21.4425,,False,cross_sectional,-2.5,40.8,2.5,40.8,0.5,False,True,cross_sectional_primary
20260724,NASDAQ,LULU,Consumer Cyclical,fwd_pe,9.81509,15.9096,,15.9096,,False,cross_sectional,10.0,-25.0,3.2,-11.8,0.9,True,True,cross_sectional_primary
20260724,NASDAQ,LYFT,Technology,fwd_pe,6.7121806,21.4425,,21.4425,,False,cross_sectional,10.0,50.0,-4.1,55.9,0.5,True,True,cross_sectional_primary
20260724,NASDAQ,MANH,Technology,fwd_pe,24.703003,21.4425,,21.4425,,False,cross_sectional,-1.7,-3.5,1.2,-4.0,0.9,False,False,cross_sectional_primary
20260724,NASDAQ,MAR,Consumer Cyclical,fwd_pe,27.798454,15.9096,,15.9096,,False,cross_sectional,-2.5,1.7,5.0,4.2,0.9,False,True,cross_sectional_primary
20260724,NASDAQ,MBLY,Consumer Cyclical,fwd_pe,19.578035,15.9096,,15.9096,,False,cross_sectional,-2.5,19.6,-0.5,16.6,0.5,False,False,cross_sectional_primary
20260724,NASDAQ,MCRI,Consumer Cyclical,fwd_pe,17.283539,15.9096,,15.9096,,False,cross_sectional,0.0,23.6,2.5,26.1,0.9,False,False,cross_sectional_primary
20260724,NASDAQ,MDB,Technology,fwd_pe,40.764267,21.4425,,21.4425,,False,cross_sectional,-2.5,15.8,-6.8,6.5,0.7,False,True,cross_sectional_primary
20260724,NASDAQ,MDLZ,Consumer Defensive,fwd_pe,17.811539,15.1717,,15.1717,,False,cross_sectional,-1.9,41.3,2.7,42.0,0.5,False,False,cross_sectional_primary
20260724,NASDAQ,MEDP,Healthcare,fwd_pe,32.2549,18.3383,,18.3383,,False,cross_sectional,-2.5,37.1,3.7,38.3,0.5,False,True,cross_sectional_primary
20260724,NASDAQ,MELI,Consumer Cyclical,fwd_pe,30.82113,15.9096,,15.9096,,False,cross_sectional,-2.5,-15.6,0.3,-17.8,0.5,False,True,cross_sectional_primary
20260724,NASDAQ,META,Communication Services,fwd_pe,16.375778,13.3686,,13.3686,,False,cross_sectional,-2.4,50.0,1.1,48.6,0.5,True,False,cross_sectional_primary
20260724,NASDAQ,MFP,Industrials,ev_ebitda,16.107,18.257,,18.257,,False,cross_sectional,6.5,12.2,-10.0,8.7,0.7,False,False,cross_sectional_primary
20260724,NASDAQ,MGEE,Utilities,ev_ebitda,13.737,13.77,,13.77,,False,cross_sectional,0.0,15.9,-0.5,15.4,0.9,False,False,cross_sectional_primary
20260724,NASDAQ,MGNI,Communication Services,fwd_pe,14.498383,13.3686,,13.3686,,False,cross_sectional,0.0,9.4,-6.1,3.3,0.7,False,False,cross_sectional_primary
20260724,NASDAQ,MGRC,Industrials,ev_ebitda,13.237,18.257,,18.257,,False,cross_sectional,10.0,-4.3,-0.2,5.5,0.9,False,True,cross_sectional_primary
20260724,NASDAQ,MKSI,Technology,fwd_pe,22.68448,21.4425,,21.4425,,False,cross_sectional,0.0,50.0,-0.7,49.3,0.5,True,False,cross_sectional_primary
20260724,NASDAQ,MKTX,Financial Services,fwd_pe,13.08543,15.3078,,15.3078,,False,cross_sectional,8.2,50.0,0.7,58.8,0.5,True,False,cross_sectional_primary
20260724,NASDAQ,MLCO,Consumer Cyclical,fwd_pe,6.808625,15.9096,,15.9096,,False,cross_sectional,10.0,50.0,4.4,64.4,0.5,True,True,cross_sectional_primary
20260724,NASDAQ,MMSI,Healthcare,fwd_pe,16.614662,18.3383,,18.3383,,False,cross_sectional,5.1,38.8,-1.8,42.1,0.5,False,False,cross_sectional_primary
20260724,NASDAQ,MMYT,Consumer Cyclical,fwd_pe,21.372461,15.9096,,15.9096,,False,cross_sectional,-2.5,-25.0,-2.2,-29.7,0.5,True,True,cross_sectional_primary
20260724,NASDAQ,MNDY,Technology,fwd_pe,12.909053,21.4425,,21.4425,,False,cross_sectional,10.0,9.6,-4.8,14.8,0.9,False,True,cross_sectional_primary
20260724,NASDAQ,MNST,Consumer Defensive,fwd_pe,36.047836,15.1717,38.6,15.1717,-60.7,True,cross_sectional,-2.5,28.9,3.5,29.9,0.5,False,True,cross_sectional_primary
20260724,NASDAQ,MORN,Financial Services,fwd_pe,12.453228,15.3078,,15.3078,,False,cross_sectional,10.0,50.0,0.8,60.8,0.5,False,True,cross_sectional_primary
20260724,NASDAQ,MPWR,Technology,fwd_pe,45.672497,21.4425,,21.4425,,False,cross_sectional,-2.5,39.5,0.5,37.5,0.9,False,True,cross_sectional_primary
20260724,NASDAQ,MRVL,Technology,fwd_pe,33.53982,21.4425,,21.4425,,False,cross_sectional,-2.5,-25.0,-0.5,-28.0,0.5,True,True,cross_sectional_primary
20260724,NASDAQ,MRX,Financial Services,fwd_pe,11.03617,15.3078,,15.3078,,False,cross_sectional,10.0,50.0,-0.6,59.4,0.5,True,True,cross_sectional_primary
20260724,NASDAQ,MSFT,Technology,fwd_pe,19.690578,21.4425,,21.4425,,False,cross_sectional,0.0,23.4,0.0,23.4,0.9,False,False,cross_sectional_primary
20260724,NASDAQ,MTCH,Communication Services,fwd_pe,8.915376,13.3686,,13.3686,,False,cross_sectional,10.0,50.0,5.4,65.4,0.5,True,True,cross_sectional_primary
20260724,NASDAQ,MTSI,Technology,fwd_pe,40.78925,21.4425,,21.4425,,False,cross_sectional,-2.5,42.9,-1.7,38.7,0.9,False,True,cross_sectional_primary
20260724,NASDAQ,MU,Technology,fwd_pe,6.440829,21.4425,54.6,21.4425,-60.7,True,cross_sectional,10.0,50.0,-1.5,58.5,0.5,True,True,cross_sectional_primary
20260724,NASDAQ,MWH,Utilities,ev_ebitda,12.19,13.77,,13.77,,False,cross_sectional,6.3,13.9,0.0,20.2,0.7,False,False,cross_sectional_primary
20260724,NASDAQ,MYRG,Industrials,ev_ebitda,23.888,18.257,,18.257,,False,cross_sectional,-2.5,50.0,3.3,50.8,0.5,True,True,cross_sectional_primary
20260724,NASDAQ,MZTI,Consumer Defensive,fwd_pe,14.761707,15.1717,,15.1717,,False,cross_sectional,0.0,-9.4,-0.0,-9.4,0.5,False,False,cross_sectional_primary
20260724,NASDAQ,NBIS,Communication Services,fwd_pe,,13.3686,,13.3686,,False,UNMEASURED,,36.2,15.0,51.2,0.5,False,False,cross_sectional_primary
20260724,NASDAQ,NBIX,Healthcare,fwd_pe,13.756978,18.3383,,18.3383,,False,cross_sectional,10.0,50.0,-0.7,59.3,0.5,True,True,cross_sectional_primary
20260724,NASDAQ,NDAQ,Financial Services,fwd_pe,19.835604,15.3078,,15.3078,,False,cross_sectional,-2.5,33.8,-6.7,24.6,0.9,False,True,cross_sectional_primary
20260724,NASDAQ,NDSN,Industrials,ev_ebitda,19.914,18.257,,18.257,,False,cross_sectional,0.0,6.1,0.6,6.7,0.9,False,False,cross_sectional_primary
20260724,NASDAQ,NEOG,Healthcare,fwd_pe,32.03333,18.3383,,18.3383,,False,cross_sectional,-2.5,-15.1,-0.2,-17.8,0.5,False,True,cross_sectional_primary
20260724,NASDAQ,NESR,Energy,ev_ebitda,12.058,7.656,,7.656,,False,cross_sectional,-2.5,50.0,-2.3,45.2,0.5,True,True,cross_sectional_primary
20260724,NASDAQ,NFLX,Communication Services,fwd_pe,18.066475,13.3686,,13.3686,,False,cross_sectional,-2.5,11.1,1.7,10.3,0.9,False,True,cross_sectional_primary
20260724,NASDAQ,NICE,Technology,fwd_pe,6.871476,21.4425,,21.4425,,False,cross_sectional,10.0,-25.0,2.2,-12.8,0.5,True,True,cross_sectional_primary
20260724,NASDAQ,NOVT,Technology,fwd_pe,34.57605,21.4425,,21.4425,,False,cross_sectional,-2.5,-13.4,-0.9,-16.8,0.5,False,True,cross_sectional_primary
20260724,NASDAQ,NOVTU,Technology,fwd_pe,,21.4425,,21.4425,,False,UNMEASURED,,-13.4,0.0,-13.4,0.5,False,False,cross_sectional_primary
20260724,NASDAQ,NTAP,Technology,fwd_pe,16.734564,21.4425,,21.4425,,False,cross_sectional,10.0,23.4,2.9,36.3,0.5,False,True,cross_sectional_primary
20260724,NASDAQ,NTES,Communication Services,fwd_pe,11.367286,13.3686,,13.3686,,False,cross_sectional,8.4,3.1,0.5,12.1,0.9,False,False,cross_sectional_primary
20260724,NASDAQ,NTNX,Technology,fwd_pe,24.0119,21.4425,,21.4425,,False,cross_sectional,-1.4,17.2,-10.0,5.8,0.9,False,False,cross_sectional_primary
20260724,NASDAQ,NTRA,Healthcare,fwd_pe,,18.3383,,18.3383,,False,UNMEASURED,,50.0,-9.0,41.0,0.5,True,False,cross_sectional_primary
20260724,NASDAQ,NTSK,Technology,fwd_pe,,21.4425,,21.4425,,False,UNMEASURED,,50.0,15.0,65.0,0.5,True,False,cross_sectional_primary
20260724,NASDAQ,NVDA,Technology,fwd_pe,16.22189,21.4425,,21.4425,,False,cross_sectional,10.0,50.0,0.9,60.9,0.5,True,True,cross_sectional_primary
20260724,NASDAQ,NVMI,Technology,fwd_pe,35.12191,21.4425,,21.4425,,False,cross_sectional,-2.5,0.5,-1.1,-3.1,0.9,False,True,cross_sectional_primary
20260724,NASDAQ,NWE,Utilities,ev_ebitda,13.67,13.77,,13.77,,False,cross_sectional,0.0,-17.6,-1.0,-18.6,0.9,False,False,cross_sectional_primary
20260724,NASDAQ,NXT,Technology,fwd_pe,17.6456,21.4425,,21.4425,,False,cross_sectional,10.0,-7.1,-1.2,1.7,0.9,False,True,cross_sectional_primary
20260724,NASDAQ,NYAX,Technology,fwd_pe,50.19148,21.4425,,21.4425,,False,cross_sectional,-2.5,-25.0,-5.6,-33.1,0.5,True,True,cross_sectional_primary
20260724,NASDAQ,OCTV,Technology,fwd_pe,10.685013,21.4425,,21.4425,,False,cross_sectional,10.0,-20.3,0.0,-10.3,0.5,False,True,cross_sectional_primary
20260724,NASDAQ,OKTA,Technology,fwd_pe,31.78889,21.4425,,21.4425,,False,cross_sectional,-2.5,21.2,-4.7,14.0,0.9,False,True,cross_sectional_primary
20260724,NASDAQ,OLED,Technology,fwd_pe,16.125265,21.4425,,21.4425,,False,cross_sectional,10.0,-25.0,-0.0,-15.0,0.5,True,True,cross_sectional_primary
20260724,NASDAQ,OLLI,Consumer Defensive,fwd_pe,12.881672,15.1717,,15.1717,,False,cross_sectional,8.5,19.5,0.2,28.3,0.9,False,False,cross_sectional_primary
20260724,NASDAQ,OMAB,Industrials,ev_ebitda,1.548,18.257,,18.257,,False,cross_sectional,10.0,-4.2,0.0,5.8,0.9,False,True,cross_sectional_primary
20260724,NASDAQ,ONC,Healthcare,fwd_pe,33.749664,18.3383,,18.3383,,False,cross_sectional,-2.5,50.0,-4.2,43.3,0.5,True,True,cross_sectional_primary
20260724,NASDAQ,OPCH,Healthcare,fwd_pe,10.316746,18.3383,,18.3383,,False,cross_sectional,10.0,3.4,4.8,18.2,0.9,False,True,cross_sectional_primary
20260724,NASDAQ,ORLY,Consumer Cyclical,fwd_pe,23.7938,15.9096,,15.9096,,False,cross_sectional,-2.5,16.1,3.3,16.9,0.9,False,True,cross_sectional_primary
20260724,NASDAQ,OSIS,Technology,fwd_pe,18.776361,21.4425,,21.4425,,False,cross_sectional,6.9,-2.9,0.0,4.0,0.9,False,False,cross_sectional_primary
20260724,NASDAQ,OSW,Consumer Cyclical,fwd_pe,19.88941,15.9096,,15.9096,,False,cross_sectional,-2.5,43.3,-2.9,37.9,0.5,False,True,cross_sectional_primary
20260724,NASDAQ,OTEX,Technology,fwd_pe,4.8090887,21.4425,,21.4425,,False,cross_sectional,10.0,50.0,-0.1,59.9,0.5,True,True,cross_sectional_primary
20260724,NASDAQ,PANW,Technology,fwd_pe,78.940994,21.4425,,21.4425,,False,cross_sectional,-2.5,7.4,-1.8,3.2,0.7,False,True,cross_sectional_primary
20260724,NASDAQ,PAYP,Technology,fwd_pe,20.729979,21.4425,,21.4425,,False,cross_sectional,0.0,18.0,0.0,18.0,0.9,False,False,cross_sectional_primary
20260724,NASDAQ,PAYX,Technology,fwd_pe,17.323648,21.4425,,21.4425,,False,cross_sectional,10.0,43.4,0.3,53.7,0.5,False,True,cross_sectional_primary
20260724,NASDAQ,PCTY,Technology,fwd_pe,13.883212,21.4425,,21.4425,,False,cross_sectional,10.0,27.3,-0.5,36.8,0.9,False,True,cross_sectional_primary
20260724,NASDAQ,PDD,Consumer Cyclical,fwd_pe,6.8312073,15.9096,,15.9096,,False,cross_sectional,10.0,-14.9,-0.8,-5.7,0.5,False,True,cross_sectional_primary
20260724,NASDAQ,PDFS,Technology,fwd_pe,33.719807,21.4425,,21.4425,,False,cross_sectional,-2.5,19.6,-0.5,16.6,0.7,False,True,cross_sectional_primary
20260724,NASDAQ,PEGA,Technology,fwd_pe,9.867823,21.4425,,21.4425,,False,cross_sectional,10.0,-25.0,-4.3,-19.3,0.5,True,True,cross_sectional_primary
20260724,NASDAQ,PENN,Consumer Cyclical,fwd_pe,13.606218,15.9096,,15.9096,,False,cross_sectional,8.1,49.0,2.5,59.6,0.5,False,False,cross_sectional_primary
20260724,NASDAQ,PEP,Consumer Defensive,fwd_pe,15.016635,15.1717,,15.1717,,False,cross_sectional,0.0,50.0,0.4,50.4,0.5,True,False,cross_sectional_primary
20260724,NASDAQ,PGNY,Healthcare,fwd_pe,13.657859,18.3383,,18.3383,,False,cross_sectional,10.0,50.0,5.5,65.5,0.5,True,True,cross_sectional_primary
20260724,NASDAQ,PI,Technology,fwd_pe,45.012814,21.4425,,21.4425,,False,cross_sectional,-2.5,39.4,-4.6,32.3,0.7,False,True,cross_sectional_primary
20260724,NASDAQ,PLTR,Technology,fwd_pe,58.902447,21.4425,,21.4425,,False,cross_sectional,-2.5,50.0,-5.7,41.8,0.9,True,True,cross_sectional_primary
20260724,NASDAQ,PLXS,Technology,fwd_pe,27.629856,21.4425,,21.4425,,False,cross_sectional,-2.5,29.1,0.9,27.5,0.9,False,True,cross_sectional_primary
20260724,NASDAQ,PODD,Healthcare,fwd_pe,19.664518,18.3383,,18.3383,,False,cross_sectional,0.0,50.0,1.2,51.2,0.9,True,False,cross_sectional_primary
20260724,NASDAQ,POWL,Industrials,ev_ebitda,35.76,18.257,,18.257,,False,cross_sectional,-2.5,-1.6,-0.2,-4.3,0.9,False,True,cross_sectional_primary
20260724,NASDAQ,PPC,Consumer Defensive,fwd_pe,8.839443,15.1717,,15.1717,,False,cross_sectional,10.0,-25.0,-0.2,-15.2,0.5,True,True,cross_sectional_primary
20260724,NASDAQ,PRVA,Healthcare,fwd_pe,22.752121,18.3383,,18.3383,,False,cross_sectional,-2.5,-25.0,-1.7,-29.2,0.5,True,True,cross_sectional_primary
20260724,NASDAQ,PSKY,Communication Services,fwd_pe,9.582717,13.3686,,13.3686,,False,cross_sectional,10.0,-25.0,-1.1,-16.1,0.5,True,True,cross_sectional_primary
20260724,NASDAQ,PSMT,Consumer Defensive,fwd_pe,29.098988,15.1717,,15.1717,,False,cross_sectional,-2.5,12.3,1.2,11.0,0.9,False,True,cross_sectional_primary
20260724,NASDAQ,PTC,Technology,fwd_pe,13.100275,21.4425,,21.4425,,False,cross_sectional,10.0,50.0,-0.6,59.4,0.9,True,True,cross_sectional_primary
20260724,NASDAQ,PTEN,Energy,ev_ebitda,5.697,7.656,,7.656,,False,cross_sectional,10.0,50.0,-10.0,50.0,0.5,True,True,cross_sectional_primary
20260724,NASDAQ,PTRN,Technology,fwd_pe,32.610508,21.4425,,21.4425,,False,cross_sectional,-2.5,-5.9,15.0,6.6,0.9,False,True,cross_sectional_primary
20260724,NASDAQ,PYPL,Financial Services,fwd_pe,9.739995,15.3078,,15.3078,,False,cross_sectional,10.0,-6.2,6.5,10.3,0.9,False,True,cross_sectional_primary
20260724,NASDAQ,QCOM,Technology,fwd_pe,15.59454,21.4425,,21.4425,,False,cross_sectional,10.0,50.0,0.9,60.9,0.5,True,True,cross_sectional_primary
20260724,NASDAQ,QLYS,Technology,fwd_pe,16.169537,21.4425,,21.4425,,False,cross_sectional,10.0,10.1,1.5,21.6,0.9,False,True,cross_sectional_primary
20260724,NASDAQ,QRVO,Technology,fwd_pe,11.10892,21.4425,,21.4425,,False,cross_sectional,10.0,-5.6,2.1,6.5,0.9,False,True,cross_sectional_primary
20260724,NASDAQ,RDNT,Healthcare,fwd_pe,64.64334,18.3383,,18.3383,,False,cross_sectional,-2.5,50.0,-7.8,39.7,0.7,True,True,cross_sectional_primary
20260724,NASDAQ,REGN,Healthcare,fwd_pe,11.939172,18.3383,,18.3383,,False,cross_sectional,10.0,-7.2,2.3,5.1,0.9,False,True,cross_sectional_primary
20260724,NASDAQ,RELY,Technology,fwd_pe,13.844329,21.4425,,21.4425,,False,cross_sectional,10.0,50.0,-9.7,50.3,0.5,True,True,cross_sectional_primary
20260724,NASDAQ,RMBS,Technology,fwd_pe,28.15983,21.4425,,21.4425,,False,cross_sectional,-2.5,-1.8,0.7,-3.6,0.5,False,True,cross_sectional_primary
20260724,NASDAQ,ROAD,Industrials,ev_ebitda,15.988,18.257,,18.257,,False,cross_sectional,6.9,50.0,-2.9,53.9,0.5,True,False,cross_sectional_primary
20260724,NASDAQ,ROKU,Communication Services,fwd_pe,38.442753,13.3686,,13.3686,,False,cross_sectional,-2.5,40.9,-4.0,34.4,0.5,False,True,cross_sectional_primary
20260724,NASDAQ,ROP,Technology,fwd_pe,14.808254,21.4425,,21.4425,,False,cross_sectional,10.0,50.0,-0.4,59.6,0.5,True,True,cross_sectional_primary
20260724,NASDAQ,ROST,Consumer Cyclical,fwd_pe,27.192266,15.9096,,15.9096,,False,cross_sectional,-2.5,37.4,1.9,36.8,0.5,False,True,cross_sectional_primary
20260724,NASDAQ,RRR,Consumer Cyclical,fwd_pe,17.06906,15.9096,,15.9096,,False,cross_sectional,0.0,-2.6,0.3,-2.3,0.9,False,False,cross_sectional_primary
20260724,NASDAQ,RUSHA,Consumer Cyclical,fwd_pe,16.865683,15.9096,,15.9096,,False,cross_sectional,0.0,5.5,1.8,7.3,0.9,False,False,cross_sectional_primary
20260724,NASDAQ,RUSHB,Consumer Cyclical,price_fcf,12.739884261744386,22.102,,22.102,,False,cross_sectional,10.0,5.5,1.8,17.3,0.9,False,True,cross_sectional_primary
20260724,NASDAQ,RYAAY,Industrials,ev_ebitda,7.791,18.257,,18.257,,False,cross_sectional,10.0,-25.0,3.6,-11.4,0.5,True,True,cross_sectional_primary
20260724,NASDAQ,SAIA,Industrials,ev_ebitda,19.673,18.257,,18.257,,False,cross_sectional,0.0,0.0,-0.0,-0.0,0.9,False,False,cross_sectional_primary
20260724,NASDAQ,SAIL,Technology,fwd_pe,35.80182,21.4425,,21.4425,,False,cross_sectional,-2.5,18.9,1.7,18.1,0.7,False,True,cross_sectional_primary
20260724,NASDAQ,SANM,Technology,fwd_pe,16.780424,21.4425,,21.4425,,False,cross_sectional,10.0,46.6,4.0,60.6,0.5,False,True,cross_sectional_primary
20260724,NASDAQ,SBUX,Consumer Cyclical,fwd_pe,34.30043,15.9096,,15.9096,,False,cross_sectional,-2.5,32.6,0.5,30.6,0.5,False,True,cross_sectional_primary
20260724,NASDAQ,SEZL,Financial Services,fwd_pe,24.30725,15.3078,,15.3078,,False,cross_sectional,-2.5,47.0,-2.4,42.1,0.5,False,True,cross_sectional_primary
20260724,NASDAQ,SFM,Consumer Defensive,fwd_pe,12.440392,15.1717,,15.1717,,False,cross_sectional,10.0,-5.5,2.3,6.8,0.9,False,True,cross_sectional_primary
20260724,NASDAQ,SHC,Healthcare,fwd_pe,16.498287,18.3383,,18.3383,,False,cross_sectional,5.4,7.8,-0.6,12.6,0.7,False,False,cross_sectional_primary
20260724,NASDAQ,SHOO,Consumer Cyclical,fwd_pe,15.595301,15.9096,,15.9096,,False,cross_sectional,0.0,50.0,2.3,52.3,0.5,True,False,cross_sectional_primary
20260724,NASDAQ,SHOP,Technology,fwd_pe,48.03424,21.4425,,21.4425,,False,cross_sectional,-2.5,21.1,-0.3,18.3,0.7,False,True,cross_sectional_primary
20260724,NASDAQ,SITM,Technology,fwd_pe,46.756542,21.4425,,21.4425,,False,cross_sectional,-2.5,36.2,-6.1,27.6,0.7,False,True,cross_sectional_primary
20260724,NASDAQ,SKHY,Technology,fwd_pe,4.1879773,21.4425,,21.4425,,False,cross_sectional,10.0,50.0,-1.6,58.4,0.9,True,True,cross_sectional_primary
20260724,NASDAQ,SKYW,Industrials,ev_ebitda,5.858,18.257,,18.257,,False,cross_sectional,10.0,3.3,3.6,16.9,0.9,False,True,cross_sectional_primary
20260724,NASDAQ,SMCI,Technology,fwd_pe,9.421456,21.4425,,21.4425,,False,cross_sectional,10.0,50.0,-6.0,54.0,0.5,True,True,cross_sectional_primary
20260724,NASDAQ,SMCIP,Technology,fwd_pe,,21.4425,,21.4425,,False,UNMEASURED,,50.0,0.0,50.0,0.5,True,False,cross_sectional_primary
20260724,NASDAQ,SMTC,Technology,fwd_pe,35.36167,21.4425,,21.4425,,False,cross_sectional,-2.5,22.7,-10.0,10.2,0.9,False,True,cross_sectional_primary
20260724,NASDAQ,SNDK,Technology,fwd_pe,7.49221,21.4425,,21.4425,,False,cross_sectional,10.0,50.0,0.0,60.0,0.5,True,True,cross_sectional_primary
20260724,NASDAQ,SNEX,Financial Services,fwd_pe,16.885727,15.3078,,15.3078,,False,cross_sectional,0.0,50.0,-3.9,46.1,0.9,True,False,cross_sectional_primary
20260724,NASDAQ,SNPS,Technology,fwd_pe,21.615103,21.4425,,21.4425,,False,cross_sectional,0.0,-25.0,-3.3,-28.3,0.5,True,False,cross_sectional_primary
20260724,NASDAQ,SNY,Healthcare,fwd_pe,8.431959,18.3383,,18.3383,,False,cross_sectional,10.0,-11.7,1.3,-0.4,0.9,False,True,cross_sectional_primary
20260724,NASDAQ,SOLS,Basic Materials,ev_ebitda,12.659,16.93,,16.93,,False,cross_sectional,10.0,-25.0,-0.1,-15.1,0.5,True,True,cross_sectional_primary
20260724,NASDAQ,SPCX,Industrials,ev_ebitda,,18.257,,18.257,,False,UNMEASURED,,2.9,4.6,7.5,0.5,False,False,cross_sectional_primary
20260724,NASDAQ,SPSC,Technology,fwd_pe,11.322341,21.4425,,21.4425,,False,cross_sectional,10.0,-9.0,-0.7,0.3,0.9,False,True,cross_sectional_primary
20260724,NASDAQ,SRAD,Technology,fwd_pe,18.13658,21.4425,,21.4425,,False,cross_sectional,8.7,47.4,-0.4,55.7,0.5,False,False,cross_sectional_primary
20260724,NASDAQ,SSNC,Technology,fwd_pe,8.811645,21.4425,,21.4425,,False,cross_sectional,10.0,8.3,0.3,18.6,0.9,False,True,cross_sectional_primary
20260724,NASDAQ,STNE,Technology,fwd_pe,4.5656905,21.4425,,21.4425,,False,cross_sectional,10.0,50.0,11.7,71.7,0.5,True,True,cross_sectional_primary
20260724,NASDAQ,STRL,Industrials,ev_ebitda,37.619,18.257,,18.257,,False,cross_sectional,-2.5,50.0,0.4,47.9,0.5,True,True,cross_sectional_primary
20260724,NASDAQ,SUPN,Healthcare,fwd_pe,10.864935,18.3383,,18.3383,,False,cross_sectional,10.0,50.0,-0.8,59.2,0.5,True,True,cross_sectional_primary
20260724,NASDAQ,SYM,Industrials,price_fcf,31.081537141979595,22.102,,22.102,,False,cross_sectional,-2.5,32.1,-10.0,19.6,0.7,False,True,cross_sectional_primary
20260724,NASDAQ,TCOM,Consumer Cyclical,fwd_pe,10.064574,15.9096,,15.9096,,False,cross_sectional,10.0,-25.0,-2.0,-17.0,0.5,True,True,cross_sectional_primary
20260724,NASDAQ,TEAM,Technology,fwd_pe,13.087809,21.4425,,21.4425,,False,cross_sectional,10.0,9.0,-1.1,17.8,0.5,False,True,cross_sectional_primary
20260724,NASDAQ,TECH,Healthcare,fwd_pe,35.09055,18.3383,,18.3383,,False,cross_sectional,-2.5,50.0,0.7,48.2,0.5,True,True,cross_sectional_primary
20260724,NASDAQ,TENB,Technology,fwd_pe,14.560625,21.4425,,21.4425,,False,cross_sectional,10.0,8.7,-2.0,16.7,0.7,False,True,cross_sectional_primary
20260724,NASDAQ,TER,Technology,fwd_pe,36.343426,21.4425,31.9,21.4425,-32.8,True,cross_sectional,-2.5,50.0,1.4,48.9,0.5,True,True,cross_sectional_primary
20260724,NASDAQ,TIGO,Communication Services,fwd_pe,13.368576,13.3686,,13.3686,,False,cross_sectional,0.0,-25.0,1.0,-24.0,0.9,True,False,cross_sectional_primary
20260724,NASDAQ,TLN,Utilities,ev_ebitda,35.182,13.77,,13.77,,False,cross_sectional,-2.5,30.9,-10.0,18.4,0.7,False,True,cross_sectional_primary
20260724,NASDAQ,TMDX,Healthcare,fwd_pe,25.715462,18.3383,,18.3383,,False,cross_sectional,-2.5,-25.0,-10.0,-37.5,0.5,True,True,cross_sectional_primary
20260724,NASDAQ,TMUS,Communication Services,fwd_pe,11.919849,13.3686,,13.3686,,False,cross_sectional,5.9,-12.0,2.9,-3.2,0.5,False,False,cross_sectional_primary
20260724,NASDAQ,TRI,Industrials,ev_ebitda,18.257,18.257,,18.257,,False,cross_sectional,0.0,5.6,1.6,7.2,0.9,False,False,cross_sectional_primary
20260724,NASDAQ,TSCO,Consumer Cyclical,fwd_pe,13.825179,15.9096,,15.9096,,False,cross_sectional,7.3,-15.0,1.5,-6.2,0.9,False,False,cross_sectional_primary
20260724,NASDAQ,TSLA,Consumer Cyclical,fwd_pe,142.72066,15.9096,,15.9096,,False,cross_sectional,-2.5,-3.0,-0.6,-6.1,0.5,False,True,cross_sectional_primary
20260724,NASDAQ,TTAN,Technology,fwd_pe,42.206444,21.4425,,21.4425,,False,cross_sectional,-2.5,20.0,-5.9,11.6,0.7,False,True,cross_sectional_primary
20260724,NASDAQ,TTD,Communication Services,fwd_pe,7.8181396,13.3686,,13.3686,,False,cross_sectional,10.0,-20.0,0.7,-9.3,0.5,False,True,cross_sectional_primary
20260724,NASDAQ,TTEK,Industrials,ev_ebitda,13.353,18.257,,18.257,,False,cross_sectional,10.0,50.0,0.2,60.2,0.5,True,True,cross_sectional_primary
20260724,NASDAQ,TTMI,Technology,fwd_pe,26.824074,21.4425,,21.4425,,False,cross_sectional,-2.5,50.0,-1.3,46.2,0.9,True,True,cross_sectional_primary
20260724,NASDAQ,TTWO,Communication Services,fwd_pe,23.016,13.3686,,13.3686,,False,cross_sectional,-2.5,36.4,-4.0,29.9,0.7,False,True,cross_sectional_primary
20260724,NASDAQ,TW,Financial Services,fwd_pe,21.705814,15.3078,,15.3078,,False,cross_sectional,-2.5,39.1,-0.5,36.1,0.9,False,True,cross_sectional_primary
20260724,NASDAQ,TXG,Healthcare,price_fcf,46.89324637436114,22.102,,22.102,,False,cross_sectional,-2.5,0.0,-3.2,-5.7,0.7,False,True,cross_sectional_primary
20260724,NASDAQ,TXRH,Consumer Cyclical,fwd_pe,24.985664,15.9096,,15.9096,,False,cross_sectional,-2.5,10.0,0.5,8.0,0.9,False,True,cross_sectional_primary
20260724,NASDAQ,UAL,Industrials,ev_ebitda,7.682,18.257,,18.257,,False,cross_sectional,10.0,-17.2,0.5,-6.7,0.9,False,True,cross_sectional_primary
20260724,NASDAQ,ULTA,Consumer Cyclical,fwd_pe,14.99771,15.9096,,15.9096,,False,cross_sectional,0.0,15.5,4.8,20.3,0.9,False,False,cross_sectional_primary
20260724,NASDAQ,URBN,Consumer Cyclical,fwd_pe,10.28626,15.9096,,15.9096,,False,cross_sectional,10.0,12.1,1.3,23.4,0.9,False,True,cross_sectional_primary
20260724,NASDAQ,USLM,Basic Materials,ev_ebitda,14.868,16.93,,16.93,,False,cross_sectional,6.7,-10.9,-0.3,-4.5,0.9,False,False,cross_sectional_primary
20260724,NASDAQ,UTHR,Healthcare,fwd_pe,16.031548,18.3383,,18.3383,,False,cross_sectional,7.0,-12.2,1.8,-3.4,0.9,False,False,cross_sectional_primary
20260724,NASDAQ,VC,Consumer Cyclical,fwd_pe,9.847647,15.9096,,15.9096,,False,cross_sectional,10.0,-25.0,1.6,-13.4,0.5,True,True,cross_sectional_primary
20260724,NASDAQ,VCEL,Healthcare,fwd_pe,52.869717,18.3383,,18.3383,,False,cross_sectional,-2.5,50.0,-4.7,42.8,0.5,True,True,cross_sectional_primary
20260724,NASDAQ,VCYT,Healthcare,fwd_pe,30.668638,18.3383,,18.3383,,False,cross_sectional,-2.5,50.0,-5.3,42.2,0.5,True,True,cross_sectional_primary
20260724,NASDAQ,VECO,Technology,fwd_pe,17.924349,21.4425,,21.4425,,False,cross_sectional,9.4,50.0,-6.2,53.2,0.5,True,False,cross_sectional_primary
20260724,NASDAQ,VEON,Communication Services,fwd_pe,6.2699404,13.3686,,13.3686,,False,cross_sectional,10.0,1.6,-1.1,10.5,0.5,False,True,cross_sectional_primary
20260724,NASDAQ,VICR,Technology,fwd_pe,41.665092,21.4425,,21.4425,,False,cross_sectional,-2.5,14.3,-0.5,11.3,0.5,False,True,cross_sectional_primary
20260724,NASDAQ,VISN,Technology,fwd_pe,9.1615,21.4425,,21.4425,,False,cross_sectional,10.0,50.0,-4.4,55.6,0.5,True,True,cross_sectional_primary
20260724,NASDAQ,VNET,Technology,fwd_pe,37.64063,21.4425,,21.4425,,False,cross_sectional,-2.5,50.0,-10.0,37.5,0.7,True,True,cross_sectional_primary
20260724,NASDAQ,VNOM,Energy,ev_ebitda,10.381,7.656,,7.656,,False,cross_sectional,-2.5,-14.5,-10.0,-27.0,0.5,False,True,cross_sectional_primary
20260724,NASDAQ,VOD,Communication Services,fwd_pe,9.488239,13.3686,10.4,13.3686,28.5,True,cross_sectional,10.0,26.6,5.9,42.5,0.5,False,True,cross_sectional_primary
20260724,NASDAQ,VRNS,Technology,fwd_pe,116.65104,21.4425,,21.4425,,False,cross_sectional,-2.5,50.0,-2.4,45.1,0.5,True,True,cross_sectional_primary
20260724,NASDAQ,VRSK,Industrials,ev_ebitda,19.502,18.257,,18.257,,False,cross_sectional,0.0,4.8,2.5,7.3,0.9,False,False,cross_sectional_primary
20260724,NASDAQ,VRSN,Technology,fwd_pe,24.292887,21.4425,,21.4425,,False,cross_sectional,-1.5,7.7,4.8,11.0,0.9,False,False,cross_sectional_primary
20260724,NASDAQ,VRTX,Healthcare,fwd_pe,22.19549,18.3383,,18.3383,,False,cross_sectional,-2.3,50.0,0.5,48.2,0.5,True,False,cross_sectional_primary
20260724,NASDAQ,VSAT,Technology,fwd_pe,184.14201,21.4425,,21.4425,,False,cross_sectional,-2.5,27.5,-4.2,20.9,0.7,False,True,cross_sectional_primary
20260724,NASDAQ,VSEC,Industrials,ev_ebitda,26.113,18.257,,18.257,,False,cross_sectional,-2.5,24.0,-10.0,11.5,0.7,False,True,cross_sectional_primary
20260724,NASDAQ,WAY,Healthcare,fwd_pe,11.673762,18.3383,,18.3383,,False,cross_sectional,10.0,37.5,-5.3,42.2,0.9,False,True,cross_sectional_primary
20260724,NASDAQ,WBD,Communication Services,fwd_pe,186.56985,13.3686,,13.3686,,False,cross_sectional,-2.5,50.0,-1.9,45.6,0.5,True,True,cross_sectional_primary
20260724,NASDAQ,WDAY,Technology,fwd_pe,10.110994,21.4425,,21.4425,,False,cross_sectional,10.0,50.0,-0.5,59.5,0.5,True,True,cross_sectional_primary
20260724,NASDAQ,WDC,Technology,fwd_pe,30.10179,21.4425,,21.4425,,False,cross_sectional,-2.5,50.0,-6.3,41.2,0.5,True,True,cross_sectional_primary
20260724,NASDAQ,WDFC,Basic Materials,ev_ebitda,25.104,16.93,,16.93,,False,cross_sectional,-2.5,45.5,0.1,43.1,0.5,False,True,cross_sectional_primary
20260724,NASDAQ,WFRD,Energy,ev_ebitda,7.168,7.656,,7.656,,False,cross_sectional,0.0,-25.0,1.0,-24.0,0.5,True,False,cross_sectional_primary
20260724,NASDAQ,WING,Consumer Cyclical,fwd_pe,24.251556,15.9096,,15.9096,,False,cross_sectional,-2.5,-25.0,3.0,-24.5,0.5,True,True,cross_sectional_primary
20260724,NASDAQ,WIX,Technology,fwd_pe,6.616639,21.4425,,21.4425,,False,cross_sectional,10.0,38.2,0.6,48.8,0.7,False,True,cross_sectional_primary
20260724,NASDAQ,WMG,Communication Services,fwd_pe,13.570113,13.3686,,13.3686,,False,cross_sectional,0.0,50.0,-0.4,49.6,0.9,True,False,cross_sectional_primary
20260724,NASDAQ,WMT,Consumer Defensive,fwd_pe,32.99587,15.1717,,15.1717,,False,cross_sectional,-2.5,19.4,0.5,17.4,0.9,False,True,cross_sectional_primary
20260724,NASDAQ,WSC,Industrials,ev_ebitda,14.708,18.257,,18.257,,False,cross_sectional,10.0,-25.0,4.9,-10.1,0.9,True,True,cross_sectional_primary
20260724,NASDAQ,WTW,Financial Services,fwd_pe,13.008854,15.3078,,15.3078,,False,cross_sectional,8.5,33.0,3.4,44.8,0.5,False,False,cross_sectional_primary
20260724,NASDAQ,WWD,Industrials,ev_ebitda,34.879,18.257,,18.257,,False,cross_sectional,-2.5,23.0,0.0,20.5,0.9,False,True,cross_sectional_primary
20260724,NASDAQ,WYNN,Consumer Cyclical,fwd_pe,18.386677,15.9096,,15.9096,,False,cross_sectional,-1.7,50.0,3.9,52.1,0.5,True,False,cross_sectional_primary
20260724,NASDAQ,XMTR,Industrials,ev_ebitda,,18.257,,18.257,,False,UNMEASURED,,50.0,-3.0,47.0,0.5,True,False,cross_sectional_primary
20260724,NASDAQ,XP,Financial Services,fwd_pe,7.1391883,15.3078,,15.3078,,False,cross_sectional,10.0,8.9,1.1,20.0,0.9,False,True,cross_sectional_primary
20260724,NASDAQ,Z,Communication Services,fwd_pe,9.840483,13.3686,,13.3686,,False,cross_sectional,10.0,50.0,-4.3,55.7,0.9,True,True,cross_sectional_primary
20260724,NASDAQ,ZG,Communication Services,fwd_pe,9.697335,13.3686,,13.3686,,False,cross_sectional,10.0,50.0,-4.3,55.7,0.9,True,True,cross_sectional_primary
20260724,NASDAQ,ZM,Technology,fwd_pe,13.353719,21.4425,,21.4425,,False,cross_sectional,10.0,50.0,0.2,60.2,0.5,True,True,cross_sectional_primary
20260724,NASDAQ,ZS,Technology,fwd_pe,30.388327,21.4425,,21.4425,,False,cross_sectional,-2.5,9.1,-3.2,3.4,0.7,False,True,cross_sectional_primary
20260725,STOXX600,ASML.AS,Technology,fwd_pe,30.69595,16.6617,32.5,16.6617,-48.7,True,cross_sectional,-2.5,28.5,0.7,26.7,0.5,False,True,cross_sectional_primary
20260725,STOXX600,NOVN.SW,Healthcare,fwd_pe,15.8494215,15.7875,,15.7875,,False,cross_sectional,0.0,-17.0,3.3,-13.7,0.9,False,False,cross_sectional_primary
20260725,STOXX600,AZN.L,Healthcare,fwd_pe,14.653368,15.7875,,15.7875,,False,cross_sectional,0.0,5.3,0.0,5.3,0.9,False,False,cross_sectional_primary
20260725,STOXX600,SIE.DE,Industrials,ev_ebitda,22.261,15.3465,,15.3465,,False,cross_sectional,-2.5,-8.6,0.5,-10.6,0.9,False,True,cross_sectional_primary
20260725,STOXX600,SU.PA,Industrials,ev_ebitda,20.971,15.3465,,15.3465,,False,cross_sectional,-2.5,-6.2,0.4,-8.3,0.9,False,True,cross_sectional_primary
20260725,STOXX600,NOVO-B.CO,Healthcare,fwd_pe,14.912073,15.7875,,15.7875,,False,cross_sectional,0.0,50.0,0.5,50.5,0.5,True,False,cross_sectional_primary
20260725,STOXX600,ABBN.SW,Industrials,ev_ebitda,20.844,15.3465,,15.3465,,False,cross_sectional,-2.5,8.2,1.0,6.7,0.9,False,True,cross_sectional_primary
20260725,STOXX600,RR.L,Industrials,ev_ebitda,25.384,15.3465,,15.3465,,False,cross_sectional,-2.5,4.1,-0.3,1.3,0.9,False,True,cross_sectional_primary
20260725,STOXX600,SAP.DE,Technology,fwd_pe,16.827642,16.6617,,16.6617,,False,cross_sectional,0.0,30.6,0.2,30.8,0.9,False,False,cross_sectional_primary
20260725,STOXX600,ENR.DE,Industrials,ev_ebitda,33.384,15.3465,,15.3465,,False,cross_sectional,-2.5,50.0,-3.2,44.3,0.9,True,True,cross_sectional_primary
20260725,STOXX600,AIR.PA,Industrials,ev_ebitda,21.047,15.3465,,15.3465,,False,cross_sectional,-2.5,-25.0,-0.1,-27.6,0.5,True,True,cross_sectional_primary
20260725,STOXX600,SAF.PA,Industrials,ev_ebitda,23.133,15.3465,,15.3465,,False,cross_sectional,-2.5,18.2,2.2,18.0,0.7,False,True,cross_sectional_primary
20260725,STOXX600,MC.PA,Consumer Cyclical,fwd_pe,17.966568,15.1285,,15.1285,,False,cross_sectional,-2.1,-1.4,0.3,-3.2,0.9,False,False,cross_sectional_primary
20260725,STOXX600,CFR.SW,Consumer Cyclical,fwd_pe,24.564348,15.1285,,15.1285,,False,cross_sectional,-2.5,-25.0,-0.9,-28.4,0.5,True,True,cross_sectional_primary
20260725,STOXX600,DTE.DE,Communication Services,fwd_pe,10.459936,14.3904,,14.3904,,False,cross_sectional,10.0,-25.0,1.0,-14.0,0.5,True,True,cross_sectional_primary
20260725,STOXX600,GSK.L,Healthcare,fwd_pe,9.830835,15.7875,,15.7875,,False,cross_sectional,10.0,8.4,-0.1,18.3,0.9,False,True,cross_sectional_primary
20260725,STOXX600,SAN.PA,Healthcare,fwd_pe,8.384456,15.7875,,15.7875,,False,cross_sectional,10.0,-11.7,1.3,-0.4,0.9,False,True,cross_sectional_primary
20260725,STOXX600,IFX.DE,Technology,fwd_pe,23.645897,16.6617,21.3,16.6617,-21.8,False,cross_sectional,-2.5,44.5,-0.1,41.9,0.8,False,True,cross_sectional_primary
20260725,STOXX600,ABI.BR,Consumer Defensive,fwd_pe,16.732533,14.3138,,14.3138,,False,cross_sectional,-1.9,20.3,-0.0,18.4,0.9,False,False,cross_sectional_primary
20260725,STOXX600,BA.L,Industrials,ev_ebitda,18.073,15.3465,,15.3465,,False,cross_sectional,-2.0,8.7,0.7,7.4,0.9,False,False,cross_sectional_primary
20260725,STOXX600,DG.PA,Industrials,ev_ebitda,7.406,15.3465,,15.3465,,False,cross_sectional,10.0,6.8,0.7,17.5,0.9,False,True,cross_sectional_primary
20260725,STOXX600,ITX.MC,Consumer Cyclical,fwd_pe,22.818785,15.1285,,15.1285,,False,cross_sectional,-2.5,5.3,-0.0,2.8,0.9,False,True,cross_sectional_primary
20260725,STOXX600,RMS.PA,Consumer Cyclical,fwd_pe,31.929901,15.1285,,15.1285,,False,cross_sectional,-2.5,1.8,0.0,-0.7,0.9,False,True,cross_sectional_primary
20260725,STOXX600,REL.L,Industrials,ev_ebitda,16.293,15.3465,,15.3465,,False,cross_sectional,0.0,24.3,1.6,25.9,0.9,False,False,cross_sectional_primary
20260725,STOXX600,EL.PA,Healthcare,fwd_pe,20.168901,15.7875,,15.7875,,False,cross_sectional,-2.5,-7.7,-1.5,-11.7,0.5,False,True,cross_sectional_primary
20260725,STOXX600,VOLV-B.ST,Industrials,ev_ebitda,16.645,15.3465,,15.3465,,False,cross_sectional,0.0,40.1,0.0,40.1,0.5,False,False,cross_sectional_primary
20260725,STOXX600,ARGX.BR,Healthcare,fwd_pe,25.918806,15.7875,,15.7875,,False,cross_sectional,-2.5,50.0,-7.5,40.0,0.5,True,True,cross_sectional_primary
20260725,STOXX600,LSEG.L,Financial Services,fwd_pe,16.19118,15.7722,,15.7722,,False,cross_sectional,0.0,50.0,2.2,52.2,0.5,True,False,cross_sectional_primary
20260725,STOXX600,CPG.L,Consumer Cyclical,fwd_pe,18.516708,15.1285,,15.1285,,False,cross_sectional,-2.4,16.3,1.3,15.2,0.9,False,False,cross_sectional_primary
20260725,STOXX600,RHM.DE,Industrials,ev_ebitda,24.532,15.3465,,15.3465,,False,cross_sectional,-2.5,25.6,-0.3,22.8,0.9,False,True,cross_sectional_primary
20260725,STOXX600,DB1.DE,Financial Services,fwd_pe,19.22106,15.7722,,15.7722,,False,cross_sectional,-2.4,13.7,0.3,11.7,0.9,False,False,cross_sectional_primary
20260725,STOXX600,ATCO-A.ST,Industrials,ev_ebitda,24.063,15.3465,,15.3465,,False,cross_sectional,-2.5,8.0,0.1,5.6,0.9,False,True,cross_sectional_primary
20260725,STOXX600,PRX.AS,Consumer Cyclical,fwd_pe,8.344932,15.1285,,15.1285,,False,cross_sectional,10.0,14.6,6.5,31.0,0.7,False,True,cross_sectional_primary
20260725,STOXX600,ASM.AS,Technology,fwd_pe,30.64397,16.6617,33.0,16.6617,-49.5,True,cross_sectional,-2.5,20.0,0.3,17.8,0.5,False,True,cross_sectional_primary
20260725,STOXX600,LONN.SW,Healthcare,fwd_pe,25.027458,15.7875,,15.7875,,False,cross_sectional,-2.5,39.2,2.4,39.1,0.9,False,True,cross_sectional_primary
20260725,STOXX600,RACE.MI,Consumer Cyclical,fwd_pe,29.724615,15.1285,,15.1285,,False,cross_sectional,-2.5,1.3,0.6,-0.6,0.9,False,True,cross_sectional_primary
20260725,STOXX600,HLN.L,Healthcare,fwd_pe,16.035822,15.7875,,15.7875,,False,cross_sectional,0.0,50.0,0.3,50.3,0.5,True,False,cross_sectional_primary
20260725,STOXX600,PRY.MI,Industrials,ev_ebitda,16.058,15.3465,,15.3465,,False,cross_sectional,0.0,50.0,-1.4,48.6,0.5,True,False,cross_sectional_primary
20260725,STOXX600,DSV.CO,Industrials,ev_ebitda,16.85,15.3465,,15.3465,,False,cross_sectional,0.0,-4.0,-4.7,-8.7,0.5,False,False,cross_sectional_primary
20260725,STOXX600,TSCO.L,Consumer Defensive,fwd_pe,14.313812,14.3138,,14.3138,,False,cross_sectional,0.0,50.0,4.1,54.1,0.5,True,False,cross_sectional_primary
20260725,STOXX600,LR.PA,Industrials,ev_ebitda,18.5,15.3465,,15.3465,,False,cross_sectional,-2.2,13.8,0.1,11.6,0.9,False,False,cross_sectional_primary
20260725,STOXX600,GALD.SW,Healthcare,fwd_pe,32.114788,15.7875,,15.7875,,False,cross_sectional,-2.5,50.0,-0.0,47.5,0.5,True,True,cross_sectional_primary
20260725,STOXX600,SAND.ST,Industrials,ev_ebitda,16.313,15.3465,,15.3465,,False,cross_sectional,0.0,50.0,0.0,50.0,0.5,True,False,cross_sectional_primary
20260725,STOXX600,ORA.PA,Communication Services,fwd_pe,14.470951,14.3904,,14.3904,,False,cross_sectional,0.0,8.2,0.0,8.2,0.7,False,False,cross_sectional_primary
20260725,STOXX600,ADS.DE,Consumer Cyclical,fwd_pe,14.703567,15.1285,,15.1285,,False,cross_sectional,0.0,13.3,-0.0,13.3,0.9,False,False,cross_sectional_primary
20260725,STOXX600,ASSA-B.ST,Industrials,ev_ebitda,15.685,15.3465,,15.3465,,False,cross_sectional,0.0,15.9,0.0,15.9,0.9,False,False,cross_sectional_primary
20260725,STOXX600,SDZ.SW,Healthcare,fwd_pe,16.926775,15.7875,,15.7875,,False,cross_sectional,0.0,10.1,-0.6,9.4,0.7,False,False,cross_sectional_primary
20260725,STOXX600,UCB.BR,Healthcare,fwd_pe,18.08228,15.7875,,15.7875,,False,cross_sectional,-1.6,26.3,0.3,24.9,0.9,False,False,cross_sectional_primary
20260725,STOXX600,AD.AS,Consumer Defensive,fwd_pe,11.35408,14.3138,,14.3138,,False,cross_sectional,10.0,3.3,3.2,16.5,0.9,False,True,cross_sectional_primary
20260725,STOXX600,ALC.SW,Healthcare,fwd_pe,15.725615,15.7875,,15.7875,,False,cross_sectional,0.0,-25.0,0.0,-25.0,0.5,True,False,cross_sectional_primary
20260725,STOXX600,OR.PA,Consumer Defensive,fwd_pe,25.212477,14.3138,,14.3138,,False,cross_sectional,-2.5,0.4,0.2,-1.9,0.9,False,True,cross_sectional_primary
20260725,STOXX600,EXPN.L,Industrials,ev_ebitda,11.802,15.3465,,15.3465,,False,cross_sectional,10.0,23.1,-0.1,33.0,0.9,False,True,cross_sectional_primary
20260725,STOXX600,FER.MC,Industrials,ev_ebitda,33.209,15.3465,,15.3465,,False,cross_sectional,-2.5,-25.0,0.7,-26.8,0.5,True,True,cross_sectional_primary
20260725,STOXX600,SIKA.SW,Basic Materials,ev_ebitda,15.3,13.387,,13.387,,False,cross_sectional,-1.6,-25.0,-2.3,-28.9,0.5,True,False,cross_sectional_primary
20260725,STOXX600,GIVN.SW,Basic Materials,ev_ebitda,21.575,13.387,,13.387,,False,cross_sectional,-2.5,-20.0,-0.1,-22.6,0.5,False,True,cross_sectional_primary
20260725,STOXX600,VOD.L,Communication Services,fwd_pe,10.736017,14.3904,,14.3904,,False,cross_sectional,10.0,12.2,5.9,28.1,0.5,False,True,cross_sectional_primary
20260725,STOXX600,ADYEN.AS,Technology,fwd_pe,17.153606,16.6617,,16.6617,,False,cross_sectional,0.0,11.9,-0.7,11.2,0.5,False,False,cross_sectional_primary
20260725,STOXX600,VIE.PA,Industrials,ev_ebitda,8.341,15.3465,,15.3465,,False,cross_sectional,10.0,8.9,-0.1,18.8,0.7,False,True,cross_sectional_primary
20260725,STOXX600,ACS.MC,Industrials,ev_ebitda,15.159,15.3465,,15.3465,,False,cross_sectional,0.0,18.7,2.4,21.1,0.5,False,False,cross_sectional_primary
20260725,STOXX600,VWS.CO,Industrials,price_fcf,168.7680081269841,19.9531,,19.9531,,False,cross_sectional,-2.5,50.0,0.3,47.8,0.5,True,True,cross_sectional_primary
20260725,STOXX600,HO.PA,Industrials,ev_ebitda,16.029,15.3465,,15.3465,,False,cross_sectional,0.0,50.0,0.8,50.8,0.5,True,False,cross_sectional_primary
20260725,STOXX600,HEIA.AS,Consumer Defensive,fwd_pe,13.471539,14.3138,,14.3138,,False,cross_sectional,0.0,7.5,0.6,8.1,0.9,False,False,cross_sectional_primary
20260725,STOXX600,LDO.MI,Industrials,ev_ebitda,14.129,15.3465,,15.3465,,False,cross_sectional,0.0,-25.0,-0.1,-25.1,0.5,True,False,cross_sectional_primary
20260725,STOXX600,HEI.DE,Basic Materials,ev_ebitda,8.875,13.387,,13.387,,False,cross_sectional,10.0,5.2,2.0,17.2,0.9,False,True,cross_sectional_primary
20260725,STOXX600,AMS.MC,Technology,fwd_pe,12.783832,16.6617,,16.6617,,False,cross_sectional,10.0,5.1,2.1,17.2,0.9,False,True,cross_sectional_primary
20260725,STOXX600,UMG.AS,Communication Services,fwd_pe,15.918683,14.3904,,14.3904,,False,cross_sectional,0.0,-25.0,-0.3,-25.3,0.5,True,False,cross_sectional_primary
20260725,STOXX600,IHG.L,Consumer Cyclical,fwd_pe,24.264626,15.1285,,15.1285,,False,cross_sectional,-2.5,7.7,4.3,9.5,0.9,False,True,cross_sectional_primary
20260725,STOXX600,NXT.L,Consumer Cyclical,fwd_pe,17.047709,15.1285,,15.1285,,False,cross_sectional,-1.4,24.9,1.3,24.7,0.9,False,False,cross_sectional_primary
20260725,STOXX600,RYA.IR,Industrials,ev_ebitda,6.62,15.3465,,15.3465,,False,cross_sectional,10.0,-25.0,3.6,-11.4,0.5,True,True,cross_sectional_primary
20260725,STOXX600,AENA.MC,Industrials,ev_ebitda,12.059,15.3465,,15.3465,,False,cross_sectional,10.0,10.0,0.0,20.0,0.9,False,True,cross_sectional_primary
20260725,STOXX600,NSIS-B.CO,Basic Materials,ev_ebitda,,13.387,,13.387,,False,UNMEASURED,,7.5,-10.0,-2.5,0.7,False,False,cross_sectional_primary
20260725,STOXX600,KNEBV.HE,Industrials,ev_ebitda,16.275,15.3465,,15.3465,,False,cross_sectional,0.0,-13.2,-0.1,-13.3,0.5,False,False,cross_sectional_primary
20260725,STOXX600,MTX.DE,Industrials,ev_ebitda,13.846,15.3465,,15.3465,,False,cross_sectional,5.3,-10.9,0.6,-5.0,0.9,False,False,cross_sectional_primary
20260725,STOXX600,PHIA.AS,Healthcare,fwd_pe,13.543067,15.7875,,15.7875,,False,cross_sectional,8.0,50.0,-0.7,57.2,0.5,True,False,cross_sectional_primary
20260725,STOXX600,SAAB-B.ST,Industrials,ev_ebitda,29.411,15.3465,,15.3465,,False,cross_sectional,-2.5,39.9,-0.2,37.2,0.5,False,True,cross_sectional_primary
20260725,STOXX600,FRE.DE,Healthcare,fwd_pe,11.204109,15.7875,,15.7875,,False,cross_sectional,10.0,50.0,0.0,60.0,0.5,True,True,cross_sectional_primary
20260725,STOXX600,SGSN.SW,Industrials,ev_ebitda,17.005,15.3465,,15.3465,,False,cross_sectional,-1.3,10.2,-0.1,8.9,0.9,False,False,cross_sectional_primary
20260725,STOXX600,SCMN.SW,Communication Services,fwd_pe,20.507925,14.3904,,14.3904,,False,cross_sectional,-2.5,-9.6,0.0,-12.1,0.9,False,True,cross_sectional_primary
20260725,STOXX600,HLMA.L,Industrials,ev_ebitda,23.152,15.3465,,15.3465,,False,cross_sectional,-2.5,16.0,-0.1,13.4,0.9,False,True,cross_sectional_primary
20260725,STOXX600,KPN.AS,Communication Services,fwd_pe,15.093297,14.3904,,14.3904,,False,cross_sectional,0.0,0.0,1.9,1.9,0.9,False,False,cross_sectional_primary
20260725,STOXX600,GMAB.CO,Healthcare,fwd_pe,17.551708,15.7875,,15.7875,,False,cross_sectional,-1.3,-25.0,2.5,-23.8,0.5,True,False,cross_sectional_primary
20260725,STOXX600,HEXA-B.ST,Technology,fwd_pe,15.639775,16.6617,,16.6617,,False,cross_sectional,0.0,50.0,0.0,50.0,0.5,True,False,cross_sectional_primary
20260725,STOXX600,ALFA.ST,Industrials,ev_ebitda,18.424,15.3465,,15.3465,,False,cross_sectional,-2.2,0.7,0.0,-1.5,0.9,False,False,cross_sectional_primary
20260725,STOXX600,VOW3.DE,Consumer Cyclical,fwd_pe,2.9607263,15.1285,,15.1285,,False,cross_sectional,10.0,-25.0,0.0,-15.0,0.5,True,True,cross_sectional_primary
20260725,STOXX600,WRT1V.HE,Industrials,ev_ebitda,19.072,15.3465,,15.3465,,False,cross_sectional,-2.5,7.8,-0.2,5.1,0.9,False,True,cross_sectional_primary
20260725,STOXX600,CAP.PA,Technology,fwd_pe,6.560234,16.6617,,16.6617,,False,cross_sectional,10.0,5.5,0.6,16.1,0.9,False,True,cross_sectional_primary
20260725,STOXX600,ESSITY-B.ST,Consumer Defensive,fwd_pe,20.90015,14.3138,,14.3138,,False,cross_sectional,-2.5,-10.3,1.0,-11.8,0.9,False,True,cross_sectional_primary
20260725,STOXX600,WKL.AS,Industrials,ev_ebitda,9.384,15.3465,,15.3465,,False,cross_sectional,10.0,36.9,2.9,49.8,0.9,False,True,cross_sectional_primary
20260725,STOXX600,EPI-A.ST,Industrials,ev_ebitda,21.199,15.3465,,15.3465,,False,cross_sectional,-2.5,15.8,-0.1,13.2,0.9,False,True,cross_sectional_primary
20260725,STOXX600,DSFIR.AS,Basic Materials,ev_ebitda,16.709,13.387,,13.387,,False,cross_sectional,-2.5,10.9,-10.0,-1.6,0.7,False,True,cross_sectional_primary
20260725,STOXX600,EN.PA,Industrials,ev_ebitda,6.124,15.3465,,15.3465,,False,cross_sectional,10.0,14.2,-0.9,23.3,0.7,False,True,cross_sectional_primary
20260725,STOXX600,DSY.PA,Technology,fwd_pe,14.143326,16.6617,,16.6617,,False,cross_sectional,8.5,29.5,0.3,38.4,0.5,False,False,cross_sectional_primary
20260725,STOXX600,LOGN.SW,Technology,fwd_pe,17.347078,16.6617,,16.6617,,False,cross_sectional,0.0,3.1,3.2,6.3,0.9,False,False,cross_sectional_primary
20260725,STOXX600,RTO.L,Industrials,ev_ebitda,11.75,15.3465,,15.3465,,False,cross_sectional,10.0,50.0,-0.2,59.8,0.5,True,True,cross_sectional_primary
20260725,STOXX600,SRG.MI,Utilities,ev_ebitda,,12.932,,12.932,,False,UNMEASURED,,1.7,-0.0,1.6,0.5,False,False,cross_sectional_primary
20260725,STOXX600,INF.L,Communication Services,fwd_pe,13.308157,14.3904,,14.3904,,False,cross_sectional,0.0,-25.0,3.4,-21.6,0.5,True,False,cross_sectional_primary
20260725,STOXX600,PST.MI,Industrials,ev_ebitda,30.795,15.3465,,15.3465,,False,cross_sectional,-2.5,36.9,0.0,34.4,0.5,False,True,cross_sectional_primary
20260725,STOXX600,STMN.SW,Healthcare,fwd_pe,25.702665,15.7875,,15.7875,,False,cross_sectional,-2.5,-25.0,0.0,-27.5,0.5,True,True,cross_sectional_primary
20260725,STOXX600,RI.PA,Consumer Defensive,fwd_pe,10.747323,14.3138,,14.3138,,False,cross_sectional,10.0,-18.0,1.0,-7.0,0.5,False,True,cross_sectional_primary
20260725,STOXX600,CCH.L,Consumer Defensive,fwd_pe,17.786005,14.3138,,14.3138,,False,cross_sectional,-2.5,7.0,0.6,5.1,0.9,False,True,cross_sectional_primary
20260725,STOXX600,UU.L,Utilities,ev_ebitda,12.431,12.932,,12.932,,False,cross_sectional,0.0,50.0,-0.0,50.0,0.5,True,False,cross_sectional_primary
20260725,STOXX600,FGR.PA,Industrials,ev_ebitda,6.02,15.3465,,15.3465,,False,cross_sectional,10.0,7.0,0.9,17.9,0.9,False,True,cross_sectional_primary
20260725,STOXX600,KRX.IR,Industrials,ev_ebitda,13.971,15.3465,,15.3465,,False,cross_sectional,0.0,-0.6,0.1,-0.5,0.9,False,False,cross_sectional_primary
20260725,STOXX600,ENX.PA,Financial Services,fwd_pe,16.964706,15.7722,,15.7722,,False,cross_sectional,0.0,16.1,1.6,17.7,0.9,False,False,cross_sectional_primary
20260725,STOXX600,SN.L,Healthcare,fwd_pe,12.293994,15.7875,,15.7875,,False,cross_sectional,10.0,50.0,0.0,60.0,0.5,True,True,cross_sectional_primary
20260725,STOXX600,DPLM.L,Industrials,ev_ebitda,26.331,15.3465,,15.3465,,False,cross_sectional,-2.5,4.5,-1.7,0.3,0.9,False,True,cross_sectional_primary
20260725,STOXX600,IAG.L,Industrials,ev_ebitda,3.948,15.3465,,15.3465,,False,cross_sectional,10.0,50.0,2.3,62.3,0.5,True,True,cross_sectional_primary
20260725,STOXX600,SY1.DE,Basic Materials,ev_ebitda,18.739,13.387,,13.387,,False,cross_sectional,-2.5,7.0,0.0,4.5,0.7,False,True,cross_sectional_primary
20260725,STOXX600,CARL-B.CO,Consumer Defensive,fwd_pe,12.765836,14.3138,,14.3138,,False,cross_sectional,5.9,7.4,1.4,14.8,0.7,False,False,cross_sectional_primary
20260725,STOXX600,MONC.MI,Consumer Cyclical,fwd_pe,18.392761,15.1285,,15.1285,,False,cross_sectional,-2.3,6.7,-0.3,4.1,0.7,False,False,cross_sectional_primary
20260725,STOXX600,CA.PA,Consumer Defensive,fwd_pe,8.389557,14.3138,,14.3138,,False,cross_sectional,10.0,7.0,2.4,19.3,0.7,False,True,cross_sectional_primary
20260725,STOXX600,NHY.OL,Basic Materials,ev_ebitda,3.702,13.387,,13.387,,False,cross_sectional,10.0,50.0,1.5,61.5,0.5,True,True,cross_sectional_primary
20260725,STOXX600,METSO.HE,Industrials,ev_ebitda,16.347,15.3465,,15.3465,,False,cross_sectional,0.0,7.0,-0.1,6.9,0.9,False,False,cross_sectional_primary
20260725,STOXX600,BVI.PA,Industrials,ev_ebitda,11.165,15.3465,,15.3465,,False,cross_sectional,10.0,-19.2,0.3,-8.9,0.9,False,True,cross_sectional_primary
20260725,STOXX600,LISP.SW,Consumer Defensive,fwd_pe,26.494337,14.3138,,14.3138,,False,cross_sectional,-2.5,4.1,0.6,2.2,0.9,False,True,cross_sectional_primary
20260725,STOXX600,SOBI.ST,Healthcare,fwd_pe,29.414791,15.7875,,15.7875,,False,cross_sectional,-2.5,50.0,-3.3,44.2,0.5,True,True,cross_sectional_primary
20260725,STOXX600,ALE.WA,Consumer Cyclical,fwd_pe,22.708122,15.1285,,15.1285,,False,cross_sectional,-2.5,18.5,0.6,16.5,0.7,False,True,cross_sectional_primary
20260725,STOXX600,G1A.DE,Industrials,ev_ebitda,14.234,15.3465,,15.3465,,False,cross_sectional,0.0,6.6,2.7,9.3,0.9,False,False,cross_sectional_primary
20260725,STOXX600,MKS.L,Consumer Cyclical,fwd_pe,10.836134,15.1285,,15.1285,,False,cross_sectional,10.0,50.0,-0.9,59.1,0.5,True,True,cross_sectional_primary
20260725,STOXX600,AC.PA,Consumer Cyclical,fwd_pe,17.469934,15.1285,,15.1285,,False,cross_sectional,-1.7,-25.0,2.5,-24.2,0.5,True,False,cross_sectional_primary
20260725,STOXX600,ORNBV.HE,Healthcare,fwd_pe,16.774433,15.7875,,15.7875,,False,cross_sectional,0.0,50.0,-0.1,49.9,0.5,True,False,cross_sectional_primary
20260725,STOXX600,SGE.L,Technology,fwd_pe,14.944711,16.6617,,16.6617,,False,cross_sectional,5.6,14.3,2.1,22.0,0.9,False,False,cross_sectional_primary
20260725,STOXX600,BEAN.SW,Industrials,ev_ebitda,36.024,15.3465,,15.3465,,False,cross_sectional,-2.5,23.3,-0.0,20.8,0.9,False,True,cross_sectional_primary
20260725,STOXX600,RXL.PA,Technology,fwd_pe,13.016303,16.6617,11.3,16.6617,47.4,True,cross_sectional,10.0,12.9,1.1,23.9,0.5,False,True,cross_sectional_primary
20260725,STOXX600,IMI.L,Industrials,ev_ebitda,15.534,15.3465,,15.3465,,False,cross_sectional,0.0,50.0,1.9,51.9,0.5,True,False,cross_sectional_primary
20260725,STOXX600,SKA-B.ST,Industrials,ev_ebitda,12.549,15.3465,,15.3465,,False,cross_sectional,10.0,50.0,-0.0,60.0,0.5,True,True,cross_sectional_primary
20260725,STOXX600,FME.DE,Healthcare,fwd_pe,9.828439,15.7875,,15.7875,,False,cross_sectional,10.0,-17.1,0.4,-6.7,0.9,False,True,cross_sectional_primary
20260725,STOXX600,COLO-B.CO,Healthcare,fwd_pe,15.332295,15.7875,,15.7875,,False,cross_sectional,0.0,6.2,-2.8,3.4,0.7,False,False,cross_sectional_primary
20260725,STOXX600,SPIE.PA,Industrials,ev_ebitda,11.824,15.3465,,15.3465,,False,cross_sectional,10.0,-11.3,-1.4,-2.7,0.9,False,True,cross_sectional_primary
20260725,STOXX600,TEN.MI,Energy,ev_ebitda,8.163,8.816,,8.816,,False,cross_sectional,0.0,13.7,5.4,19.1,0.9,False,False,cross_sectional_primary
20260725,STOXX600,MOWI.OL,Consumer Defensive,fwd_pe,11.42945,14.3138,,14.3138,,False,cross_sectional,10.0,50.0,-0.2,59.8,0.5,True,True,cross_sectional_primary
20260725,STOXX600,TEL2-B.ST,Communication Services,fwd_pe,24.735249,14.3904,,14.3904,,False,cross_sectional,-2.5,1.2,-0.1,-1.4,0.9,False,True,cross_sectional_primary
20260725,STOXX600,HEIO.AS,Consumer Defensive,fwd_pe,11.102363,14.3138,,14.3138,,False,cross_sectional,10.0,5.9,0.5,16.4,0.9,False,True,cross_sectional_primary
20260725,STOXX600,EVO.ST,Consumer Cyclical,fwd_pe,9.691814,15.1285,,15.1285,,False,cross_sectional,10.0,4.3,3.3,17.6,0.9,False,True,cross_sectional_primary
20260725,STOXX600,ADDT-B.ST,Industrials,ev_ebitda,25.624,15.3465,,15.3465,,False,cross_sectional,-2.5,14.8,-0.1,12.2,0.9,False,True,cross_sectional_primary
20260725,STOXX600,SECU-B.ST,Industrials,ev_ebitda,9.288,15.3465,,15.3465,,False,cross_sectional,10.0,22.4,0.0,32.4,0.5,False,True,cross_sectional_primary
20260725,STOXX600,MICC.AS,Consumer Defensive,fwd_pe,15.117828,14.3138,,14.3138,,False,cross_sectional,0.0,9.1,-0.3,8.8,0.7,False,False,cross_sectional_primary
20260725,STOXX600,HOT.DE,Industrials,ev_ebitda,24.993,15.3465,,15.3465,,False,cross_sectional,-2.5,-25.0,-0.0,-27.5,0.5,True,True,cross_sectional_primary
20260725,STOXX600,ACLN.SW,Industrials,ev_ebitda,21.026,15.3465,,15.3465,,False,cross_sectional,-2.5,44.0,-0.1,41.4,0.5,False,True,cross_sectional_primary
20260725,STOXX600,ERF.PA,Healthcare,fwd_pe,14.1308775,15.7875,,15.7875,,False,cross_sectional,5.7,28.4,2.9,37.0,0.5,False,False,cross_sectional_primary
20260725,STOXX600,PNDORA.CO,Consumer Cyclical,fwd_pe,18.135963,15.1285,,15.1285,,False,cross_sectional,-2.2,-10.0,5.3,-6.9,0.9,False,False,cross_sectional_primary
20260725,STOXX600,GAW.L,Consumer Cyclical,fwd_pe,32.117104,15.1285,,15.1285,,False,cross_sectional,-2.5,10.7,-0.2,8.0,0.9,False,True,cross_sectional_primary
20260725,STOXX600,WEIR.L,Industrials,ev_ebitda,16.354,15.3465,,15.3465,,False,cross_sectional,0.0,-25.0,0.0,-25.0,0.5,True,False,cross_sectional_primary
20260725,STOXX600,TREL-B.ST,Industrials,ev_ebitda,13.664,15.3465,,15.3465,,False,cross_sectional,6.0,20.1,4.5,30.6,0.5,False,False,cross_sectional_primary
20260725,STOXX600,DHER.DE,Consumer Cyclical,fwd_pe,44.603558,15.1285,,15.1285,,False,cross_sectional,-2.5,50.0,-5.5,42.0,0.5,True,True,cross_sectional_primary
20260725,STOXX600,GTT.PA,Energy,ev_ebitda,13.088,8.816,,8.816,,False,cross_sectional,-2.5,31.4,-0.1,28.8,0.9,False,True,cross_sectional_primary
20260725,STOXX600,ORK.OL,Consumer Defensive,fwd_pe,14.809523,14.3138,,14.3138,,False,cross_sectional,0.0,-4.5,-0.1,-4.6,0.9,False,False,cross_sectional_primary
20260725,STOXX600,SBRY.L,Consumer Defensive,fwd_pe,12.961642,14.3138,,14.3138,,False,cross_sectional,5.1,29.9,0.4,35.4,0.5,False,False,cross_sectional_primary
20260725,STOXX600,SUBC.OL,Energy,price_fcf,82.04615418340758,19.9531,,19.9531,,False,cross_sectional,-2.5,50.0,0.2,47.7,0.5,True,True,cross_sectional_primary
20260725,STOXX600,BEI.DE,Consumer Defensive,fwd_pe,17.204884,14.3138,,14.3138,,False,cross_sectional,-2.2,19.6,0.4,17.8,0.9,False,False,cross_sectional_primary
20260725,STOXX600,KBX.DE,Consumer Cyclical,fwd_pe,19.712675,15.1285,,15.1285,,False,cross_sectional,-2.5,13.1,0.0,10.6,0.9,False,True,cross_sectional_primary
20260725,STOXX600,HM-B.ST,Consumer Cyclical,fwd_pe,18.542374,15.1285,,15.1285,,False,cross_sectional,-2.4,0.7,0.8,-0.9,0.9,False,False,cross_sectional_primary
20260725,STOXX600,MRO.L,Industrials,ev_ebitda,8.256,15.3465,,15.3465,,False,cross_sectional,10.0,50.0,4.7,64.7,0.5,True,True,cross_sectional_primary
20260725,STOXX600,ELI.BR,Utilities,ev_ebitda,12.932,12.932,,12.932,,False,cross_sectional,0.0,-23.5,-10.0,-33.5,0.5,False,False,cross_sectional_primary
20260725,STOXX600,NKT.CO,Industrials,ev_ebitda,,15.3465,,15.3465,,False,UNMEASURED,,8.0,-3.4,4.6,0.7,False,False,cross_sectional_primary
20260725,STOXX600,ZAL.DE,Consumer Cyclical,fwd_pe,14.791178,15.1285,,15.1285,,False,cross_sectional,0.0,17.4,-0.2,17.1,0.7,False,False,cross_sectional_primary
20260725,STOXX600,LIFCO-B.ST,Industrials,ev_ebitda,21.496,15.3465,,15.3465,,False,cross_sectional,-2.5,17.8,0.0,15.3,0.9,False,True,cross_sectional_primary
20260725,STOXX600,IG.MI,Utilities,ev_ebitda,10.62,12.932,,12.932,,False,cross_sectional,10.0,-15.3,-8.5,-13.8,0.9,False,True,cross_sectional_primary
20260725,STOXX600,LPP.WA,Consumer Cyclical,fwd_pe,15.814187,15.1285,,15.1285,,False,cross_sectional,0.0,42.1,-0.1,42.0,0.5,False,False,cross_sectional_primary
20260725,STOXX600,ANA.MC,Industrials,ev_ebitda,11.983,15.3465,,15.3465,,False,cross_sectional,10.0,-9.5,0.2,0.7,0.9,False,True,cross_sectional_primary
20260725,STOXX600,KCR.HE,Industrials,ev_ebitda,10.429,15.3465,,15.3465,,False,cross_sectional,10.0,-9.5,0.0,0.5,0.5,False,True,cross_sectional_primary
20260725,STOXX600,SPX.L,Industrials,ev_ebitda,15.633,15.3465,,15.3465,,False,cross_sectional,0.0,0.8,-0.1,0.7,0.9,False,False,cross_sectional_primary
20260725,STOXX600,EDEN.PA,Financial Services,fwd_pe,10.873593,15.7722,,15.7722,,False,cross_sectional,10.0,-6.3,0.6,4.3,0.9,False,True,cross_sectional_primary
20260725,STOXX600,IPN.PA,Healthcare,fwd_pe,11.645038,15.7875,,15.7875,,False,cross_sectional,10.0,-3.9,-0.0,6.1,0.9,False,True,cross_sectional_primary
20260725,STOXX600,ISS.CO,Industrials,ev_ebitda,13.9,15.3465,,15.3465,,False,cross_sectional,5.1,0.1,5.2,10.4,0.9,False,False,cross_sectional_primary
20260725,STOXX600,INDT.ST,Industrials,ev_ebitda,18.939,15.3465,,15.3465,,False,cross_sectional,-2.5,22.8,-0.0,20.3,0.9,False,False,cross_sectional_primary
20260725,STOXX600,REC.MI,Healthcare,fwd_pe,13.534528,15.7875,,15.7875,,False,cross_sectional,8.0,22.4,-0.0,30.4,0.9,False,False,cross_sectional_primary
20260725,STOXX600,LTMC.MI,Consumer Cyclical,fwd_pe,10.774528,15.1285,,15.1285,,False,cross_sectional,10.0,40.0,-0.8,49.2,0.5,False,True,cross_sectional_primary
20260725,STOXX600,ACKB.BR,Industrials,ev_ebitda,8.58,15.3465,,15.3465,,False,cross_sectional,10.0,23.1,0.7,33.8,0.9,False,True,cross_sectional_primary
20260725,STOXX600,SPM.MI,Energy,ev_ebitda,7.019,8.816,,8.816,,False,cross_sectional,10.0,30.6,-5.4,35.2,0.7,False,True,cross_sectional_primary
20260725,STOXX600,ALO.PA,Industrials,ev_ebitda,7.598,15.3465,,15.3465,,False,cross_sectional,10.0,-25.0,-10.0,-25.0,0.5,True,True,cross_sectional_primary
20260725,STOXX600,IDR.MC,Technology,fwd_pe,16.49566,16.6617,,16.6617,,False,cross_sectional,0.0,-7.5,3.5,-4.0,0.9,False,False,cross_sectional_primary
20260725,STOXX600,RNO.PA,Consumer Cyclical,fwd_pe,3.7294106,15.1285,,15.1285,,False,cross_sectional,10.0,4.3,0.3,14.6,0.7,False,True,cross_sectional_primary
20260725,STOXX600,AM.PA,Industrials,ev_ebitda,13.937,15.3465,,15.3465,,False,cross_sectional,0.0,9.0,1.8,10.8,0.9,False,False,cross_sectional_primary
20260725,STOXX600,LHA.DE,Industrials,ev_ebitda,4.472,15.3465,,15.3465,,False,cross_sectional,10.0,23.3,-0.1,33.2,0.7,False,True,cross_sectional_primary
20260725,STOXX600,ELISA.HE,Communication Services,fwd_pe,13.611958,14.3904,,14.3904,,False,cross_sectional,0.0,-1.8,-0.0,-1.8,0.9,False,False,cross_sectional_primary
20260725,STOXX600,BBY.L,Industrials,ev_ebitda,17.713,15.3465,,15.3465,,False,cross_sectional,-1.7,50.0,7.7,56.0,0.5,True,False,cross_sectional_primary
20260725,STOXX600,IMCD.AS,Basic Materials,ev_ebitda,13.387,13.387,,13.387,,False,cross_sectional,0.0,-25.0,-0.3,-25.3,0.5,True,False,cross_sectional_primary
20260725,STOXX600,CTEC.L,Healthcare,fwd_pe,12.823115,15.7875,,15.7875,,False,cross_sectional,10.0,-25.0,0.4,-14.6,0.5,True,True,cross_sectional_primary
20260725,STOXX600,TPRO.MI,Technology,fwd_pe,42.83821,16.6617,,16.6617,,False,cross_sectional,-2.5,50.0,-3.3,44.2,0.9,True,True,cross_sectional_primary
20260725,STOXX600,G24.DE,Communication Services,fwd_pe,14.309923,14.3904,,14.3904,,False,cross_sectional,0.0,40.6,1.1,41.7,0.9,False,False,cross_sectional_primary
20260725,STOXX600,BEIJ-B.ST,Industrials,ev_ebitda,20.647,15.3465,,15.3465,,False,cross_sectional,-2.5,4.5,-2.0,-0.0,0.9,False,True,cross_sectional_primary
20260725,STOXX600,ANDR.VI,Industrials,ev_ebitda,9.286,15.3465,,15.3465,,False,cross_sectional,10.0,2.2,0.7,12.9,0.9,False,True,cross_sectional_primary
20260725,STOXX600,NDX1.DE,Industrials,ev_ebitda,11.569,15.3465,,15.3465,,False,cross_sectional,10.0,50.0,-3.2,56.8,0.5,True,True,cross_sectional_primary
20260725,STOXX600,WTB.L,Consumer Cyclical,fwd_pe,12.633751,15.1285,,15.1285,,False,cross_sectional,9.4,8.3,5.6,23.4,0.7,False,False,cross_sectional_primary
20260725,STOXX600,MYCR.ST,Industrials,ev_ebitda,24.96,15.3465,,15.3465,,False,cross_sectional,-2.5,18.4,-0.0,15.9,0.9,False,True,cross_sectional_primary
20260725,STOXX600,GALE.SW,Healthcare,fwd_pe,20.334738,15.7875,,15.7875,,False,cross_sectional,-2.5,-11.1,0.0,-13.6,0.9,False,True,cross_sectional_primary
20260725,STOXX600,FRO,Energy,ev_ebitda,9.322,8.816,,8.816,,False,cross_sectional,0.0,50.0,0.0,50.0,0.5,True,False,cross_sectional_primary
20260725,STOXX600,HWDN.L,Consumer Cyclical,fwd_pe,13.592887,15.1285,,15.1285,,False,cross_sectional,5.5,-1.6,0.3,4.2,0.9,False,False,cross_sectional_primary
20260725,STOXX600,NIBE-B.ST,Industrials,ev_ebitda,17.431,15.3465,,15.3465,,False,cross_sectional,-1.5,28.8,0.0,27.3,0.9,False,False,cross_sectional_primary
20260725,STOXX600,HAG.DE,Industrials,ev_ebitda,30.804,15.3465,,15.3465,,False,cross_sectional,-2.5,24.9,-4.6,17.8,0.7,False,True,cross_sectional_primary
20260725,STOXX600,JMT.LS,Consumer Defensive,fwd_pe,12.46977,14.3138,,14.3138,,False,cross_sectional,7.1,-6.3,0.1,1.0,0.9,False,False,cross_sectional_primary
20260725,STOXX600,GETI-B.ST,Healthcare,fwd_pe,21.05119,15.7875,,15.7875,,False,cross_sectional,-2.5,50.0,-0.0,47.5,0.5,True,True,cross_sectional_primary
20260725,STOXX600,FHZN.SW,Industrials,ev_ebitda,11.08,15.3465,,15.3465,,False,cross_sectional,10.0,5.8,0.0,15.8,0.9,False,True,cross_sectional_primary
20260725,STOXX600,AIXA.DE,Technology,fwd_pe,31.0053,16.6617,,16.6617,,False,cross_sectional,-2.5,50.0,-0.1,47.4,0.5,True,True,cross_sectional_primary
20260725,STOXX600,ROR.L,Industrials,ev_ebitda,20.103,15.3465,,15.3465,,False,cross_sectional,-2.5,33.1,0.2,30.8,0.5,False,True,cross_sectional_primary
20260725,STOXX600,SIGN.SW,Consumer Cyclical,fwd_pe,19.148035,15.1285,,15.1285,,False,cross_sectional,-2.5,6.6,-2.4,1.7,0.7,False,True,cross_sectional_primary
20260725,STOXX600,TE.PA,Energy,ev_ebitda,6.788,8.816,,8.816,,False,cross_sectional,10.0,-15.1,0.5,-4.6,0.9,False,True,cross_sectional_primary
20260725,STOXX600,AVOL.SW,Consumer Cyclical,fwd_pe,11.586739,15.1285,,15.1285,,False,cross_sectional,10.0,50.0,-10.0,50.0,0.5,True,True,cross_sectional_primary
20260725,STOXX600,ELIS.PA,Industrials,ev_ebitda,6.442,15.3465,,15.3465,,False,cross_sectional,10.0,-1.5,-2.3,6.2,0.9,False,True,cross_sectional_primary
20260725,STOXX600,SBMO.AS,Energy,ev_ebitda,8.816,8.816,,8.816,,False,cross_sectional,0.0,50.0,1.6,51.6,0.5,True,False,cross_sectional_primary
20260725,STOXX600,ENG.MC,Utilities,ev_ebitda,15.785,12.932,,12.932,,False,cross_sectional,-2.4,-25.0,-0.2,-27.6,0.5,True,False,cross_sectional_primary
20260725,STOXX600,LOTB.BR,Consumer Defensive,fwd_pe,39.93808,14.3138,,14.3138,,False,cross_sectional,-2.5,15.4,-0.0,12.9,0.9,False,True,cross_sectional_primary
20260725,STOXX600,ENT.L,Consumer Cyclical,fwd_pe,8.002198,15.1285,,15.1285,,False,cross_sectional,10.0,12.6,-2.3,20.3,0.7,False,True,cross_sectional_primary
20260725,STOXX600,LAGR-B.ST,Industrials,ev_ebitda,23.965,15.3465,,15.3465,,False,cross_sectional,-2.5,20.3,-0.1,17.7,0.9,False,True,cross_sectional_primary
20260725,STOXX600,ALK-B.CO,Healthcare,fwd_pe,30.282818,15.7875,,15.7875,,False,cross_sectional,-2.5,23.4,-0.1,20.8,0.9,False,True,cross_sectional_primary
20260725,STOXX600,AYV.PA,Industrials,ev_ebitda,12.854,15.3465,,15.3465,,False,cross_sectional,9.3,29.2,-6.1,32.4,0.5,False,False,cross_sectional_primary
20260725,STOXX600,DIE.BR,Consumer Cyclical,fwd_pe,11.356822,15.1285,,15.1285,,False,cross_sectional,10.0,-11.8,0.1,-1.7,0.9,False,True,cross_sectional_primary
20260725,STOXX600,ZAB.WA,Consumer Defensive,fwd_pe,20.468643,14.3138,,14.3138,,False,cross_sectional,-2.5,21.1,-0.1,18.5,0.5,False,True,cross_sectional_primary
20260725,STOXX600,R3NK.DE,Industrials,ev_ebitda,19.74,15.3465,,15.3465,,False,cross_sectional,-2.5,50.0,-0.0,47.5,0.9,True,True,cross_sectional_primary
20260725,STOXX600,BFT.WA,Consumer Cyclical,fwd_pe,118.27586,15.1285,15.7,15.1285,-3.6,False,cross_sectional,-2.5,50.0,-4.2,43.3,0.5,True,True,cross_sectional_primary
20260725,STOXX600,CCC.L,Technology,fwd_pe,19.96782,16.6617,14.0,16.6617,19.0,False,cross_sectional,-2.2,-2.0,3.8,-0.4,0.5,False,False,cross_sectional_primary
20260725,STOXX600,SALM.OL,Consumer Defensive,fwd_pe,13.0146885,14.3138,,14.3138,,False,cross_sectional,0.0,28.8,-1.0,27.8,0.7,False,False,cross_sectional_primary
20260725,STOXX600,BIM.PA,Healthcare,fwd_pe,14.409491,15.7875,,15.7875,,False,cross_sectional,0.0,9.4,-0.1,9.3,0.9,False,False,cross_sectional_primary
20260725,STOXX600,INCH.L,Consumer Cyclical,fwd_pe,8.485553,15.1285,,15.1285,,False,cross_sectional,10.0,-25.0,4.6,-10.4,0.5,True,True,cross_sectional_primary
20260725,STOXX600,CWK.L,Consumer Defensive,fwd_pe,16.188831,14.3138,,14.3138,,False,cross_sectional,-1.5,16.0,-0.5,14.0,0.9,False,False,cross_sectional_primary
20260725,STOXX600,TEMN.SW,Technology,fwd_pe,14.735756,16.6617,,16.6617,,False,cross_sectional,6.3,-25.0,1.7,-16.9,0.5,True,False,cross_sectional_primary
20260725,STOXX600,NEM.DE,Technology,fwd_pe,18.441433,16.6617,,16.6617,,False,cross_sectional,0.0,33.8,0.0,33.8,0.9,False,False,cross_sectional_primary
20260725,STOXX600,FTK.DE,Financial Services,fwd_pe,15.353161,15.7722,23.2,15.7722,-32.0,True,cross_sectional,0.0,35.6,0.1,35.7,0.5,False,False,cross_sectional_primary
20260725,STOXX600,SECT-B.ST,Healthcare,fwd_pe,79.10714,15.7875,,15.7875,,False,cross_sectional,-2.5,20.0,0.0,17.5,0.9,False,True,cross_sectional_primary
20260725,STOXX600,VALMT.HE,Industrials,ev_ebitda,8.798,15.3465,,15.3465,,False,cross_sectional,10.0,-25.0,-0.0,-15.0,0.9,True,True,cross_sectional_primary
20260725,STOXX600,EVD.DE,Communication Services,fwd_pe,15.465789,14.3904,,14.3904,,False,cross_sectional,0.0,38.2,0.0,38.2,0.9,False,False,cross_sectional_primary
20260725,STOXX600,MTO.L,Industrials,ev_ebitda,10.998,15.3465,,15.3465,,False,cross_sectional,10.0,-25.0,1.6,-13.4,0.9,True,True,cross_sectional_primary
20260725,STOXX600,CPR.MI,Consumer Defensive,fwd_pe,16.046787,14.3138,,14.3138,,False,cross_sectional,-1.4,9.7,-5.5,2.8,0.7,False,False,cross_sectional_primary
20260725,STOXX600,FR.PA,Consumer Cyclical,fwd_pe,6.5116763,15.1285,,15.1285,,False,cross_sectional,10.0,1.2,-0.2,11.0,0.9,False,True,cross_sectional_primary
20260725,STOXX600,BZU.MI,Basic Materials,ev_ebitda,5.355,13.387,,13.387,,False,cross_sectional,10.0,3.2,1.1,14.3,0.9,False,True,cross_sectional_primary
20260725,STOXX600,RAA.DE,Industrials,ev_ebitda,18.914,15.3465,,15.3465,,False,cross_sectional,-2.5,4.2,0.0,1.7,0.9,False,False,cross_sectional_primary
20260725,STOXX600,DNP.WA,Consumer Defensive,fwd_pe,1.5830584,14.3138,,14.3138,,False,cross_sectional,10.0,0.8,0.0,10.8,0.9,False,True,cross_sectional_primary
20260725,STOXX600,DEMANT.CO,Healthcare,fwd_pe,17.96858,15.7875,,15.7875,,False,cross_sectional,-1.6,-25.0,2.0,-24.6,0.9,True,False,cross_sectional_primary
20260725,STOXX600,SFZN.SW,Healthcare,fwd_pe,15.213069,15.7875,,15.7875,,False,cross_sectional,0.0,16.0,-0.9,15.1,0.9,False,False,cross_sectional_primary
20260725,STOXX600,AAF.L,Communication Services,fwd_pe,13.540108,14.3904,,14.3904,,False,cross_sectional,0.0,29.1,0.7,29.8,0.9,False,False,cross_sectional_primary
20260725,STOXX600,ADP.PA,Industrials,ev_ebitda,9.227,15.3465,,15.3465,,False,cross_sectional,10.0,21.7,-0.1,31.6,0.7,False,True,cross_sectional_primary
20260725,STOXX600,IFCN.SW,Technology,fwd_pe,31.696896,16.6617,,16.6617,,False,cross_sectional,-2.5,-25.0,-0.0,-27.5,0.5,True,True,cross_sectional_primary
20260725,STOXX600,LOOMIS.ST,Industrials,ev_ebitda,7.93,15.3465,,15.3465,,False,cross_sectional,10.0,41.7,2.3,54.0,0.5,False,True,cross_sectional_primary
20260725,STOXX600,HIK.L,Healthcare,fwd_pe,8.60539,15.7875,,15.7875,,False,cross_sectional,10.0,23.5,-0.1,33.4,0.9,False,True,cross_sectional_primary
20260725,STOXX600,PIRC.MI,Consumer Cyclical,fwd_pe,10.898517,15.1285,,15.1285,,False,cross_sectional,10.0,10.9,0.2,21.1,0.9,False,True,cross_sectional_primary
20260725,STOXX600,TUI1.DE,Consumer Cyclical,fwd_pe,4.901232,15.1285,,15.1285,,False,cross_sectional,10.0,26.1,-10.0,26.1,0.7,False,True,cross_sectional_primary
20260725,STOXX600,BAMNB.AS,Industrials,ev_ebitda,8.396,15.3465,,15.3465,,False,cross_sectional,10.0,7.0,2.0,19.0,0.7,False,True,cross_sectional_primary
20260725,STOXX600,TCAP.L,Financial Services,fwd_pe,9.447204,15.7722,15.4,15.7722,2.4,False,cross_sectional,10.0,17.4,1.7,29.1,0.5,False,True,cross_sectional_primary
20260725,STOXX600,GBF.DE,Industrials,ev_ebitda,8.301,15.3465,,15.3465,,False,cross_sectional,10.0,17.9,0.3,28.2,0.9,False,True,cross_sectional_primary
20260725,STOXX600,SFSN.SW,Industrials,ev_ebitda,10.846,15.3465,,15.3465,,False,cross_sectional,10.0,33.6,0.0,43.6,0.5,False,True,cross_sectional_primary
20260725,STOXX600,SRP.L,Industrials,ev_ebitda,11.913,15.3465,,15.3465,,False,cross_sectional,10.0,6.2,4.3,20.4,0.7,False,True,cross_sectional_primary
20260725,STOXX600,OCTV-SDB.ST,Technology,fwd_pe,107.28188,16.6617,,16.6617,,False,cross_sectional,-2.5,-20.3,0.0,-22.8,0.5,False,True,cross_sectional_primary
20260725,STOXX600,KGX.DE,Industrials,ev_ebitda,7.393,15.3465,,15.3465,,False,cross_sectional,10.0,20.5,0.0,30.5,0.7,False,True,cross_sectional_primary
20260725,STOXX600,RBREW.CO,Consumer Defensive,fwd_pe,12.235085,14.3138,,14.3138,,False,cross_sectional,8.2,40.0,-0.1,48.1,0.5,False,False,cross_sectional_primary
20260725,STOXX600,NEXI.MI,Technology,fwd_pe,5.971545,16.6617,,16.6617,,False,cross_sectional,10.0,2.4,1.1,13.5,0.7,False,True,cross_sectional_primary
20260725,STOXX600,ARCAD.AS,Industrials,ev_ebitda,11.124,15.3465,,15.3465,,False,cross_sectional,10.0,-21.8,0.4,-11.4,0.9,False,True,cross_sectional_primary
20260725,STOXX600,GRF.MC,Healthcare,fwd_pe,8.639401,15.7875,,15.7875,,False,cross_sectional,10.0,23.1,-0.1,33.0,0.7,False,True,cross_sectional_primary
20260725,STOXX600,FDJU.PA,Consumer Cyclical,fwd_pe,8.305014,15.1285,,15.1285,,False,cross_sectional,10.0,-25.0,1.4,-13.6,0.5,True,True,cross_sectional_primary
20260725,STOXX600,ZEAL.CO,Healthcare,fwd_pe,37.359856,15.7875,,15.7875,,False,cross_sectional,-2.5,-25.0,-10.0,-37.5,0.5,True,True,cross_sectional_primary
20260725,STOXX600,BC.MI,Consumer Cyclical,fwd_pe,31.616236,15.1285,,15.1285,,False,cross_sectional,-2.5,5.5,0.0,3.0,0.9,False,True,cross_sectional_primary
20260725,STOXX600,AKER.OL,Industrials,ev_ebitda,4.829,15.3465,,15.3465,,False,cross_sectional,10.0,2.9,0.0,12.9,0.7,False,True,cross_sectional_primary
20260725,STOXX600,SUN.SW,Industrials,ev_ebitda,9.778,15.3465,,15.3465,,False,cross_sectional,10.0,13.8,0.3,24.1,0.9,False,True,cross_sectional_primary
20260725,STOXX600,DLG.MI,Consumer Cyclical,fwd_pe,15.045682,15.1285,,15.1285,,False,cross_sectional,0.0,6.0,0.2,6.2,0.7,False,False,cross_sectional_primary
20260725,STOXX600,FPE3.DE,Basic Materials,ev_ebitda,9.689,13.387,,13.387,,False,cross_sectional,10.0,6.4,1.4,17.8,0.7,False,True,cross_sectional_primary
20260725,STOXX600,TEP.PA,Industrials,ev_ebitda,4.522,15.3465,,15.3465,,False,cross_sectional,10.0,8.6,-0.0,18.6,0.9,False,True,cross_sectional_primary
20260725,STOXX600,LATO-B.ST,Industrials,ev_ebitda,31.781,15.3465,,15.3465,,False,cross_sectional,-2.5,-25.0,0.0,-27.5,0.5,True,True,cross_sectional_primary
20260725,STOXX600,SESG.PA,Communication Services,price_fcf,8.218677333333334,19.9531,,19.9531,,False,cross_sectional,10.0,26.6,8.8,45.3,0.5,False,True,cross_sectional_primary
20260725,STOXX600,FRA.DE,Industrials,ev_ebitda,11.36,15.3465,,15.3465,,False,cross_sectional,10.0,8.7,-0.0,18.7,0.7,False,True,cross_sectional_primary
20260725,STOXX600,TGS.OL,Energy,ev_ebitda,46.889,8.816,,8.816,,False,cross_sectional,-2.5,16.2,-10.0,3.7,0.7,False,True,cross_sectional_primary
20260725,STOXX600,BC8.DE,Technology,fwd_pe,15.096572,16.6617,,16.6617,,False,cross_sectional,5.1,15.9,0.0,21.0,0.9,False,False,cross_sectional_primary
20260725,STOXX600,PNN.L,Utilities,ev_ebitda,13.426,12.932,,12.932,,False,cross_sectional,0.0,15.4,-10.0,5.4,0.7,False,False,cross_sectional_primary
20260725,STOXX600,SOP.PA,Technology,fwd_pe,7.982005,16.6617,,16.6617,,False,cross_sectional,10.0,25.4,2.4,37.8,0.9,False,True,cross_sectional_primary
20260725,STOXX600,JD.L,Consumer Cyclical,fwd_pe,7.0687323,15.1285,,15.1285,,False,cross_sectional,10.0,-14.4,0.4,-4.0,0.9,False,True,cross_sectional_primary
20260725,STOXX600,AXFO.ST,Consumer Defensive,fwd_pe,18.744,14.3138,,14.3138,,False,cross_sectional,-2.5,3.5,0.0,1.0,0.9,False,True,cross_sectional_primary
20260725,STOXX600,REY.MI,Technology,fwd_pe,12.549541,16.6617,,16.6617,,False,cross_sectional,10.0,5.6,0.0,15.6,0.7,False,True,cross_sectional_primary
20260725,STOXX600,PUIG.MC,Consumer Defensive,fwd_pe,13.972681,14.3138,,14.3138,,False,cross_sectional,0.0,-15.4,-10.0,-25.4,0.5,False,False,cross_sectional_primary
20260725,STOXX600,KMAR.OL,Industrials,ev_ebitda,13.009,15.3465,,15.3465,,False,cross_sectional,8.6,12.5,0.0,21.1,0.7,False,False,cross_sectional_primary
20260725,STOXX600,TOM.OL,Industrials,price_fcf,173.7174956114687,19.9531,,19.9531,,False,cross_sectional,-2.5,-0.4,-0.0,-2.9,0.9,False,True,cross_sectional_primary
20260725,STOXX600,THULE.ST,Consumer Cyclical,fwd_pe,15.211267,15.1285,,15.1285,,False,cross_sectional,0.0,4.9,-1.2,3.7,0.9,False,False,cross_sectional_primary
20260725,STOXX600,VIS.MC,Consumer Cyclical,fwd_pe,14.385702,15.1285,,15.1285,,False,cross_sectional,0.0,8.2,0.7,8.9,0.7,False,False,cross_sectional_primary
20260807,SP500,NVDA,Technology,fwd_pe,16.988571,19.4627,,19.4627,,False,cross_sectional,7.0,50.0,0.9,57.9,0.5,True,False,cross_sectional_primary
20260807,SP500,AAPL,Technology,fwd_pe,32.84008,19.4627,,19.4627,,False,cross_sectional,-2.5,28.7,2.6,28.8,0.5,False,True,cross_sectional_primary
20260807,SP500,MSFT,Technology,fwd_pe,21.298962,19.4627,,19.4627,,False,cross_sectional,0.0,31.7,0.1,31.8,0.9,False,False,cross_sectional_primary
20260807,SP500,AMZN,Consumer Cyclical,fwd_pe,26.358925,17.5057,,17.5057,,False,cross_sectional,-2.5,50.0,-1.6,45.9,0.5,True,True,cross_sectional_primary
20260807,SP500,GOOGL,Communication Services,fwd_pe,24.279867,14.0346,,14.0346,,False,cross_sectional,-2.5,50.0,2.0,49.5,0.5,True,True,cross_sectional_primary
20260807,SP500,AVGO,Technology,fwd_pe,21.576332,19.4627,,19.4627,,False,cross_sectional,-1.3,50.0,-6.6,42.1,0.5,True,False,cross_sectional_primary
20260807,SP500,GOOG,Communication Services,fwd_pe,24.203175,14.0346,,14.0346,,False,cross_sectional,-2.5,50.0,2.0,49.5,0.5,True,True,cross_sectional_primary
20260807,SP500,META,Communication Services,fwd_pe,16.788929,14.0346,,14.0346,,False,cross_sectional,-2.1,-13.4,1.1,-14.5,0.5,False,False,cross_sectional_primary
20260807,SP500,MU,Technology,fwd_pe,5.6663194,19.4627,,19.4627,,False,cross_sectional,10.0,50.0,-1.5,58.5,0.9,True,True,cross_sectional_primary
20260807,SP500,LLY,Healthcare,fwd_pe,25.812708,16.2441,,16.2441,,False,cross_sectional,-2.5,26.2,0.2,23.9,0.9,False,True,cross_sectional_primary
20260807,SP500,TSLA,Consumer Cyclical,fwd_pe,143.98238,17.5057,,17.5057,,False,cross_sectional,-2.5,-3.0,-0.6,-6.1,0.9,False,True,cross_sectional_primary
20260807,SP500,AMD,Technology,fwd_pe,35.15564,19.4627,,19.4627,,False,cross_sectional,-2.5,50.0,-0.3,47.2,0.5,True,True,cross_sectional_primary
20260807,SP500,JNJ,Healthcare,fwd_pe,20.879951,16.2441,,16.2441,,False,cross_sectional,-2.5,-0.9,2.6,-0.8,0.9,False,True,cross_sectional_primary
20260807,SP500,V,Financial Services,fwd_pe,24.751661,22.5968,,22.5968,,False,cross_sectional,0.0,10.2,6.5,16.7,0.9,False,False,cross_sectional_primary
20260807,SP500,WMT,Consumer Defensive,fwd_pe,34.153732,16.8799,,16.8799,,False,cross_sectional,-2.5,19.4,0.5,17.4,0.9,False,True,cross_sectional_primary
20260807,SP500,CSCO,Technology,fwd_pe,25.206387,19.4627,,19.4627,,False,cross_sectional,-2.5,37.1,1.3,35.9,0.5,False,True,cross_sectional_primary
20260807,SP500,MA,Financial Services,fwd_pe,25.036417,22.5968,34.7,22.5968,-34.9,True,cross_sectional,0.0,22.1,2.1,24.2,0.9,False,False,cross_sectional_primary
20260807,SP500,ABBV,Healthcare,fwd_pe,14.92986,16.2441,,16.2441,,False,cross_sectional,0.0,50.0,0.0,50.0,0.5,True,False,cross_sectional_primary
20260807,SP500,AMAT,Technology,fwd_pe,30.935354,19.4627,18.7,19.4627,4.1,False,cross_sectional,-2.5,33.5,2.2,33.2,0.5,False,True,cross_sectional_primary
20260807,SP500,COST,Consumer Defensive,fwd_pe,41.909443,16.8799,,16.8799,,False,cross_sectional,-2.5,45.5,-0.0,43.0,0.5,False,True,cross_sectional_primary
20260807,SP500,CAT,Industrials,ev_ebitda,27.052,18.7115,,18.7115,,False,cross_sectional,-2.5,50.0,4.1,51.6,0.5,True,True,cross_sectional_primary
20260807,SP500,GE,Industrials,ev_ebitda,34.758,18.7115,,18.7115,,False,cross_sectional,-2.5,19.4,1.4,18.3,0.5,False,True,cross_sectional_primary
20260807,SP500,LRCX,Technology,fwd_pe,26.530512,19.4627,23.4,19.4627,-16.8,False,cross_sectional,-2.5,34.7,2.5,34.7,0.5,False,True,cross_sectional_primary
20260807,SP500,UNH,Healthcare,fwd_pe,18.005888,16.2441,,16.2441,,False,cross_sectional,-1.3,50.0,1.4,50.2,0.5,True,False,cross_sectional_primary
20260807,SP500,PLTR,Technology,fwd_pe,67.79838,19.4627,282.1,19.4627,-93.1,True,cross_sectional,-2.5,50.0,-5.7,41.8,0.5,True,True,cross_sectional_primary
20260807,SP500,HD,Consumer Cyclical,fwd_pe,21.688545,17.5057,,17.5057,,False,cross_sectional,-2.5,-4.3,0.3,-6.5,0.9,False,True,cross_sectional_primary
20260807,SP500,PG,Consumer Defensive,fwd_pe,19.834597,16.8799,,16.8799,,False,cross_sectional,-1.9,-15.5,1.0,-16.4,0.9,False,False,cross_sectional_primary
20260807,SP500,KO,Consumer Defensive,fwd_pe,24.628654,16.8799,,16.8799,,False,cross_sectional,-2.5,16.9,0.3,14.7,0.9,False,True,cross_sectional_primary
20260807,SP500,MRK,Healthcare,fwd_pe,13.37115,16.2441,,16.2441,,False,cross_sectional,10.0,50.0,1.9,61.9,0.5,True,True,cross_sectional_primary
20260807,SP500,NFLX,Communication Services,fwd_pe,19.302906,14.0346,,14.0346,,False,cross_sectional,-2.5,11.1,1.7,10.3,0.9,False,True,cross_sectional_primary
20260807,SP500,RTX,Industrials,ev_ebitda,20.963,18.7115,,18.7115,,False,cross_sectional,-1.4,28.7,2.8,30.1,0.5,False,False,cross_sectional_primary
20260807,SP500,PM,Consumer Defensive,fwd_pe,20.509817,16.8799,,16.8799,,False,cross_sectional,-2.3,-7.5,-0.2,-10.0,0.9,False,False,cross_sectional_primary
20260807,SP500,PANW,Technology,fwd_pe,87.20321,19.4627,,19.4627,,False,cross_sectional,-2.5,7.4,-1.8,3.2,0.7,False,True,cross_sectional_primary
20260807,SP500,GEV,Industrials,price_fcf,71.80956166900269,25.3921,,25.3921,,False,cross_sectional,-2.5,32.8,-0.3,30.0,0.9,False,True,cross_sectional_primary
20260807,SP500,KLAC,Technology,fwd_pe,29.50248,19.4627,,19.4627,,False,cross_sectional,-2.5,14.7,2.3,14.5,0.9,False,True,cross_sectional_primary
20260807,SP500,ORCL,Technology,fwd_pe,13.174291,19.4627,,19.4627,,False,cross_sectional,10.0,21.9,-1.6,30.3,0.9,False,True,cross_sectional_primary
20260807,SP500,LIN,Basic Materials,ev_ebitda,18.13,17.881,,17.881,,False,cross_sectional,0.0,11.3,2.1,13.4,0.9,False,False,cross_sectional_primary
20260807,SP500,IBM,Technology,fwd_pe,17.717768,19.4627,,19.4627,,False,cross_sectional,0.0,-1.8,-1.4,-3.2,0.9,False,False,cross_sectional_primary
20260807,SP500,AMGN,Healthcare,fwd_pe,16.863003,16.2441,,16.2441,,False,cross_sectional,0.0,50.0,-0.4,49.6,0.5,True,False,cross_sectional_primary
20260807,SP500,CRWD,Technology,fwd_pe,132.71602,19.4627,,19.4627,,False,cross_sectional,-2.5,21.5,-1.4,17.6,0.7,False,True,cross_sectional_primary
20260807,SP500,APH,Technology,fwd_pe,26.459696,19.4627,,19.4627,,False,cross_sectional,-2.5,50.0,-1.5,46.0,0.5,True,True,cross_sectional_primary
20260807,SP500,ANET,Technology,fwd_pe,37.662174,19.4627,41.4,19.4627,-53.0,True,cross_sectional,-2.5,35.7,-0.3,32.9,0.5,False,True,cross_sectional_primary
20260807,SP500,SNDK,Technology,fwd_pe,4.88136,19.4627,,19.4627,,False,cross_sectional,10.0,17.0,0.0,27.0,0.7,False,True,cross_sectional_primary
20260807,SP500,MCD,Consumer Cyclical,fwd_pe,19.746159,17.5057,,17.5057,,False,cross_sectional,-1.5,5.7,1.1,5.3,0.9,False,False,cross_sectional_primary
20260807,SP500,VZ,Communication Services,fwd_pe,8.898796,14.0346,,14.0346,,False,cross_sectional,10.0,-22.0,-0.2,-12.2,0.9,False,True,cross_sectional_primary
20260807,SP500,PEP,Consumer Defensive,fwd_pe,15.41916,16.8799,,16.8799,,False,cross_sectional,0.0,50.0,0.4,50.4,0.5,True,False,cross_sectional_primary
20260807,SP500,BA,Industrials,ev_ebitda,,18.7115,,18.7115,,False,UNMEASURED,,3.8,-10.0,-6.2,0.5,False,False,cross_sectional_primary
20260807,SP500,STX,Technology,fwd_pe,15.404162,19.4627,53.5,19.4627,-63.6,True,cross_sectional,10.0,50.0,-3.9,56.1,0.5,True,True,cross_sectional_primary
20260807,SP500,MRVL,Technology,fwd_pe,33.735302,19.4627,,19.4627,,False,cross_sectional,-2.5,-25.0,-0.5,-28.0,0.5,True,True,cross_sectional_primary
20260807,SP500,ABT,Healthcare,fwd_pe,17.80757,16.2441,,16.2441,,False,cross_sectional,0.0,-25.0,0.0,-25.0,0.5,True,False,cross_sectional_primary
20260807,SP500,NEE,Utilities,ev_ebitda,20.203,13.2505,,13.2505,,False,cross_sectional,-2.5,50.0,-1.3,46.2,0.5,True,True,cross_sectional_primary
20260807,SP500,WDC,Technology,fwd_pe,14.184295,19.4627,19.2,19.4627,1.4,False,cross_sectional,10.0,50.0,-6.3,53.7,0.5,True,True,cross_sectional_primary
20260807,SP500,TJX,Consumer Cyclical,fwd_pe,28.147436,17.5057,,17.5057,,False,cross_sectional,-2.5,29.3,1.3,28.1,0.9,False,True,cross_sectional_primary
20260807,SP500,DIS,Communication Services,fwd_pe,14.034636,14.0346,,14.0346,,False,cross_sectional,0.0,-25.0,0.5,-24.5,0.5,True,False,cross_sectional_primary
20260807,SP500,ETN,Industrials,ev_ebitda,29.335,18.7115,,18.7115,,False,cross_sectional,-2.5,-15.9,1.2,-17.2,0.9,False,True,cross_sectional_primary
20260807,SP500,QCOM,Technology,fwd_pe,15.576456,19.4627,,19.4627,,False,cross_sectional,10.0,-23.0,0.9,-12.1,0.5,False,True,cross_sectional_primary
20260807,SP500,GILD,Healthcare,fwd_pe,13.296213,16.2441,,16.2441,,False,cross_sectional,10.0,17.2,0.1,27.3,0.7,False,True,cross_sectional_primary
20260807,SP500,T,Communication Services,fwd_pe,9.24828,14.0346,,14.0346,,False,cross_sectional,10.0,6.2,0.5,16.7,0.9,False,True,cross_sectional_primary
20260807,SP500,CRM,Technology,fwd_pe,12.040131,19.4627,,19.4627,,False,cross_sectional,10.0,50.0,1.4,61.4,0.5,True,True,cross_sectional_primary
20260807,SP500,UBER,Technology,fwd_pe,16.086838,19.4627,,19.4627,,False,cross_sectional,10.0,50.0,-0.7,59.3,0.5,True,False,cross_sectional_primary
20260807,SP500,DELL,Technology,fwd_pe,20.029207,19.4627,,19.4627,,False,cross_sectional,0.0,50.0,1.6,51.6,0.5,True,False,cross_sectional_primary
20260807,SP500,ISRG,Healthcare,fwd_pe,30.959759,16.2441,,16.2441,,False,cross_sectional,-2.5,26.5,-0.7,23.3,0.9,False,True,cross_sectional_primary
20260807,SP500,BMY,Healthcare,fwd_pe,9.815352,16.2441,15.1,16.2441,7.6,False,cross_sectional,10.0,50.0,0.9,60.9,0.5,True,True,cross_sectional_primary
20260807,SP500,CVS,Healthcare,fwd_pe,11.365569,16.2441,,16.2441,,False,cross_sectional,10.0,50.0,0.7,60.7,0.5,True,True,cross_sectional_primary
20260807,SP500,PH,Industrials,ev_ebitda,24.605,18.7115,,18.7115,,False,cross_sectional,-2.5,-4.2,-0.1,-6.8,0.9,False,True,cross_sectional_primary
20260807,SP500,SPGI,Financial Services,fwd_pe,20.04187,22.5968,,22.5968,,False,cross_sectional,6.2,17.7,2.2,26.1,0.9,False,False,cross_sectional_primary
20260807,SP500,VRTX,Healthcare,fwd_pe,22.385748,16.2441,,16.2441,,False,cross_sectional,-2.5,8.0,0.5,6.0,0.9,False,True,cross_sectional_primary
20260807,SP500,GLW,Technology,fwd_pe,36.380215,19.4627,45.1,19.4627,-56.8,True,cross_sectional,-2.5,18.5,-0.7,15.3,0.5,False,True,cross_sectional_primary
20260807,SP500,NOW,Technology,fwd_pe,23.44098,19.4627,,19.4627,,False,cross_sectional,-2.2,-21.9,-0.8,-24.9,0.5,False,False,cross_sectional_primary
20260807,SP500,SBUX,Consumer Cyclical,fwd_pe,33.81568,17.5057,,17.5057,,False,cross_sectional,-2.5,50.0,0.5,48.0,0.5,True,True,cross_sectional_primary
20260807,SP500,LMT,Industrials,ev_ebitda,15.626,18.7115,,18.7115,,False,cross_sectional,9.4,50.0,3.6,63.0,0.5,True,False,cross_sectional_primary
20260807,SP500,HWM,Industrials,ev_ebitda,46.471,18.7115,,18.7115,,False,cross_sectional,-2.5,50.0,1.2,48.7,0.5,True,True,cross_sectional_primary
20260807,SP500,SYK,Healthcare,fwd_pe,20.133799,16.2441,,16.2441,,False,cross_sectional,-2.5,44.1,-0.4,41.2,0.5,False,True,cross_sectional_primary
20260807,SP500,APP,Communication Services,fwd_pe,15.772115,14.0346,,14.0346,,False,cross_sectional,-1.4,50.0,2.9,51.5,0.9,True,False,cross_sectional_primary
20260807,SP500,MDT,Healthcare,fwd_pe,13.398872,16.2441,,16.2441,,False,cross_sectional,10.0,18.3,1.6,29.9,0.9,False,True,cross_sectional_primary
20260807,SP500,ADP,Technology,fwd_pe,20.41371,19.4627,,19.4627,,False,cross_sectional,0.0,10.0,0.8,10.8,0.9,False,False,cross_sectional_primary
20260807,SP500,TT,Industrials,ev_ebitda,25.215,18.7115,,18.7115,,False,cross_sectional,-2.5,7.1,1.3,5.9,0.9,False,True,cross_sectional_primary
20260807,SP500,VRT,Industrials,ev_ebitda,39.631,18.7115,,18.7115,,False,cross_sectional,-2.5,50.0,-0.6,46.9,0.9,True,True,cross_sectional_primary
20260807,SP500,MCK,Healthcare,fwd_pe,17.254818,16.2441,,16.2441,,False,cross_sectional,0.0,37.2,3.8,41.0,0.5,False,False,cross_sectional_primary
20260807,SP500,SO,Utilities,ev_ebitda,12.887,13.2505,,13.2505,,False,cross_sectional,0.0,30.4,-0.4,30.0,0.9,False,False,cross_sectional_primary
20260807,SP500,ACN,Technology,fwd_pe,11.653312,19.4627,,19.4627,,False,cross_sectional,10.0,9.0,0.5,19.5,0.9,False,True,cross_sectional_primary
20260807,SP500,ADBE,Technology,fwd_pe,9.4677925,19.4627,,19.4627,,False,cross_sectional,10.0,7.9,3.5,21.4,0.9,False,True,cross_sectional_primary
20260807,SP500,PWR,Industrials,ev_ebitda,35.01,18.7115,,18.7115,,False,cross_sectional,-2.5,50.0,-0.8,46.7,0.5,True,True,cross_sectional_primary
20260807,SP500,FTNT,Technology,fwd_pe,42.58743,19.4627,40.7,19.4627,-52.2,True,cross_sectional,-2.5,43.9,1.5,42.9,0.5,False,True,cross_sectional_primary
20260807,SP500,GD,Industrials,ev_ebitda,16.534,18.7115,,18.7115,,False,cross_sectional,6.4,13.4,0.6,20.4,0.9,False,False,cross_sectional_primary
20260807,SP500,DUK,Utilities,ev_ebitda,11.508,13.2505,,13.2505,,False,cross_sectional,7.3,10.6,-0.4,17.5,0.9,False,False,cross_sectional_primary
20260807,SP500,CME,Financial Services,fwd_pe,20.44186,22.5968,,22.5968,,False,cross_sectional,5.1,2.5,-0.1,7.5,0.9,False,False,cross_sectional_primary
20260807,SP500,JCI,Industrials,ev_ebitda,23.696,18.7115,,18.7115,,False,cross_sectional,-2.5,15.3,2.5,15.3,0.5,False,True,cross_sectional_primary
20260807,SP500,DDOG,Technology,fwd_pe,77.743866,19.4627,,19.4627,,False,cross_sectional,-2.5,50.0,-1.9,45.6,0.5,True,True,cross_sectional_primary
20260807,SP500,CDNS,Technology,fwd_pe,35.48451,19.4627,,19.4627,,False,cross_sectional,-2.5,50.0,-0.1,47.4,0.5,True,True,cross_sectional_primary
20260807,SP500,EMR,Industrials,ev_ebitda,16.369,18.7115,,18.7115,,False,cross_sectional,6.9,23.0,0.9,30.8,0.5,False,False,cross_sectional_primary
20260807,SP500,INTU,Technology,fwd_pe,11.765566,19.4627,,19.4627,,False,cross_sectional,10.0,10.7,0.0,20.7,0.9,False,True,cross_sectional_primary
20260807,SP500,CMI,Industrials,ev_ebitda,18.74,18.7115,,18.7115,,False,cross_sectional,0.0,4.7,1.4,6.1,0.9,False,False,cross_sectional_primary
20260807,SP500,CMCSA,Communication Services,fwd_pe,6.948758,14.0346,,14.0346,,False,cross_sectional,10.0,-25.0,5.4,-9.6,0.9,True,True,cross_sectional_primary
20260807,SP500,WMB,Energy,ev_ebitda,17.145,11.6135,,11.6135,,False,cross_sectional,-2.5,50.0,-0.1,47.4,0.5,True,True,cross_sectional_primary
20260807,SP500,SHW,Basic Materials,ev_ebitda,21.754,17.881,,17.881,,False,cross_sectional,-2.3,14.3,1.5,13.5,0.9,False,False,cross_sectional_primary
20260807,SP500,CEG,Utilities,ev_ebitda,14.792,13.2505,,13.2505,,False,cross_sectional,-1.3,50.0,1.6,50.2,0.5,True,False,cross_sectional_primary
20260807,SP500,ICE,Financial Services,fwd_pe,17.017355,22.5968,,22.5968,,False,cross_sectional,10.0,14.2,-0.9,23.3,0.9,False,True,cross_sectional_primary
20260807,SP500,WM,Industrials,ev_ebitda,14.708,18.7115,,18.7115,,False,cross_sectional,10.0,8.3,0.3,18.6,0.9,False,True,cross_sectional_primary
20260807,SP500,RCL,Consumer Cyclical,fwd_pe,15.803984,17.5057,,17.5057,,False,cross_sectional,5.2,-4.6,1.6,2.2,0.9,False,False,cross_sectional_primary
20260807,SP500,ROST,Consumer Cyclical,fwd_pe,29.698877,17.5057,,17.5057,,False,cross_sectional,-2.5,37.4,1.9,36.8,0.5,False,True,cross_sectional_primary
20260807,SP500,TMUS,Communication Services,fwd_pe,12.464557,14.0346,,14.0346,,False,cross_sectional,6.1,5.3,2.9,14.3,0.9,False,False,cross_sectional_primary
20260807,SP500,GM,Consumer Cyclical,fwd_pe,5.911463,17.5057,,17.5057,,False,cross_sectional,10.0,-25.0,15.0,0.0,0.9,True,True,cross_sectional_primary
20260807,SP500,MDLZ,Consumer Defensive,fwd_pe,18.672539,16.8799,,16.8799,,False,cross_sectional,0.0,50.0,2.7,52.7,0.5,True,False,cross_sectional_primary
20260807,SP500,MAR,Consumer Cyclical,fwd_pe,27.36313,17.5057,,17.5057,,False,cross_sectional,-2.5,4.3,5.0,6.8,0.9,False,True,cross_sectional_primary
20260807,SP500,HON,Industrials,ev_ebitda,12.028,18.7115,,18.7115,,False,cross_sectional,10.0,50.0,1.9,61.9,0.5,True,True,cross_sectional_primary
20260807,SP500,DASH,Consumer Cyclical,fwd_pe,26.954708,17.5057,,17.5057,,False,cross_sectional,-2.5,-6.1,-5.8,-14.4,0.9,False,True,cross_sectional_primary
20260807,SP500,ITW,Industrials,ev_ebitda,19.4,18.7115,,18.7115,,False,cross_sectional,0.0,10.1,1.9,12.0,0.9,False,False,cross_sectional_primary
20260807,SP500,ORLY,Consumer Cyclical,fwd_pe,25.579842,17.5057,,17.5057,,False,cross_sectional,-2.5,10.3,3.3,11.1,0.9,False,True,cross_sectional_primary
20260807,SP500,REGN,Healthcare,fwd_pe,12.845677,16.2441,,16.2441,,False,cross_sectional,10.0,-4.5,2.3,7.8,0.9,False,True,cross_sectional_primary
20260807,SP500,SNPS,Technology,fwd_pe,23.49352,19.4627,,19.4627,,False,cross_sectional,-2.2,-25.0,-3.3,-30.6,0.5,True,False,cross_sectional_primary
20260807,SP500,CL,Consumer Defensive,fwd_pe,22.682817,16.8799,,16.8799,,False,cross_sectional,-2.5,-5.5,1.1,-6.9,0.9,False,True,cross_sectional_primary
20260807,SP500,SLB,Energy,ev_ebitda,11.697,11.6135,,11.6135,,False,cross_sectional,0.0,-25.0,0.2,-24.8,0.5,True,False,cross_sectional_primary
20260807,SP500,NOC,Industrials,ev_ebitda,13.15,18.7115,,18.7115,,False,cross_sectional,10.0,-5.8,2.7,6.9,0.9,False,True,cross_sectional_primary
20260807,SP500,HLT,Consumer Cyclical,fwd_pe,30.823282,17.5057,,17.5057,,False,cross_sectional,-2.5,14.1,5.1,16.7,0.9,False,True,cross_sectional_primary
20260807,SP500,HOOD,Financial Services,fwd_pe,28.482077,22.5968,,22.5968,,False,cross_sectional,-2.5,47.6,-1.6,43.5,0.9,False,True,cross_sectional_primary
20260807,SP500,URI,Industrials,ev_ebitda,18.683,18.7115,,18.7115,,False,cross_sectional,0.0,25.5,3.0,28.5,0.5,False,False,cross_sectional_primary
20260807,SP500,MCO,Financial Services,fwd_pe,25.015718,22.5968,,22.5968,,False,cross_sectional,0.0,50.0,1.1,51.1,0.5,True,False,cross_sectional_primary
20260807,SP500,MSI,Technology,fwd_pe,25.160774,19.4627,,19.4627,,False,cross_sectional,-2.5,-13.8,0.9,-15.4,0.9,False,True,cross_sectional_primary
20260807,SP500,ECL,Basic Materials,ev_ebitda,21.316,17.881,,17.881,,False,cross_sectional,-2.1,3.3,0.2,1.4,0.9,False,False,cross_sectional_primary
20260807,SP500,CI,Healthcare,fwd_pe,8.223186,16.2441,,16.2441,,False,cross_sectional,10.0,10.2,4.9,25.1,0.9,False,True,cross_sectional_primary
20260807,SP500,BSX,Healthcare,fwd_pe,14.337689,16.2441,,16.2441,,False,cross_sectional,6.4,15.1,-1.1,20.5,0.9,False,False,cross_sectional_primary
20260807,SP500,HPE,Technology,fwd_pe,13.06885,19.4627,,19.4627,,False,cross_sectional,10.0,13.9,-0.3,23.6,0.7,False,True,cross_sectional_primary
20260807,SP500,TDG,Industrials,ev_ebitda,19.737,18.7115,,18.7115,,False,cross_sectional,0.0,10.9,-0.9,10.0,0.9,False,False,cross_sectional_primary
20260807,SP500,AEP,Utilities,ev_ebitda,13.548,13.2505,,13.2505,,False,cross_sectional,0.0,-25.0,-1.6,-26.6,0.5,True,False,cross_sectional_primary
20260807,SP500,CTAS,Industrials,ev_ebitda,27.817,18.7115,,18.7115,,False,cross_sectional,-2.5,15.6,0.9,14.0,0.9,False,True,cross_sectional_primary
20260807,SP500,FDX,Industrials,ev_ebitda,8.791,18.7115,,18.7115,,False,cross_sectional,10.0,-4.3,2.5,8.2,0.9,False,True,cross_sectional_primary
20260807,SP500,MNST,Consumer Defensive,fwd_pe,36.27957,16.8799,,16.8799,,False,cross_sectional,-2.5,28.9,3.5,29.9,0.5,False,True,cross_sectional_primary
20260807,SP500,CRH,Basic Materials,ev_ebitda,10.768,17.881,,17.881,,False,cross_sectional,10.0,13.9,3.6,27.5,0.9,False,True,cross_sectional_primary
20260807,SP500,MPWR,Technology,fwd_pe,39.0596,19.4627,52.3,19.4627,-62.8,True,cross_sectional,-2.5,50.0,0.5,48.0,0.5,True,True,cross_sectional_primary
20260807,SP500,HONA,Industrials,price_fcf,15.49252178694158,25.3921,,25.3921,,False,cross_sectional,10.0,15.7,0.0,25.7,0.7,False,True,cross_sectional_primary
20260807,SP500,WBD,Communication Services,price_fcf,21.434070880829015,25.3921,,25.3921,,False,cross_sectional,8.8,50.0,-1.9,56.9,0.5,True,False,cross_sectional_primary
20260807,SP500,COHR,Technology,fwd_pe,39.925125,19.4627,,19.4627,,False,cross_sectional,-2.5,41.7,-6.1,33.1,0.7,False,True,cross_sectional_primary
20260807,SP500,ABNB,Consumer Cyclical,fwd_pe,25.19389,17.5057,,17.5057,,False,cross_sectional,-2.5,6.0,3.0,6.5,0.9,False,True,cross_sectional_primary
20260807,SP500,TEL,Technology,fwd_pe,16.665028,19.4627,18.4,19.4627,5.8,False,cross_sectional,8.1,19.2,2.9,30.1,0.5,False,False,cross_sectional_primary
20260807,SP500,HCA,Healthcare,fwd_pe,12.714744,16.2441,,16.2441,,False,cross_sectional,10.0,11.6,6.9,28.5,0.9,False,True,cross_sectional_primary
20260807,SP500,COR,Healthcare,fwd_pe,16.393229,16.2441,,16.2441,,False,cross_sectional,0.0,11.9,2.3,14.2,0.9,False,False,cross_sectional_primary
20260807,SP500,BKR,Energy,ev_ebitda,12.75,11.6135,,11.6135,,False,cross_sectional,0.0,-4.2,1.0,-3.2,0.9,False,False,cross_sectional_primary
20260807,SP500,FIX,Industrials,ev_ebitda,31.258,18.7115,,18.7115,,False,cross_sectional,-2.5,38.8,0.7,37.0,0.5,False,True,cross_sectional_primary
20260807,SP500,TER,Technology,fwd_pe,33.31507,19.4627,,19.4627,,False,cross_sectional,-2.5,50.0,1.4,48.9,0.5,True,True,cross_sectional_primary
20260807,SP500,DAL,Industrials,ev_ebitda,10.201,18.7115,,18.7115,,False,cross_sectional,10.0,-25.0,-0.9,-15.9,0.9,True,True,cross_sectional_primary
20260807,SP500,D,Utilities,ev_ebitda,14.155,13.2505,,13.2505,,False,cross_sectional,0.0,-25.0,-1.0,-26.0,0.5,True,False,cross_sectional_primary
20260807,SP500,AME,Industrials,ev_ebitda,23.772,18.7115,,18.7115,,False,cross_sectional,-2.5,14.2,0.1,11.8,0.9,False,True,cross_sectional_primary
20260807,SP500,CIEN,Technology,fwd_pe,41.891815,19.4627,,19.4627,,False,cross_sectional,-2.5,50.0,1.4,48.9,0.9,True,True,cross_sectional_primary
20260807,SP500,FAST,Industrials,ev_ebitda,29.943,18.7115,,18.7115,,False,cross_sectional,-2.5,14.6,-0.2,11.9,0.9,False,True,cross_sectional_primary
20260807,SP500,CAH,Healthcare,fwd_pe,19.715181,16.2441,,16.2441,,False,cross_sectional,-2.3,-19.5,3.9,-17.9,0.9,False,False,cross_sectional_primary
20260807,SP500,GWW,Industrials,ev_ebitda,19.59,18.7115,,18.7115,,False,cross_sectional,0.0,20.5,2.1,22.6,0.9,False,False,cross_sectional_primary
20260807,SP500,F,Consumer Cyclical,fwd_pe,7.2418485,17.5057,,17.5057,,False,cross_sectional,10.0,1.6,0.8,12.4,0.7,False,True,cross_sectional_primary
20260807,SP500,OKE,Energy,ev_ebitda,11.53,11.6135,,11.6135,,False,cross_sectional,0.0,14.2,-10.0,4.2,0.9,False,False,cross_sectional_primary
20260807,SP500,LHX,Industrials,ev_ebitda,33.123,18.7115,,18.7115,,False,cross_sectional,-2.5,-6.1,0.6,-8.0,0.9,False,True,cross_sectional_primary
20260807,SP500,EW,Healthcare,fwd_pe,26.461266,16.2441,,16.2441,,False,cross_sectional,-2.5,-25.0,2.0,-25.5,0.5,True,True,cross_sectional_primary
20260807,SP500,PYPL,Financial Services,fwd_pe,10.322327,22.5968,,22.5968,,False,cross_sectional,10.0,-3.1,6.5,13.4,0.9,False,True,cross_sectional_primary
20260807,SP500,CARR,Industrials,ev_ebitda,20.724,18.7115,,18.7115,,False,cross_sectional,0.0,-11.8,-0.5,-12.3,0.5,False,False,cross_sectional_primary
20260807,SP500,ADSK,Technology,fwd_pe,17.005497,19.4627,,19.4627,,False,cross_sectional,7.0,50.0,0.2,57.2,0.5,True,False,cross_sectional_primary
20260807,SP500,AZO,Consumer Cyclical,fwd_pe,17.50572,17.5057,,17.5057,,False,cross_sectional,0.0,7.7,5.0,12.7,0.9,False,False,cross_sectional_primary
20260807,SP500,WAB,Industrials,ev_ebitda,21.19,18.7115,,18.7115,,False,cross_sectional,-1.5,18.9,2.4,19.8,0.5,False,False,cross_sectional_primary
20260807,SP500,ROK,Industrials,ev_ebitda,24.951,18.7115,,18.7115,,False,cross_sectional,-2.5,40.4,1.1,39.0,0.5,False,True,cross_sectional_primary
20260807,SP500,CVNA,Consumer Cyclical,fwd_pe,30.34528,17.5057,,17.5057,,False,cross_sectional,-2.5,50.0,-5.7,41.8,0.5,True,True,cross_sectional_primary
20260807,SP500,GRMN,Technology,fwd_pe,27.76444,19.4627,20.8,19.4627,-6.4,False,cross_sectional,-2.5,35.3,-0.4,32.4,0.5,False,True,cross_sectional_primary
20260807,SP500,EBAY,Consumer Cyclical,fwd_pe,16.44126,17.5057,,17.5057,,False,cross_sectional,0.0,7.1,6.3,13.4,0.9,False,False,cross_sectional_primary
20260807,SP500,AXON,Industrials,ev_ebitda,,18.7115,,18.7115,,False,UNMEASURED,,50.0,-4.5,45.5,0.5,True,False,cross_sectional_primary
20260807,SP500,BDX,Healthcare,fwd_pe,13.2279215,16.2441,,16.2441,,False,cross_sectional,10.0,5.8,-0.0,15.7,0.7,False,True,cross_sectional_primary
20260807,SP500,EXC,Utilities,ev_ebitda,11.687,13.2505,,13.2505,,False,cross_sectional,6.5,-0.2,-0.6,5.6,0.9,False,False,cross_sectional_primary
20260807,SP500,IDXX,Healthcare,fwd_pe,35.721245,16.2441,,16.2441,,False,cross_sectional,-2.5,17.6,1.8,16.9,0.9,False,True,cross_sectional_primary
20260807,SP500,XYZ,Technology,fwd_pe,15.4126425,19.4627,,19.4627,,False,cross_sectional,10.0,22.7,-0.7,32.0,0.7,False,True,cross_sectional_primary
20260807,SP500,VST,Utilities,ev_ebitda,10.319,13.2505,,13.2505,,False,cross_sectional,10.0,18.6,1.9,30.6,0.7,False,True,cross_sectional_primary
20260807,SP500,CMG,Consumer Cyclical,fwd_pe,24.63497,17.5057,,17.5057,,False,cross_sectional,-2.5,-1.3,1.6,-2.2,0.9,False,True,cross_sectional_primary
20260807,SP500,UAL,Industrials,ev_ebitda,8.312,18.7115,,18.7115,,False,cross_sectional,10.0,-17.2,0.5,-6.7,0.9,False,True,cross_sectional_primary
20260807,SP500,NDAQ,Financial Services,fwd_pe,20.2693,22.5968,,22.5968,,False,cross_sectional,5.6,14.1,-6.7,13.0,0.9,False,False,cross_sectional_primary
20260807,SP500,YUM,Consumer Cyclical,fwd_pe,20.408846,17.5057,,17.5057,,False,cross_sectional,-1.8,50.0,0.7,48.9,0.5,True,False,cross_sectional_primary
20260807,SP500,KDP,Consumer Defensive,fwd_pe,12.008415,16.8799,,16.8799,,False,cross_sectional,10.0,-25.0,1.6,-13.4,0.9,True,True,cross_sectional_primary
20260807,SP500,MSCI,Financial Services,fwd_pe,25.213808,22.5968,,22.5968,,False,cross_sectional,-1.3,19.6,2.0,20.3,0.9,False,False,cross_sectional_primary
20260807,SP500,RSG,Industrials,ev_ebitda,15.102,18.7115,,18.7115,,False,cross_sectional,10.0,7.5,0.7,18.2,0.9,False,True,cross_sectional_primary
20260807,SP500,TTWO,Communication Services,fwd_pe,23.184864,14.0346,,14.0346,,False,cross_sectional,-2.5,36.6,-4.0,30.1,0.7,False,True,cross_sectional_primary
20260807,SP500,SYY,Consumer Defensive,fwd_pe,15.722654,16.8799,,16.8799,,False,cross_sectional,0.0,5.2,2.0,7.2,0.9,False,False,cross_sectional_primary
20260807,SP500,ED,Utilities,ev_ebitda,11.165,13.2505,,13.2505,,False,cross_sectional,8.9,12.9,-1.3,20.5,0.9,False,False,cross_sectional_primary
20260807,SP500,A,Healthcare,fwd_pe,21.380165,16.2441,,16.2441,,False,cross_sectional,-2.5,50.0,1.9,49.4,0.5,True,True,cross_sectional_primary
20260807,SP500,DHI,Consumer Cyclical,fwd_pe,12.408567,17.5057,,17.5057,,False,cross_sectional,10.0,-4.8,5.0,10.2,0.9,False,True,cross_sectional_primary
20260807,SP500,ROP,Technology,fwd_pe,16.355568,19.4627,,19.4627,,False,cross_sectional,9.1,50.0,-0.4,58.7,0.5,True,False,cross_sectional_primary
20260807,SP500,IBKR,Financial Services,fwd_pe,27.020742,22.5968,,22.5968,,False,cross_sectional,-2.1,36.9,-2.3,32.4,0.9,False,False,cross_sectional_primary
20260807,SP500,IQV,Healthcare,fwd_pe,16.094967,16.2441,,16.2441,,False,cross_sectional,0.0,-0.6,3.5,2.9,0.9,False,False,cross_sectional_primary
20260807,SP500,WAT,Healthcare,fwd_pe,24.128693,16.2441,,16.2441,,False,cross_sectional,-2.5,11.0,-0.4,8.1,0.7,False,True,cross_sectional_primary
20260807,SP500,PAYX,Technology,fwd_pe,18.815794,19.4627,,19.4627,,False,cross_sectional,0.0,43.4,0.3,43.7,0.5,False,False,cross_sectional_primary
20260807,SP500,CCL,Consumer Cyclical,fwd_pe,10.914316,17.5057,,17.5057,,False,cross_sectional,10.0,-6.5,-5.4,-1.9,0.9,False,True,cross_sectional_primary
20260807,SP500,PCG,Utilities,ev_ebitda,9.854,13.2505,,13.2505,,False,cross_sectional,10.0,39.8,-1.5,48.3,0.5,False,True,cross_sectional_primary
20260807,SP500,KVUE,Consumer Defensive,fwd_pe,15.438608,16.8799,,16.8799,,False,cross_sectional,0.0,46.9,-2.0,44.9,0.5,False,False,cross_sectional_primary
20260807,SP500,PEG,Utilities,ev_ebitda,13.867,13.2505,,13.2505,,False,cross_sectional,0.0,-25.0,-0.1,-25.1,0.5,True,False,cross_sectional_primary
20260807,SP500,VMC,Basic Materials,ev_ebitda,17.632,17.881,,17.881,,False,cross_sectional,0.0,2.7,0.4,3.1,0.9,False,False,cross_sectional_primary
20260807,SP500,NTAP,Technology,fwd_pe,19.462673,19.4627,,19.4627,,False,cross_sectional,0.0,23.4,2.9,26.3,0.5,False,False,cross_sectional_primary
20260807,SP500,EXPE,Consumer Cyclical,fwd_pe,12.998406,17.5057,,17.5057,,False,cross_sectional,10.0,8.9,6.3,25.2,0.5,False,True,cross_sectional_primary
20260807,SP500,EME,Industrials,ev_ebitda,17.726,18.7115,,18.7115,,False,cross_sectional,0.0,34.8,2.6,37.4,0.5,False,False,cross_sectional_primary
20260807,SP500,FANG,Energy,ev_ebitda,6.074,11.6135,,11.6135,,False,cross_sectional,10.0,50.0,-10.0,50.0,0.5,True,True,cross_sectional_primary
20260807,SP500,WEC,Utilities,ev_ebitda,14.777,13.2505,,13.2505,,False,cross_sectional,-1.3,19.7,-1.2,17.1,0.9,False,False,cross_sectional_primary
20260807,SP500,WDAY,Technology,fwd_pe,13.464243,19.4627,,19.4627,,False,cross_sectional,10.0,50.0,-0.5,59.5,0.5,True,True,cross_sectional_primary
20260807,SP500,COIN,Financial Services,fwd_pe,47.901886,22.5968,,22.5968,,False,cross_sectional,-2.5,50.0,-6.3,41.2,0.7,True,True,cross_sectional_primary
20260807,SP500,RMD,Healthcare,fwd_pe,18.476202,16.2441,,16.2441,,False,cross_sectional,-1.6,10.5,-0.2,8.8,0.9,False,False,cross_sectional_primary
20260807,SP500,TPR,Consumer Cyclical,fwd_pe,20.729658,17.5057,,17.5057,,False,cross_sectional,-2.0,50.0,4.0,51.9,0.5,True,False,cross_sectional_primary
20260807,SP500,VEEV,Healthcare,fwd_pe,21.70622,16.2441,,16.2441,,False,cross_sectional,-2.5,14.6,-1.1,11.0,0.9,False,True,cross_sectional_primary
20260807,SP500,IR,Industrials,ev_ebitda,18.875,18.7115,,18.7115,,False,cross_sectional,0.0,7.8,1.0,8.8,0.7,False,False,cross_sectional_primary
20260807,SP500,GEHC,Healthcare,fwd_pe,12.995774,16.2441,,16.2441,,False,cross_sectional,10.0,16.8,0.0,26.8,0.9,False,True,cross_sectional_primary
20260807,SP500,DXCM,Healthcare,fwd_pe,26.558834,16.2441,,16.2441,,False,cross_sectional,-2.5,43.6,2.4,43.5,0.5,False,True,cross_sectional_primary
20260807,SP500,TDY,Technology,fwd_pe,25.775696,19.4627,,19.4627,,False,cross_sectional,-2.5,21.2,0.5,19.2,0.9,False,True,cross_sectional_primary
20260807,SP500,CASY,Consumer Cyclical,fwd_pe,35.250122,17.5057,,17.5057,,False,cross_sectional,-2.5,50.0,0.1,47.6,0.5,True,True,cross_sectional_primary
20260807,SP500,CNC,Healthcare,fwd_pe,12.236938,16.2441,,16.2441,,False,cross_sectional,10.0,5.9,4.9,20.9,0.7,False,True,cross_sectional_primary
20260807,SP500,ZTS,Healthcare,fwd_pe,10.781569,16.2441,,16.2441,,False,cross_sectional,10.0,6.0,2.0,18.0,0.9,False,True,cross_sectional_primary
20260807,SP500,AEE,Utilities,ev_ebitda,13.273,13.2505,,13.2505,,False,cross_sectional,0.0,11.9,-1.7,10.2,0.9,False,False,cross_sectional_primary
20260807,SP500,CBOE,Financial Services,fwd_pe,18.963684,22.5968,,22.5968,,False,cross_sectional,9.2,50.0,0.5,59.7,0.5,True,False,cross_sectional_primary
20260807,SP500,XYL,Industrials,ev_ebitda,15.278,18.7115,,18.7115,,False,cross_sectional,10.0,19.5,-5.7,23.8,0.9,False,True,cross_sectional_primary
20260807,SP500,LYV,Communication Services,fwd_pe,94.32993,14.0346,,14.0346,,False,cross_sectional,-2.5,50.0,-0.2,47.3,0.5,True,True,cross_sectional_primary
20260807,SP500,FISV,,fwd_pe,6.364527,18.6725,,18.6725,,False,cross_sectional,10.0,8.2,5.6,23.8,0.7,False,True,cross_sectional_primary
20260807,SP500,ATO,Utilities,ev_ebitda,15.056,13.2505,,13.2505,,False,cross_sectional,-1.5,14.5,-5.2,7.8,0.9,False,False,cross_sectional_primary
20260807,SP500,MTD,Healthcare,fwd_pe,27.494884,16.2441,,16.2441,,False,cross_sectional,-2.5,18.3,3.0,18.8,0.9,False,True,cross_sectional_primary
20260807,SP500,DOV,Industrials,ev_ebitda,15.663,18.7115,,18.7115,,False,cross_sectional,9.3,14.1,1.0,24.4,0.9,False,False,cross_sectional_primary
20260807,SP500,OTIS,Industrials,ev_ebitda,13.8,18.7115,,18.7115,,False,cross_sectional,10.0,13.0,2.4,25.4,0.9,False,True,cross_sectional_primary
20260807,SP500,DG,Consumer Defensive,fwd_pe,15.888688,16.8799,,16.8799,,False,cross_sectional,0.0,12.4,-0.2,12.2,0.9,False,False,cross_sectional_primary
20260807,SP500,ES,Utilities,ev_ebitda,11.208,13.2505,,13.2505,,False,cross_sectional,8.7,-25.0,-3.0,-19.3,0.9,True,False,cross_sectional_primary
20260807,SP500,HUBB,Industrials,ev_ebitda,21.114,18.7115,,18.7115,,False,cross_sectional,-1.5,-0.9,0.5,-1.9,0.9,False,False,cross_sectional_primary
20260807,SP500,HSY,Consumer Defensive,fwd_pe,18.533014,16.8799,,16.8799,,False,cross_sectional,0.0,50.0,0.5,50.5,0.5,True,False,cross_sectional_primary
20260807,SP500,CNP,Utilities,ev_ebitda,13.228,13.2505,,13.2505,,False,cross_sectional,0.0,23.3,-1.8,21.5,0.9,False,False,cross_sectional_primary
20260807,SP500,HAL,Energy,ev_ebitda,8.04,11.6135,,11.6135,,False,cross_sectional,10.0,16.1,2.8,28.9,0.9,False,True,cross_sectional_primary
20260807,SP500,PPG,Basic Materials,ev_ebitda,11.88,17.881,,17.881,,False,cross_sectional,10.0,-1.5,2.2,10.7,0.9,False,True,cross_sectional_primary
20260807,SP500,CTSH,Technology,fwd_pe,9.010008,19.4627,,19.4627,,False,cross_sectional,10.0,3.8,1.6,15.4,0.9,False,True,cross_sectional_primary
20260807,SP500,PPL,Utilities,ev_ebitda,12.349,13.2505,,13.2505,,False,cross_sectional,0.0,7.3,-0.4,6.9,0.9,False,False,cross_sectional_primary
20260807,SP500,EIX,Utilities,ev_ebitda,7.93,13.2505,,13.2505,,False,cross_sectional,10.0,50.0,-0.1,59.9,0.5,True,True,cross_sectional_primary
20260807,SP500,AWK,Utilities,ev_ebitda,14.636,13.2505,,13.2505,,False,cross_sectional,0.0,8.6,-0.5,8.1,0.9,False,False,cross_sectional_primary
20260807,SP500,DGX,Healthcare,fwd_pe,19.779877,16.2441,18.6,16.2441,-12.7,False,cross_sectional,-2.3,15.0,0.0,12.7,1.0,False,False,cross_sectional_primary
20260807,SP500,CPAY,Technology,fwd_pe,12.805056,19.4627,,19.4627,,False,cross_sectional,10.0,49.1,2.3,61.4,0.5,False,True,cross_sectional_primary
20260807,SP500,LH,Healthcare,fwd_pe,16.017452,16.2441,,16.2441,,False,cross_sectional,0.0,28.2,2.2,30.4,0.5,False,False,cross_sectional_primary
20260807,SP500,CPRT,Industrials,ev_ebitda,11.609,18.7115,,18.7115,,False,cross_sectional,10.0,2.3,-0.6,11.7,0.9,False,True,cross_sectional_primary
20260807,SP500,SW,Consumer Cyclical,fwd_pe,13.984743,17.5057,,17.5057,,False,cross_sectional,10.0,50.0,-10.0,50.0,0.5,True,True,cross_sectional_primary
20260807,SP500,FSLR,Technology,fwd_pe,10.616305,19.4627,,19.4627,,False,cross_sectional,10.0,23.3,-0.1,33.2,0.5,False,True,cross_sectional_primary
20260807,SP500,PHM,Consumer Cyclical,fwd_pe,11.515791,17.5057,,17.5057,,False,cross_sectional,10.0,-18.2,5.0,-3.2,0.9,False,True,cross_sectional_primary
20260807,SP500,FICO,Technology,fwd_pe,19.421867,19.4627,,19.4627,,False,cross_sectional,0.0,41.2,1.6,42.8,0.9,False,False,cross_sectional_primary
20260807,SP500,FE,Utilities,ev_ebitda,10.664,13.2505,,13.2505,,False,cross_sectional,10.0,8.3,-0.3,18.0,0.9,False,True,cross_sectional_primary
20260807,SP500,WST,Healthcare,fwd_pe,34.983284,16.2441,,16.2441,,False,cross_sectional,-2.5,18.1,1.7,17.3,0.9,False,True,cross_sectional_primary
20260807,SP500,VRSK,Industrials,ev_ebitda,18.975,18.7115,,18.7115,,False,cross_sectional,0.0,-3.4,2.5,-0.9,0.9,False,False,cross_sectional_primary
20260807,SP500,CHD,Consumer Defensive,fwd_pe,25.582767,16.8799,,16.8799,,False,cross_sectional,-2.5,9.0,0.7,7.2,0.9,False,True,cross_sectional_primary
20260807,SP500,VRSN,Technology,fwd_pe,26.642733,19.4627,,19.4627,,False,cross_sectional,-2.5,7.7,4.8,10.0,0.9,False,True,cross_sectional_primary
20260807,SP500,DRI,Consumer Cyclical,fwd_pe,17.029652,17.5057,,17.5057,,False,cross_sectional,0.0,36.0,1.9,37.9,0.5,False,False,cross_sectional_primary
20260807,SP500,VLTO,Industrials,ev_ebitda,18.253,18.7115,,18.7115,,False,cross_sectional,0.0,10.1,-0.7,9.4,0.9,False,False,cross_sectional_primary
20260807,SP500,LUV,Industrials,ev_ebitda,11.147,18.7115,,18.7115,,False,cross_sectional,10.0,20.5,6.6,37.1,0.5,False,True,cross_sectional_primary
20260807,SP500,ULTA,Consumer Cyclical,fwd_pe,16.906647,17.5057,,17.5057,,False,cross_sectional,0.0,15.5,4.8,20.3,0.9,False,False,cross_sectional_primary
20260807,SP500,DLTR,Consumer Defensive,fwd_pe,16.8799,16.8799,,16.8799,,False,cross_sectional,0.0,9.5,3.1,12.6,0.9,False,False,cross_sectional_primary
20260807,SP500,OMC,Communication Services,fwd_pe,6.85039,14.0346,,14.0346,,False,cross_sectional,10.0,50.0,-10.0,50.0,0.5,True,True,cross_sectional_primary
20260807,SP500,FFIV,Technology,fwd_pe,22.850887,19.4627,,19.4627,,False,cross_sectional,-1.9,11.4,1.3,10.8,0.9,False,False,cross_sectional_primary
20260807,SP500,STE,Healthcare,fwd_pe,18.978542,16.2441,,16.2441,,False,cross_sectional,-1.9,50.0,0.3,48.5,0.5,True,False,cross_sectional_primary
20260807,SP500,PKG,Consumer Cyclical,fwd_pe,19.940042,17.5057,,17.5057,,False,cross_sectional,-1.6,-19.9,-0.2,-21.6,0.9,False,False,cross_sectional_primary
20260807,SP500,IP,Consumer Cyclical,fwd_pe,13.786652,17.5057,,17.5057,,False,cross_sectional,10.0,50.0,-10.0,50.0,0.5,True,True,cross_sectional_primary
20260807,SP500,FIS,Technology,fwd_pe,6.3816752,19.4627,,19.4627,,False,cross_sectional,10.0,7.2,5.7,22.9,0.7,False,True,cross_sectional_primary
20260807,SP500,TPL,Energy,ev_ebitda,37.827,11.6135,,11.6135,,False,cross_sectional,-2.5,18.3,0.1,15.9,0.9,False,True,cross_sectional_primary
20260807,SP500,AMCR,Consumer Cyclical,fwd_pe,11.0000305,17.5057,,17.5057,,False,cross_sectional,10.0,-11.7,-3.9,-5.6,0.9,False,True,cross_sectional_primary
20260807,SP500,EXE,Energy,ev_ebitda,3.624,11.6135,,11.6135,,False,cross_sectional,10.0,-25.0,-10.0,-25.0,0.5,True,True,cross_sectional_primary
20260807,SP500,SNA,Industrials,ev_ebitda,14.935,18.7115,,18.7115,,False,cross_sectional,10.0,5.1,0.8,15.9,0.9,False,True,cross_sectional_primary
20260807,SP500,EFX,Industrials,ev_ebitda,13.558,18.7115,,18.7115,,False,cross_sectional,10.0,0.7,-0.1,10.6,0.9,False,True,cross_sectional_primary
20260807,SP500,NI,Utilities,ev_ebitda,13.413,13.2505,,13.2505,,False,cross_sectional,0.0,-25.0,-2.9,-27.9,0.5,True,False,cross_sectional_primary
20260807,SP500,INCY,Healthcare,fwd_pe,13.328604,16.2441,,16.2441,,False,cross_sectional,10.0,37.7,5.7,53.4,0.5,False,True,cross_sectional_primary
20260807,SP500,EVRG,Utilities,ev_ebitda,12.578,13.2505,,13.2505,,False,cross_sectional,0.0,18.5,-0.7,17.8,0.9,False,False,cross_sectional_primary
20260807,SP500,ZBH,Healthcare,fwd_pe,10.7168455,16.2441,,16.2441,,False,cross_sectional,10.0,33.8,2.7,46.5,0.5,False,True,cross_sectional_primary
20260807,SP500,LEN,Consumer Cyclical,fwd_pe,13.088496,17.5057,,17.5057,,False,cross_sectional,10.0,-25.0,4.6,-10.4,0.9,True,True,cross_sectional_primary
20260807,SP500,BR,Technology,fwd_pe,14.296002,19.4627,,19.4627,,False,cross_sectional,10.0,8.4,0.8,19.2,0.9,False,True,cross_sectional_primary
20260807,SP500,GPC,Consumer Cyclical,fwd_pe,15.989568,17.5057,,17.5057,,False,cross_sectional,0.0,-9.8,0.6,-9.2,0.9,False,False,cross_sectional_primary
20260807,SP500,LNT,Utilities,ev_ebitda,16.467,13.2505,,13.2505,,False,cross_sectional,-2.5,-4.0,-0.9,-7.4,0.9,False,True,cross_sectional_primary
20260807,SP500,AKAM,Technology,fwd_pe,16.456684,19.4627,,19.4627,,False,cross_sectional,8.8,-13.4,2.7,-1.9,0.9,False,False,cross_sectional_primary
20260807,SP500,IEX,Industrials,ev_ebitda,19.109,18.7115,,18.7115,,False,cross_sectional,0.0,10.9,0.4,11.3,0.9,False,False,cross_sectional_primary
20260807,SP500,TSCO,Consumer Cyclical,fwd_pe,16.618244,17.5057,,17.5057,,False,cross_sectional,0.0,-15.0,1.5,-13.5,0.9,False,False,cross_sectional_primary
20260807,SP500,J,Industrials,ev_ebitda,18.664,18.7115,,18.7115,,False,cross_sectional,0.0,-25.0,2.1,-22.9,0.5,True,False,cross_sectional_primary
20260807,SP500,SMCI,Technology,fwd_pe,8.871871,19.4627,,19.4627,,False,cross_sectional,10.0,50.0,-6.0,54.0,0.5,True,True,cross_sectional_primary
20260807,SP500,NDSN,Industrials,ev_ebitda,20.946,18.7115,,18.7115,,False,cross_sectional,-1.4,6.1,0.6,5.4,0.9,False,False,cross_sectional_primary
20260807,SP500,TSN,Consumer Defensive,fwd_pe,13.1876545,16.8799,,16.8799,,False,cross_sectional,10.0,50.0,-0.4,59.6,0.5,True,True,cross_sectional_primary
20260807,SP500,PTC,Technology,fwd_pe,16.613056,19.4627,,19.4627,,False,cross_sectional,8.2,-12.0,-0.6,-4.4,0.9,False,False,cross_sectional_primary
20260807,SP500,LDOS,Technology,fwd_pe,10.300768,19.4627,,19.4627,,False,cross_sectional,10.0,-6.7,2.9,6.2,0.9,False,True,cross_sectional_primary
20260807,SP500,TXT,Industrials,ev_ebitda,10.649,18.7115,,18.7115,,False,cross_sectional,10.0,5.2,5.5,20.7,0.9,False,True,cross_sectional_primary
20260807,SP500,GEN,Technology,fwd_pe,8.548075,19.4627,,19.4627,,False,cross_sectional,10.0,50.0,0.0,60.0,0.5,True,True,cross_sectional_primary
20260807,SP500,RL,Consumer Cyclical,fwd_pe,19.135986,17.5057,,17.5057,,False,cross_sectional,0.0,20.0,3.2,23.2,0.9,False,False,cross_sectional_primary
20260807,SP500,COO,Healthcare,fwd_pe,14.675006,16.2441,,16.2441,,False,cross_sectional,5.2,6.4,-0.2,11.4,0.7,False,False,cross_sectional_primary
20260807,SP500,BG,Consumer Defensive,fwd_pe,9.678918,16.8799,,16.8799,,False,cross_sectional,10.0,33.0,-10.0,33.0,0.9,False,True,cross_sectional_primary
20260807,SP500,ALLE,Industrials,ev_ebitda,15.484,18.7115,,18.7115,,False,cross_sectional,9.9,16.2,1.0,27.1,0.5,False,False,cross_sectional_primary
20260807,SP500,BAX,Healthcare,fwd_pe,13.101093,16.2441,,16.2441,,False,cross_sectional,10.0,36.8,-0.7,46.1,0.5,False,True,cross_sectional_primary
20260807,SP500,LII,Industrials,ev_ebitda,14.547,18.7115,,18.7115,,False,cross_sectional,10.0,0.1,0.4,10.5,0.9,False,True,cross_sectional_primary
20260807,SP500,DECK,Consumer Cyclical,fwd_pe,11.702668,17.5057,,17.5057,,False,cross_sectional,10.0,1.1,3.4,14.5,0.9,False,True,cross_sectional_primary
20260807,SP500,LVS,Consumer Cyclical,fwd_pe,13.049902,17.5057,,17.5057,,False,cross_sectional,10.0,-19.8,4.1,-5.7,0.9,False,True,cross_sectional_primary
20260807,SP500,MKC,Consumer Defensive,fwd_pe,15.847802,16.8799,,16.8799,,False,cross_sectional,0.0,-14.2,0.1,-14.1,0.9,False,False,cross_sectional_primary
20260807,SP500,LULU,Consumer Cyclical,fwd_pe,11.078072,17.5057,,17.5057,,False,cross_sectional,10.0,-25.0,3.2,-11.8,0.9,True,True,cross_sectional_primary
20260807,SP500,TYL,Technology,fwd_pe,19.954336,19.4627,,19.4627,,False,cross_sectional,0.0,15.5,-1.2,14.3,0.9,False,False,cross_sectional_primary
20260807,SP500,SOLV,Healthcare,fwd_pe,11.495479,16.2441,,16.2441,,False,cross_sectional,10.0,-25.0,-0.7,-15.7,0.9,True,True,cross_sectional_primary
20260807,SP500,CHTR,Communication Services,fwd_pe,3.5698485,14.0346,,14.0346,,False,cross_sectional,10.0,16.1,4.8,30.9,0.9,False,True,cross_sectional_primary
20260807,SP500,SJM,Consumer Defensive,fwd_pe,11.051739,16.8799,,16.8799,,False,cross_sectional,10.0,5.8,-0.1,15.7,0.7,False,True,cross_sectional_primary
20260807,SP500,CRL,Healthcare,fwd_pe,21.454504,16.2441,,16.2441,,False,cross_sectional,-2.5,9.8,1.9,9.1,0.7,False,True,cross_sectional_primary
20260807,SP500,IT,Technology,fwd_pe,11.177705,19.4627,,19.4627,,False,cross_sectional,10.0,33.1,2.6,45.7,0.5,False,True,cross_sectional_primary
20260807,SP500,HII,Industrials,ev_ebitda,13.335,18.7115,,18.7115,,False,cross_sectional,10.0,36.5,0.8,47.3,0.5,False,True,cross_sectional_primary
20260807,SP500,PNW,Utilities,ev_ebitda,13.38,13.2505,,13.2505,,False,cross_sectional,0.0,-9.5,-3.5,-13.0,0.9,False,False,cross_sectional_primary
20260807,SP500,GDDY,Technology,fwd_pe,8.193153,19.4627,,19.4627,,False,cross_sectional,10.0,29.8,3.6,43.4,0.5,False,True,cross_sectional_primary
20260807,SP500,TKO,Communication Services,fwd_pe,46.96916,14.0346,,14.0346,,False,cross_sectional,-2.5,14.4,-10.0,1.9,0.9,False,True,cross_sectional_primary
20260807,SP500,ALGN,Healthcare,fwd_pe,13.474068,16.2441,,16.2441,,False,cross_sectional,9.8,-12.1,2.6,0.3,0.9,False,False,cross_sectional_primary
20260807,SP500,TECH,Healthcare,fwd_pe,35.184044,16.2441,,16.2441,,False,cross_sectional,-2.5,50.0,0.7,48.2,0.5,True,True,cross_sectional_primary
20260807,SP500,DPZ,Consumer Cyclical,fwd_pe,17.159037,17.5057,,17.5057,,False,cross_sectional,0.0,6.8,1.7,8.5,0.9,False,False,cross_sectional_primary
20260807,SP500,PNR,Industrials,ev_ebitda,12.4,18.7115,,18.7115,,False,cross_sectional,10.0,-11.1,0.2,-0.9,0.9,False,True,cross_sectional_primary
20260807,SP500,ROL,Consumer Cyclical,fwd_pe,28.238453,17.5057,,17.5057,,False,cross_sectional,-2.5,3.1,0.6,1.2,0.9,False,True,cross_sectional_primary
20260807,SP500,JKHY,Technology,fwd_pe,22.10077,19.4627,,19.4627,,False,cross_sectional,-1.5,12.5,0.0,11.0,0.9,False,False,cross_sectional_primary
20260807,SP500,FDS,Financial Services,fwd_pe,13.937463,22.5968,,22.5968,,False,cross_sectional,10.0,-9.6,0.7,1.1,0.9,False,True,cross_sectional_primary
20260807,SP500,APTV,Consumer Cyclical,fwd_pe,7.0501456,17.5057,,17.5057,,False,cross_sectional,10.0,-25.0,11.7,-3.3,0.5,True,True,cross_sectional_primary
20260807,SP500,NCLH,Consumer Cyclical,fwd_pe,11.3300705,17.5057,,17.5057,,False,cross_sectional,10.0,50.0,-5.7,54.3,0.5,True,True,cross_sectional_primary
20260807,SP500,PODD,Healthcare,fwd_pe,18.012474,16.2441,,16.2441,,False,cross_sectional,-1.3,50.0,1.2,49.9,0.5,True,False,cross_sectional_primary
20260807,SP500,UHS,Healthcare,fwd_pe,7.033965,16.2441,,16.2441,,False,cross_sectional,10.0,10.1,4.1,24.2,0.9,False,True,cross_sectional_primary
20260807,SP500,HSIC,Healthcare,fwd_pe,14.709045,16.2441,,16.2441,,False,cross_sectional,5.1,17.1,3.9,26.1,0.9,False,False,cross_sectional_primary
20260807,SP500,WYNN,Consumer Cyclical,fwd_pe,19.262411,17.5057,,17.5057,,False,cross_sectional,0.0,50.0,3.9,53.9,0.5,True,False,cross_sectional_primary
20260807,SP500,MGM,Consumer Cyclical,fwd_pe,21.887625,17.5057,,17.5057,,False,cross_sectional,-2.5,50.0,12.1,59.6,0.5,True,True,cross_sectional_primary
20260807,SP500,TTD,Communication Services,fwd_pe,8.147851,14.0346,,14.0346,,False,cross_sectional,10.0,-20.0,0.7,-9.3,0.5,False,True,cross_sectional_primary
20260807,SP500,AOS,Industrials,ev_ebitda,11.556,18.7115,,18.7115,,False,cross_sectional,10.0,-15.0,3.1,-1.9,0.9,False,True,cross_sectional_primary
20260807,SP500,TAP,Consumer Defensive,fwd_pe,8.541517,16.8799,,16.8799,,False,cross_sectional,10.0,35.6,4.3,49.9,0.5,False,True,cross_sectional_primary
20260807,SP500,DVA,Healthcare,fwd_pe,10.607355,16.2441,,16.2441,,False,cross_sectional,10.0,50.0,9.8,69.8,0.5,True,True,cross_sectional_primary
20260807,SP500,PSKY,Communication Services,fwd_pe,10.5374565,14.0346,,14.0346,,False,cross_sectional,10.0,-25.0,-1.1,-16.1,0.5,True,True,cross_sectional_primary
20260808,F250-SPI,EZJ.L,Industrials,ev_ebitda,5.551,10.502,,10.502,,False,cross_sectional,10.0,50.0,-0.4,59.6,0.5,True,True,cross_sectional_primary
20260808,F250-SPI,BBY.L,Industrials,ev_ebitda,17.763,10.502,,10.502,,False,cross_sectional,-2.5,50.0,7.7,55.2,0.5,True,True,cross_sectional_primary
20260808,F250-SPI,ROR.L,Industrials,ev_ebitda,19.653,10.502,,10.502,,False,cross_sectional,-2.5,19.5,0.2,17.2,0.9,False,True,cross_sectional_primary
20260808,F250-SPI,CWK.L,Consumer Defensive,fwd_pe,15.568133,11.5048,,11.5048,,False,cross_sectional,-2.5,16.0,-0.5,13.0,0.9,False,True,cross_sectional_primary
20260808,F250-SPI,SRP.L,Industrials,ev_ebitda,12.503,10.502,,10.502,,False,cross_sectional,-2.1,10.5,4.3,12.7,0.9,False,False,cross_sectional_primary
20260808,F250-SPI,INCH.L,Consumer Cyclical,fwd_pe,8.324884,11.6076,,11.6076,,False,cross_sectional,10.0,-25.0,4.6,-10.4,0.5,True,True,cross_sectional_primary
20260808,F250-SPI,HIK.L,Healthcare,fwd_pe,9.097855,21.7302,,21.7302,,False,cross_sectional,10.0,-4.7,-0.1,5.2,0.9,False,True,cross_sectional_primary
20260808,F250-SPI,MTO.L,Industrials,ev_ebitda,10.855,10.502,,10.502,,False,cross_sectional,0.0,-25.0,1.6,-23.4,0.9,True,False,cross_sectional_primary
20260808,F250-SPI,HILS.L,Industrials,ev_ebitda,14.476,10.502,,10.502,,False,cross_sectional,-2.5,5.2,-0.1,2.6,0.9,False,True,cross_sectional_primary
20260808,F250-SPI,BME.L,Consumer Defensive,fwd_pe,10.017904,11.5048,,11.5048,,False,cross_sectional,7.2,-25.0,-0.1,-17.9,0.9,True,False,cross_sectional_primary
20260808,F250-SPI,TCAP.L,Financial Services,fwd_pe,8.67475,14.9676,,14.9676,,False,cross_sectional,10.0,7.8,1.7,19.5,0.9,False,True,cross_sectional_primary
20260808,F250-SPI,PNN.L,Utilities,ev_ebitda,13.441,10.6995,,10.6995,,False,cross_sectional,-2.5,12.8,-10.0,0.3,0.7,False,True,cross_sectional_primary
20260808,F250-SPI,KLR.L,Industrials,ev_ebitda,7.255,10.502,,10.502,,False,cross_sectional,10.0,23.7,1.6,35.3,0.5,False,True,cross_sectional_primary
20260808,F250-SPI,TATE.L,Consumer Defensive,fwd_pe,12.902473,11.5048,,11.5048,,False,cross_sectional,-1.4,13.0,-5.2,6.5,0.7,False,False,cross_sectional_primary
20260808,F250-SPI,MGNS.L,Industrials,ev_ebitda,6.797,10.502,,10.502,,False,cross_sectional,10.0,18.8,-1.9,26.9,0.9,False,True,cross_sectional_primary
20260808,F250-SPI,GRG.L,Consumer Cyclical,fwd_pe,14.71344,11.6076,,11.6076,,False,cross_sectional,-2.5,21.2,-0.1,18.6,0.9,False,True,cross_sectional_primary
20260808,F250-SPI,HBR.L,Energy,ev_ebitda,1.639,10.6995,,10.6995,,False,cross_sectional,10.0,-14.6,-4.2,-8.7,0.5,False,True,cross_sectional_primary
20260808,F250-SPI,GFTU.L,Industrials,ev_ebitda,9.154,10.502,,10.502,,False,cross_sectional,7.1,8.4,0.0,15.5,0.7,False,False,cross_sectional_primary
20260808,F250-SPI,HTWS.L,Communication Services,fwd_pe,17.952063,17.8985,,17.8985,,False,cross_sectional,0.0,-25.0,-0.5,-25.5,0.5,True,False,cross_sectional_primary
20260808,F250-SPI,WOSG.L,Consumer Cyclical,fwd_pe,13.029625,11.6076,,11.6076,,False,cross_sectional,-1.4,50.0,0.5,49.1,0.5,True,False,cross_sectional_primary
20260808,F250-SPI,SSPG.L,Consumer Cyclical,fwd_pe,13.604318,11.6076,,11.6076,,False,cross_sectional,-1.9,13.7,0.1,11.9,0.7,False,False,cross_sectional_primary
20260808,F250-SPI,CURY.L,Consumer Cyclical,fwd_pe,10.684606,11.6076,,11.6076,,False,cross_sectional,0.0,28.2,-0.4,27.8,0.9,False,False,cross_sectional_primary
20260808,F250-SPI,GNC.L,Consumer Defensive,fwd_pe,11.188038,11.5048,,11.5048,,False,cross_sectional,0.0,16.6,4.2,20.9,0.7,False,False,cross_sectional_primary
20260808,F250-SPI,FOUR.L,Communication Services,fwd_pe,18.52196,17.8985,,17.8985,,False,cross_sectional,0.0,-21.4,-0.2,-21.6,0.5,False,False,cross_sectional_primary
20260808,F250-SPI,CKN.L,Industrials,ev_ebitda,11.125,10.502,,10.502,,False,cross_sectional,0.0,40.5,-0.3,40.2,0.5,False,False,cross_sectional_primary
20260808,F250-SPI,PFD.L,Consumer Defensive,fwd_pe,11.504845,11.5048,,11.5048,,False,cross_sectional,0.0,6.3,0.1,6.4,0.9,False,False,cross_sectional_primary
20260808,F250-SPI,DNLM.L,Consumer Cyclical,fwd_pe,11.395757,11.6076,,11.6076,,False,cross_sectional,0.0,-7.3,-0.2,-7.5,0.9,False,False,cross_sectional_primary
20260808,F250-SPI,ZIG.L,Industrials,ev_ebitda,4.587,10.502,,10.502,,False,cross_sectional,10.0,-25.0,0.0,-15.0,0.5,True,True,cross_sectional_primary
20260808,F250-SPI,TRST.L,Technology,fwd_pe,38.82776,16.7711,,16.7711,,False,cross_sectional,-2.5,33.7,0.7,31.9,0.7,False,True,cross_sectional_primary
20260808,F250-SPI,FGP.L,Industrials,ev_ebitda,6.231,10.502,,10.502,,False,cross_sectional,10.0,-5.9,9.7,13.8,0.9,False,True,cross_sectional_primary
20260808,F250-SPI,BREE.L,Basic Materials,ev_ebitda,7.373,19.584,,19.584,,False,cross_sectional,10.0,-7.7,-0.9,1.4,0.9,False,True,cross_sectional_primary
20260808,F250-SPI,WIZZ.L,Industrials,price_fcf,2.1522233618233617,15.0075,,15.0075,,False,cross_sectional,10.0,50.0,-0.0,60.0,0.5,True,True,cross_sectional_primary
20260808,F250-SPI,FRAS.L,Consumer Cyclical,fwd_pe,7.685361,11.6076,,11.6076,,False,cross_sectional,10.0,-25.0,3.0,-12.0,0.9,True,True,cross_sectional_primary
20260808,F250-SPI,MONY.L,Communication Services,fwd_pe,10.104354,17.8985,,17.8985,,False,cross_sectional,10.0,4.7,0.6,15.3,0.9,False,True,cross_sectional_primary
20260808,F250-SPI,PETS.L,Consumer Cyclical,fwd_pe,11.666208,11.6076,,11.6076,,False,cross_sectional,0.0,-25.0,2.5,-22.5,0.9,True,False,cross_sectional_primary
20260808,F250-SPI,BYIT.L,Technology,fwd_pe,17.364922,16.7711,,16.7711,,False,cross_sectional,0.0,-6.8,0.3,-6.5,0.9,False,False,cross_sectional_primary
20260808,F250-SPI,TRN.L,Consumer Cyclical,fwd_pe,9.49566,11.6076,,11.6076,,False,cross_sectional,10.0,43.4,6.7,60.1,0.5,False,True,cross_sectional_primary
20260808,F250-SPI,CVSG.L,Healthcare,fwd_pe,13.62098,21.7302,,21.7302,,False,cross_sectional,10.0,-25.0,-0.1,-15.1,0.5,True,True,cross_sectional_primary
20260808,F250-SPI,VTY.L,Consumer Cyclical,fwd_pe,6.264081,11.6076,,11.6076,,False,cross_sectional,10.0,50.0,3.2,63.2,0.5,True,True,cross_sectional_primary
20260808,F250-SPI,ENOG.L,Energy,ev_ebitda,4.241,10.6995,,10.6995,,False,cross_sectional,10.0,8.2,-0.3,17.9,0.7,False,True,cross_sectional_primary
20260808,F250-SPI,GAMA.L,Communication Services,fwd_pe,9.847111,17.8985,,17.8985,,False,cross_sectional,10.0,-0.2,2.1,11.9,0.9,False,True,cross_sectional_primary
20260808,F250-SPI,MOON.L,Consumer Cyclical,fwd_pe,12.945072,11.6076,,11.6076,,False,cross_sectional,-1.3,23.3,3.4,25.4,0.9,False,False,cross_sectional_primary
20260808,F250-SPI,DOM.L,Consumer Cyclical,fwd_pe,10.961682,11.6076,,11.6076,,False,cross_sectional,0.0,5.3,2.7,8.0,0.9,False,False,cross_sectional_primary
20260808,F250-SPI,KNOS.L,Technology,fwd_pe,16.553474,16.7711,,16.7711,,False,cross_sectional,0.0,50.0,2.1,52.1,0.5,True,False,cross_sectional_primary
20260808,F250-SPI,MAB.L,Consumer Cyclical,fwd_pe,8.4560585,11.6076,,11.6076,,False,cross_sectional,10.0,6.6,-0.5,16.1,0.9,False,True,cross_sectional_primary
20260808,F250-SPI,CMCX.L,Financial Services,fwd_pe,11.5636,14.9676,,14.9676,,False,cross_sectional,10.0,45.0,1.5,56.5,0.5,False,True,cross_sectional_primary
20260808,F250-SPI,XPS.L,Consumer Cyclical,fwd_pe,13.690996,11.6076,,11.6076,,False,cross_sectional,-2.0,6.5,-0.8,3.7,0.9,False,False,cross_sectional_primary
20260808,F250-SPI,BAG.L,Consumer Defensive,fwd_pe,11.789155,11.5048,,11.5048,,False,cross_sectional,0.0,-8.1,0.1,-8.0,0.5,False,False,cross_sectional_primary
20260808,F250-SPI,SPI.L,Healthcare,fwd_pe,17.341042,21.7302,,21.7302,,False,cross_sectional,10.0,-19.3,1.0,-8.3,0.9,False,True,cross_sectional_primary
20260808,F250-SPI,GFRD.L,Industrials,ev_ebitda,9.554,10.502,,10.502,,False,cross_sectional,0.0,19.7,3.7,23.4,0.9,False,False,cross_sectional_primary
20260808,F250-SPI,AVON.L,Industrials,ev_ebitda,16.869,10.502,,10.502,,False,cross_sectional,-2.5,50.0,-0.7,46.8,0.5,True,True,cross_sectional_primary
20260808,F250-SPI,HTG.L,Energy,ev_ebitda,6.402,10.6995,,10.6995,,False,cross_sectional,10.0,17.4,0.1,27.6,0.7,False,True,cross_sectional_primary
20260808,F250-SPI,SMWH.L,Consumer Cyclical,fwd_pe,11.793841,11.6076,,11.6076,,False,cross_sectional,0.0,0.1,1.1,1.2,0.7,False,False,cross_sectional_primary
20260808,F250-SPI,GBG.L,Technology,fwd_pe,10.569179,16.7711,,16.7711,,False,cross_sectional,10.0,15.8,0.4,26.1,0.7,False,True,cross_sectional_primary
20260808,F250-SPI,RHIM.L,Industrials,ev_ebitda,7.136,10.502,,10.502,,False,cross_sectional,10.0,50.0,-0.5,59.5,0.5,True,True,cross_sectional_primary
20260808,F250-SPI,HFD.L,Consumer Cyclical,fwd_pe,12.60698,11.6076,,11.6076,,False,cross_sectional,0.0,8.6,0.0,8.6,0.7,False,False,cross_sectional_primary
20260808,F250-SPI,ITH.L,Energy,ev_ebitda,2.783,10.6995,,10.6995,,False,cross_sectional,10.0,-11.8,-10.0,-11.8,0.7,False,True,cross_sectional_primary
20260808,F250-SPI,GDWN.L,Industrials,ev_ebitda,24.669,10.502,,10.502,,False,cross_sectional,-2.5,50.0,1.2,48.7,0.5,True,True,cross_sectional_primary
20260808,F250-SPI,BMY.L,Communication Services,fwd_pe,15.476928,17.8985,,17.8985,,False,cross_sectional,7.5,50.0,0.3,57.8,0.5,True,False,cross_sectional_primary
20260808,F250-SPI,HFG.L,Consumer Defensive,fwd_pe,11.421226,11.5048,,11.5048,,False,cross_sectional,0.0,8.8,0.0,8.8,0.7,False,False,cross_sectional_primary
20260808,F250-SPI,BOWL.L,Consumer Cyclical,fwd_pe,11.607578,11.6076,,11.6076,,False,cross_sectional,0.0,-2.4,0.1,-2.3,0.5,False,False,cross_sectional_primary
20260808,F250-SPI,APN.L,Consumer Defensive,fwd_pe,25.651466,11.5048,,11.5048,,False,cross_sectional,-2.5,50.0,0.0,47.5,0.5,True,True,cross_sectional_primary
20260808,F250-SPI,WIX.L,Consumer Cyclical,fwd_pe,9.745742,11.6076,,11.6076,,False,cross_sectional,9.1,50.0,4.1,63.2,0.5,True,False,cross_sectional_primary
20260808,F250-SPI,RPI.L,Technology,fwd_pe,58.55678,16.7711,,16.7711,,False,cross_sectional,-2.5,50.0,-1.0,46.5,0.5,True,True,cross_sectional_primary
20260808,F250-SPI,ATG.L,Technology,fwd_pe,12.872102,16.7711,,16.7711,,False,cross_sectional,10.0,14.8,-0.3,24.5,0.7,False,True,cross_sectional_primary
20260808,F250-SPI,AEP.L,Consumer Defensive,fwd_pe,8.975402,11.5048,3.9,11.5048,195.0,True,cross_sectional,10.0,7.5,15.0,32.5,0.5,False,True,cross_sectional_primary
20260808,F250-SPI,AO.L,Consumer Cyclical,fwd_pe,12.396278,11.6076,,11.6076,,False,cross_sectional,0.0,10.6,-2.5,8.1,0.7,False,False,cross_sectional_primary
20260808,F250-SPI,PPH.L,Consumer Cyclical,fwd_pe,10.884451,11.6076,,11.6076,,False,cross_sectional,0.0,-25.0,0.0,-25.0,0.5,True,False,cross_sectional_primary
20260808,F250-SPI,MEGP.L,Industrials,ev_ebitda,4.023,10.502,,10.502,,False,cross_sectional,10.0,-3.9,0.1,6.2,0.5,False,True,cross_sectional_primary
20260808,F250-SPI,ALFA.L,Technology,fwd_pe,16.05642,16.7711,,16.7711,,False,cross_sectional,0.0,5.1,0.1,5.2,0.5,False,False,cross_sectional_primary
20260808,F250-SPI,RNK.L,Consumer Cyclical,fwd_pe,10.939662,11.6076,,11.6076,,False,cross_sectional,0.0,-25.0,0.0,-25.0,0.5,True,False,cross_sectional_primary
20260808,F250-SPI,DATA.L,Industrials,ev_ebitda,8.894,10.502,,10.502,,False,cross_sectional,8.7,50.0,4.3,62.9,0.5,True,False,cross_sectional_primary
20260808,F250-SPI,PRN.L,Consumer Defensive,fwd_pe,9.191949,11.5048,,11.5048,,False,cross_sectional,10.0,12.8,15.0,37.8,0.7,False,True,cross_sectional_primary
20260808,F250-SPI,NOVN.SW,Healthcare,fwd_pe,15.908543,21.7302,,21.7302,,False,cross_sectional,10.0,-17.0,3.3,-3.7,0.9,False,True,cross_sectional_primary
20260808,F250-SPI,ABBN.SW,Industrials,ev_ebitda,21.291,10.502,,10.502,,False,cross_sectional,-2.5,8.2,1.0,6.7,0.9,False,True,cross_sectional_primary
20260808,F250-SPI,CFR.SW,Consumer Cyclical,fwd_pe,24.618998,11.6076,,11.6076,,False,cross_sectional,-2.5,-25.0,-0.9,-28.4,0.5,True,True,cross_sectional_primary
20260808,F250-SPI,LONN.SW,Healthcare,fwd_pe,26.029085,21.7302,,21.7302,,False,cross_sectional,-2.2,39.2,2.4,39.4,0.5,False,False,cross_sectional_primary
20260808,F250-SPI,GALD.SW,Healthcare,fwd_pe,33.36325,21.7302,,21.7302,,False,cross_sectional,-2.5,50.0,-0.0,47.5,0.5,True,True,cross_sectional_primary
20260808,F250-SPI,SIKA.SW,Basic Materials,ev_ebitda,18.865,19.584,,19.584,,False,cross_sectional,0.0,-0.6,-2.3,-2.9,0.9,False,False,cross_sectional_primary
20260808,F250-SPI,SDZ.SW,Healthcare,fwd_pe,19.629488,21.7302,,21.7302,,False,cross_sectional,5.2,-25.0,-0.6,-20.4,0.9,True,False,cross_sectional_primary
20260808,F250-SPI,ALC.SW,Healthcare,fwd_pe,16.127874,21.7302,,21.7302,,False,cross_sectional,10.0,-25.0,0.0,-15.0,0.5,True,True,cross_sectional_primary
20260808,F250-SPI,GIVN.SW,Basic Materials,ev_ebitda,22.585,19.584,,19.584,,False,cross_sectional,-1.7,-20.0,-0.1,-21.8,0.9,False,False,cross_sectional_primary
20260808,F250-SPI,AMRZ.SW,Basic Materials,ev_ebitda,10.361,19.584,,19.584,,False,cross_sectional,10.0,11.6,-0.1,21.5,0.7,False,True,cross_sectional_primary
20260808,F250-SPI,DSFIR.SW,Basic Materials,ev_ebitda,20.303,19.584,,19.584,,False,cross_sectional,0.0,-25.0,-5.4,-30.4,0.5,True,False,cross_sectional_primary
20260808,F250-SPI,SGSN.SW,Industrials,ev_ebitda,17.81,10.502,,10.502,,False,cross_sectional,-2.5,-3.7,-0.1,-6.3,0.9,False,True,cross_sectional_primary
20260808,F250-SPI,SCMN.SW,Communication Services,fwd_pe,20.698511,17.8985,,17.8985,,False,cross_sectional,-1.8,30.4,0.0,28.6,0.5,False,False,cross_sectional_primary
20260808,F250-SPI,LOGN.SW,Technology,fwd_pe,17.411257,16.7711,,16.7711,,False,cross_sectional,0.0,50.0,3.2,53.2,0.5,True,False,cross_sectional_primary
20260808,F250-SPI,STMN.SW,Healthcare,fwd_pe,27.513885,21.7302,,21.7302,,False,cross_sectional,-2.5,-25.0,0.0,-27.5,0.5,True,True,cross_sectional_primary
20260808,F250-SPI,LISN.SW,Consumer Defensive,fwd_pe,28.025936,11.5048,,11.5048,,False,cross_sectional,-2.5,4.1,1.4,3.0,0.9,False,True,cross_sectional_primary
20260808,F250-SPI,LISP.SW,Consumer Defensive,fwd_pe,27.823503,11.5048,,11.5048,,False,cross_sectional,-2.5,4.1,0.6,2.2,0.9,False,True,cross_sectional_primary
20260808,F250-SPI,BEAN.SW,Industrials,ev_ebitda,36.28,10.502,,10.502,,False,cross_sectional,-2.5,23.3,-0.0,20.8,0.9,False,True,cross_sectional_primary
20260808,F250-SPI,ACLN.SW,Industrials,ev_ebitda,20.195,10.502,,10.502,,False,cross_sectional,-2.5,44.0,-0.1,41.4,0.5,False,True,cross_sectional_primary
20260808,F250-SPI,AVOL.SW,Consumer Cyclical,fwd_pe,12.109666,11.6076,,11.6076,,False,cross_sectional,0.0,31.6,-2.4,29.2,0.5,False,False,cross_sectional_primary
20260808,F250-SPI,FHZN.SW,Industrials,ev_ebitda,11.242,10.502,,10.502,,False,cross_sectional,0.0,5.8,0.0,5.8,0.9,False,False,cross_sectional_primary
20260808,F250-SPI,GALE.SW,Healthcare,fwd_pe,19.2793,21.7302,,21.7302,,False,cross_sectional,6.2,-24.9,0.0,-18.7,0.9,False,False,cross_sectional_primary
20260808,F250-SPI,SIGN.SW,Consumer Cyclical,fwd_pe,20.414627,11.6076,,11.6076,,False,cross_sectional,-2.5,47.0,-2.4,42.1,0.5,False,True,cross_sectional_primary
20260808,F250-SPI,TEMN.SW,Technology,fwd_pe,16.988756,16.7711,,16.7711,,False,cross_sectional,0.0,-25.0,1.7,-23.3,0.5,True,False,cross_sectional_primary
20260808,F250-SPI,SFZN.SW,Healthcare,fwd_pe,16.829184,21.7302,,21.7302,,False,cross_sectional,10.0,16.0,-0.9,25.1,0.9,False,True,cross_sectional_primary
20260808,F250-SPI,IFCN.SW,Technology,fwd_pe,31.665504,16.7711,23.8,16.7711,-29.5,True,cross_sectional,-2.5,28.1,-0.0,25.6,0.5,False,True,cross_sectional_primary
20260808,F250-SPI,SUN.SW,Industrials,ev_ebitda,10.502,10.502,,10.502,,False,cross_sectional,0.0,8.3,0.3,8.6,0.9,False,False,cross_sectional_primary
20260808,F250-SPI,SFSN.SW,Industrials,ev_ebitda,11.143,10.502,,10.502,,False,cross_sectional,0.0,33.6,0.0,33.6,0.5,False,False,cross_sectional_primary
20260808,F250-SPI,BANB.SW,Healthcare,fwd_pe,24.282568,21.7302,,21.7302,,False,cross_sectional,-1.4,0.0,-0.2,-1.5,0.9,False,False,cross_sectional_primary
20260808,F250-SPI,EMMN.SW,Consumer Defensive,fwd_pe,18.250015,11.5048,,11.5048,,False,cross_sectional,-2.5,12.0,0.0,9.5,0.9,False,True,cross_sectional_primary
20260808,F250-SPI,DOKA.SW,Industrials,ev_ebitda,8.214,10.502,,10.502,,False,cross_sectional,10.0,-19.3,0.0,-9.3,0.9,False,True,cross_sectional_primary
20260808,F250-SPI,BCHN.SW,Industrials,ev_ebitda,9.741,10.502,,10.502,,False,cross_sectional,0.0,9.0,0.0,9.0,0.9,False,False,cross_sectional_primary
20260808,F250-SPI,YPSN.SW,Healthcare,fwd_pe,25.804617,21.7302,,21.7302,,False,cross_sectional,-2.1,50.0,0.2,48.1,0.5,True,False,cross_sectional_primary
20260808,F250-SPI,SWON.SW,Technology,fwd_pe,11.773544,16.7711,,16.7711,,False,cross_sectional,10.0,18.3,-9.0,19.3,0.7,False,True,cross_sectional_primary
20260808,F250-SPI,KARN.SW,Industrials,ev_ebitda,14.039,10.502,,10.502,,False,cross_sectional,-2.5,-25.0,-0.0,-27.5,0.5,True,True,cross_sectional_primary
20260808,F250-SPI,ARYN.SW,Consumer Defensive,fwd_pe,10.588915,11.5048,,11.5048,,False,cross_sectional,0.0,0.8,-0.2,0.6,0.9,False,False,cross_sectional_primary
20260808,F250-SPI,JFN.SW,Industrials,ev_ebitda,10.609,10.502,,10.502,,False,cross_sectional,0.0,-2.9,0.6,-2.3,0.9,False,False,cross_sectional_primary
20260808,F250-SPI,ALSN.SW,Technology,fwd_pe,16.343273,16.7711,,16.7711,,False,cross_sectional,0.0,50.0,-1.5,48.5,0.5,True,False,cross_sectional_primary
20260808,F250-SPI,BRKN.SW,Industrials,ev_ebitda,17.672,10.502,,10.502,,False,cross_sectional,-2.5,9.9,-0.7,6.7,0.9,False,True,cross_sectional_primary
20260808,F250-SPI,DESN.SW,Basic Materials,ev_ebitda,25.436,19.584,,19.584,,False,cross_sectional,-2.5,-23.7,-0.0,-26.2,0.5,False,True,cross_sectional_primary
20260808,F250-SPI,CFT.SW,Financial Services,fwd_pe,13.869169,14.9676,,14.9676,,False,cross_sectional,0.0,15.7,-2.4,13.3,0.9,False,False,cross_sectional_primary
20260808,F250-SPI,SENS.SW,Technology,fwd_pe,34.589066,16.7711,,16.7711,,False,cross_sectional,-2.5,35.6,0.0,33.1,0.5,False,True,cross_sectional_primary
20260808,F250-SPI,MOVE.SW,Healthcare,fwd_pe,23.830843,21.7302,,21.7302,,False,cross_sectional,0.0,1.2,0.1,1.3,0.9,False,False,cross_sectional_primary
20260808,F250-SPI,SKAN.SW,Healthcare,fwd_pe,32.97038,21.7302,,21.7302,,False,cross_sectional,-2.5,0.4,0.0,-2.1,0.9,False,True,cross_sectional_primary
20260808,F250-SPI,RSGN.SW,Industrials,ev_ebitda,9.653,10.502,,10.502,,False,cross_sectional,0.0,-6.5,-10.0,-16.5,0.5,False,False,cross_sectional_primary
20260808,F250-SPI,SMG.SW,Communication Services,fwd_pe,17.294971,17.8985,,17.8985,,False,cross_sectional,0.0,0.7,0.0,0.7,0.9,False,False,cross_sectional_primary
20260808,F250-SPI,BSLN.SW,Healthcare,fwd_pe,12.022299,21.7302,,21.7302,,False,cross_sectional,10.0,-25.0,-7.7,-22.7,0.5,True,True,cross_sectional_primary
20260808,F250-SPI,PPGN.SW,Healthcare,fwd_pe,30.434223,21.7302,,21.7302,,False,cross_sectional,-2.5,50.0,-0.1,47.4,0.5,True,True,cross_sectional_primary
20260808,F250-SPI,COPN.SW,Healthcare,fwd_pe,18.417976,21.7302,,21.7302,,False,cross_sectional,8.6,46.4,0.0,55.0,0.7,False,False,cross_sectional_primary
20260808,F250-SPI,MED.SW,Healthcare,fwd_pe,39.412125,21.7302,,21.7302,,False,cross_sectional,-2.5,50.0,-0.7,46.8,0.5,True,True,cross_sectional_primary
20260808,F250-SPI,REHN.SW,Utilities,ev_ebitda,11.036,10.6995,,10.6995,,False,cross_sectional,0.0,5.5,0.0,5.5,0.7,False,False,cross_sectional_primary
20260808,F250-SPI,AUTN.SW,Consumer Cyclical,fwd_pe,9.423017,11.6076,,11.6076,,False,cross_sectional,10.0,4.9,-6.6,8.3,0.9,False,True,cross_sectional_primary
20260808,F250-SPI,CICN.SW,Technology,fwd_pe,12.722647,16.7711,,16.7711,,False,cross_sectional,10.0,-23.9,-0.7,-14.6,0.5,False,True,cross_sectional_primary
20260808,F250-SPI,AEVS.SW,Healthcare,fwd_pe,43.420742,21.7302,,21.7302,,False,cross_sectional,-2.5,50.0,0.2,47.7,0.5,True,True,cross_sectional_primary
20260808,F250-SPI,BELL.SW,Consumer Defensive,fwd_pe,9.070891,11.5048,,11.5048,,False,cross_sectional,10.0,-25.0,0.1,-14.9,0.5,True,True,cross_sectional_primary
20260808,F250-SPI,APGN.SW,Communication Services,fwd_pe,17.898487,17.8985,,17.8985,,False,cross_sectional,0.0,24.7,-0.0,24.7,0.9,False,False,cross_sectional_primary
20260808,F250-SPI,ARBN.SW,Industrials,ev_ebitda,,10.502,,10.502,,False,UNMEASURED,,50.0,-0.3,49.7,0.5,True,False,cross_sectional_primary
20260808,F250-SPI,BVZN.SW,Industrials,ev_ebitda,8.483,10.502,,10.502,,False,cross_sectional,10.0,50.0,-0.0,60.0,0.9,True,True,cross_sectional_primary
20260808,F250-SPI,TIBN.SW,Consumer Cyclical,fwd_pe,16.142357,11.6076,,11.6076,,False,cross_sectional,-2.5,-14.6,-0.3,-17.4,0.9,False,True,cross_sectional_primary
20260808,F250-SPI,CNTL.SW,Industrials,price_fcf,93.64694598493348,15.0075,,15.0075,,False,cross_sectional,-2.5,45.0,0.0,42.5,0.5,False,True,cross_sectional_primary
20260808,F250-SPI,MIKN.SW,Industrials,ev_ebitda,4.199,10.502,,10.502,,False,cross_sectional,10.0,-24.5,-0.2,-14.7,0.5,False,True,cross_sectional_primary
20260808,F250-SPI,OFN.SW,Industrials,ev_ebitda,6.505,10.502,,10.502,,False,cross_sectional,10.0,-25.0,0.0,-15.0,0.5,True,True,cross_sectional_primary
20260808,F250-SPI,STGN.SW,Industrials,ev_ebitda,7.573,10.502,,10.502,,False,cross_sectional,10.0,3.7,-10.0,3.7,0.7,False,True,cross_sectional_primary
20260808,F250-SPI,VBSN.SW,Healthcare,price_fcf,17.163497082713647,15.0075,,15.0075,,False,cross_sectional,-1.6,-6.7,-0.0,-8.3,0.9,False,False,cross_sectional_primary
20260808,F250-SPI,LMN.SW,Consumer Cyclical,fwd_pe,6.041554,11.6076,,11.6076,,False,cross_sectional,10.0,20.1,0.3,30.4,0.7,False,True,cross_sectional_primary
20260808,F250-SPI,GMI.SW,Consumer Defensive,fwd_pe,,11.5048,,11.5048,,False,UNMEASURED,,4.1,0.0,4.1,0.7,False,False,cross_sectional_primary
20260808,F250-SPI,MCHN.SW,Communication Services,fwd_pe,21.857141,17.8985,,17.8985,,False,cross_sectional,-2.4,-5.4,-0.1,-8.0,0.7,False,False,cross_sectional_primary
20260814,NASDAQ,AAL,Industrials,ev_ebitda,11.073,18.107,,18.107,,False,cross_sectional,10.0,-25.0,4.2,-10.8,0.9,True,True,cross_sectional_primary
20260814,NASDAQ,AAON,Industrials,ev_ebitda,25.598,18.107,,18.107,,False,cross_sectional,-2.5,50.0,0.1,47.6,0.9,True,True,cross_sectional_primary
20260814,NASDAQ,AAPL,Technology,fwd_pe,32.106575,20.8363,,20.8363,,False,cross_sectional,-2.5,28.7,2.6,28.8,0.9,False,True,cross_sectional_primary
20260814,NASDAQ,ABNB,Consumer Cyclical,fwd_pe,30.158882,17.3504,31.2,17.3504,-44.4,True,cross_sectional,-2.5,33.4,3.0,33.9,0.9,False,True,cross_sectional_primary
20260814,NASDAQ,ACAD,Healthcare,fwd_pe,31.977104,19.3847,,19.3847,,False,cross_sectional,-2.5,13.3,-1.8,9.0,0.9,False,True,cross_sectional_primary
20260814,NASDAQ,ACHC,Healthcare,fwd_pe,16.595871,19.3847,,19.3847,,False,cross_sectional,8.1,-25.0,0.1,-16.8,0.9,True,False,cross_sectional_primary
20260814,NASDAQ,ACIW,Technology,fwd_pe,13.889572,20.8363,,20.8363,,False,cross_sectional,10.0,50.0,1.9,61.9,0.9,True,True,cross_sectional_primary
20260814,NASDAQ,ADBE,Technology,fwd_pe,9.838214,20.8363,,20.8363,,False,cross_sectional,10.0,7.9,3.5,21.4,0.9,False,True,cross_sectional_primary
20260814,NASDAQ,ADMA,Healthcare,fwd_pe,9.577608,19.3847,,19.3847,,False,cross_sectional,10.0,18.6,-4.6,24.1,0.7,False,True,cross_sectional_primary
20260814,NASDAQ,ADP,Technology,fwd_pe,20.61658,20.8363,,20.8363,,False,cross_sectional,0.0,9.8,0.8,10.6,0.9,False,False,cross_sectional_primary
20260814,NASDAQ,ADSK,Technology,fwd_pe,18.129822,20.8363,,20.8363,,False,cross_sectional,7.2,50.0,0.2,57.4,0.9,True,False,cross_sectional_primary
20260814,NASDAQ,ADUS,Healthcare,fwd_pe,15.639796,19.3847,,19.3847,,False,cross_sectional,10.0,24.2,-6.6,27.6,0.9,False,True,cross_sectional_primary
20260814,NASDAQ,AEP,Utilities,ev_ebitda,13.555,13.6765,,13.6765,,False,cross_sectional,0.0,-25.0,-1.6,-26.6,0.9,True,False,cross_sectional_primary
20260814,NASDAQ,AFRM,Financial Services,fwd_pe,21.064125,14.8436,,14.8436,,False,cross_sectional,-2.5,50.0,-7.5,40.0,0.9,True,True,cross_sectional_primary
20260814,NASDAQ,AGYS,Technology,fwd_pe,35.985943,20.8363,,20.8363,,False,cross_sectional,-2.5,50.0,-2.8,44.7,0.9,True,True,cross_sectional_primary
20260814,NASDAQ,AKAM,Technology,fwd_pe,17.485928,20.8363,,20.8363,,False,cross_sectional,9.2,-25.0,2.7,-13.1,0.9,True,False,cross_sectional_primary
20260814,NASDAQ,ALAB,Technology,fwd_pe,50.48494,20.8363,,20.8363,,False,cross_sectional,-2.5,50.0,-8.5,39.0,0.9,True,True,cross_sectional_primary
20260814,NASDAQ,ALGN,Healthcare,fwd_pe,14.041463,19.3847,,19.3847,,False,cross_sectional,10.0,-12.1,2.6,0.5,0.9,False,True,cross_sectional_primary
20260814,NASDAQ,ALGT,Industrials,ev_ebitda,10.723,18.107,,18.107,,False,cross_sectional,10.0,50.0,-0.1,59.9,0.7,True,True,cross_sectional_primary
20260814,NASDAQ,ALHC,Healthcare,fwd_pe,17.887043,19.3847,,19.3847,,False,cross_sectional,0.0,50.0,-3.1,46.9,0.9,True,False,cross_sectional_primary
20260814,NASDAQ,ALKS,Healthcare,fwd_pe,27.04787,19.3847,,19.3847,,False,cross_sectional,-2.5,-25.0,0.3,-27.2,0.9,True,True,cross_sectional_primary
20260814,NASDAQ,ALKT,Technology,fwd_pe,19.144133,20.8363,,20.8363,,False,cross_sectional,0.0,34.4,-5.1,29.3,0.7,False,False,cross_sectional_primary
20260814,NASDAQ,ALNY,Healthcare,fwd_pe,18.043741,19.3847,,19.3847,,False,cross_sectional,0.0,32.8,-3.8,29.0,0.7,False,False,cross_sectional_primary
20260814,NASDAQ,ALRM,Technology,fwd_pe,18.202284,20.8363,,20.8363,,False,cross_sectional,7.0,-23.4,-3.9,-20.3,0.9,False,False,cross_sectional_primary
20260814,NASDAQ,AMAT,Technology,fwd_pe,30.819754,20.8363,18.7,20.8363,11.4,False,cross_sectional,-2.5,33.5,2.2,33.2,1.0,False,True,cross_sectional_primary
20260814,NASDAQ,AMBA,Technology,fwd_pe,71.43791,20.8363,,20.8363,,False,cross_sectional,-2.5,36.2,-3.5,30.2,0.7,False,True,cross_sectional_primary
20260814,NASDAQ,AMD,Technology,fwd_pe,31.242825,20.8363,100.8,20.8363,-79.3,True,cross_sectional,-2.5,50.0,-0.3,47.2,0.9,True,True,cross_sectional_primary
20260814,NASDAQ,AMGN,Healthcare,fwd_pe,17.209644,19.3847,,19.3847,,False,cross_sectional,6.1,50.0,-0.4,55.8,0.9,True,False,cross_sectional_primary
20260814,NASDAQ,AMRX,Healthcare,fwd_pe,14.603046,19.3847,,19.3847,,False,cross_sectional,10.0,50.0,-10.0,50.0,0.9,True,True,cross_sectional_primary
20260814,NASDAQ,AMZN,Consumer Cyclical,fwd_pe,25.538698,17.3504,,17.3504,,False,cross_sectional,-2.5,50.0,-1.6,45.9,0.9,True,True,cross_sectional_primary
20260814,NASDAQ,APP,Communication Services,fwd_pe,14.691414,12.7615,,12.7615,,False,cross_sectional,-1.7,50.0,2.9,51.2,0.9,True,False,cross_sectional_primary
20260814,NASDAQ,APPF,Technology,fwd_pe,24.221014,20.8363,,20.8363,,False,cross_sectional,-1.8,18.2,0.1,16.5,0.9,False,False,cross_sectional_primary
20260814,NASDAQ,APPN,Technology,fwd_pe,26.103638,20.8363,,20.8363,,False,cross_sectional,-2.5,24.9,-1.1,21.3,0.7,False,True,cross_sectional_primary
20260814,NASDAQ,ARGX,Healthcare,fwd_pe,21.663153,19.3847,45.5,19.3847,-57.4,True,cross_sectional,-1.4,50.0,-7.5,41.2,0.9,True,False,cross_sectional_primary
20260814,NASDAQ,ARM,Technology,fwd_pe,91.11479,20.8363,,20.8363,,False,cross_sectional,-2.5,50.0,-1.1,46.4,0.9,True,True,cross_sectional_primary
20260814,NASDAQ,ARXS,Industrials,ev_ebitda,48.758,18.107,,18.107,,False,cross_sectional,-2.5,15.9,0.0,13.4,0.7,False,True,cross_sectional_primary
20260814,NASDAQ,ASML,Technology,fwd_pe,31.130415,20.8363,34.8,20.8363,-40.1,True,cross_sectional,-2.5,28.5,0.7,26.7,0.9,False,True,cross_sectional_primary
20260814,NASDAQ,ASND,Healthcare,fwd_pe,22.973381,19.3847,,19.3847,,False,cross_sectional,-2.0,-16.6,-3.8,-22.5,0.7,False,False,cross_sectional_primary
20260814,NASDAQ,ATAT,Consumer Cyclical,fwd_pe,12.2294235,17.3504,,17.3504,,False,cross_sectional,10.0,50.0,-0.5,59.5,0.9,True,True,cross_sectional_primary
20260814,NASDAQ,ATRC,Healthcare,fwd_pe,100.72726,19.3847,,19.3847,,False,cross_sectional,-2.5,41.5,-1.5,37.5,0.7,False,True,cross_sectional_primary
20260814,NASDAQ,ATRO,Industrials,ev_ebitda,27.67,18.107,,18.107,,False,cross_sectional,-2.5,50.0,-5.0,42.5,0.9,True,True,cross_sectional_primary
20260814,NASDAQ,AUPH,Healthcare,fwd_pe,14.231207,19.3847,,19.3847,,False,cross_sectional,10.0,50.0,1.6,61.6,0.9,True,True,cross_sectional_primary
20260814,NASDAQ,AVAH,Healthcare,fwd_pe,14.543159,19.3847,,19.3847,,False,cross_sectional,10.0,50.0,-6.4,53.6,0.9,True,True,cross_sectional_primary
20260814,NASDAQ,AVGO,Technology,fwd_pe,21.39303,20.8363,,20.8363,,False,cross_sectional,0.0,50.0,-6.6,43.4,0.9,True,False,cross_sectional_primary
20260814,NASDAQ,AVPT,Technology,fwd_pe,27.743029,20.8363,,20.8363,,False,cross_sectional,-2.5,50.0,-10.0,37.5,0.9,True,True,cross_sectional_primary
20260814,NASDAQ,AXGN,Healthcare,fwd_pe,69.49366,19.3847,,19.3847,,False,cross_sectional,-2.5,40.7,-3.6,34.6,0.7,False,True,cross_sectional_primary
20260814,NASDAQ,BATRA,Communication Services,fwd_pe,,12.7615,,12.7615,,False,UNMEASURED,,-1.8,-0.5,-2.3,0.5,False,False,cross_sectional_primary
20260814,NASDAQ,BATRK,Communication Services,fwd_pe,,12.7615,,12.7615,,False,UNMEASURED,,12.0,-0.5,11.5,0.5,False,False,cross_sectional_primary
20260814,NASDAQ,BCPC,Basic Materials,ev_ebitda,21.344,16.8845,,16.8845,,False,cross_sectional,-2.5,18.8,-0.2,16.1,0.9,False,True,cross_sectional_primary
20260814,NASDAQ,BCRX,Healthcare,fwd_pe,10.436171,19.3847,,19.3847,,False,cross_sectional,10.0,50.0,-6.6,53.4,0.9,True,True,cross_sectional_primary
20260814,NASDAQ,BELFA,Technology,fwd_pe,29.393257,20.8363,,20.8363,,False,cross_sectional,-2.5,-11.7,0.5,-13.7,0.9,False,True,cross_sectional_primary
20260814,NASDAQ,BELFB,Technology,fwd_pe,26.784452,20.8363,18.8,20.8363,10.8,False,cross_sectional,-2.5,-11.7,0.5,-13.7,1.0,False,True,cross_sectional_primary
20260814,NASDAQ,BGC,Financial Services,fwd_pe,6.946031,14.8436,,14.8436,,False,cross_sectional,10.0,27.7,0.9,38.6,0.9,False,True,cross_sectional_primary
20260814,NASDAQ,BIDU,Communication Services,fwd_pe,12.464786,12.7615,,12.7615,,False,cross_sectional,0.0,-25.0,1.7,-23.3,0.9,True,False,cross_sectional_primary
20260814,NASDAQ,BILI,Communication Services,fwd_pe,12.584361,12.7615,,12.7615,,False,cross_sectional,0.0,23.9,-3.7,20.3,0.7,False,False,cross_sectional_primary
20260814,NASDAQ,BKR,Energy,ev_ebitda,13.063,7.67,,7.67,,False,cross_sectional,-2.5,-4.2,1.0,-5.7,0.9,False,True,cross_sectional_primary
20260814,NASDAQ,BLBD,Industrials,ev_ebitda,9.816,18.107,,18.107,,False,cross_sectional,10.0,50.0,-1.0,59.0,0.9,True,True,cross_sectional_primary
20260814,NASDAQ,BLKB,Technology,fwd_pe,7.840176,20.8363,,20.8363,,False,cross_sectional,10.0,43.6,5.0,58.6,0.9,False,True,cross_sectional_primary
20260814,NASDAQ,BMRN,Healthcare,fwd_pe,10.339499,19.3847,,19.3847,,False,cross_sectional,10.0,-25.0,-1.5,-16.5,0.9,True,True,cross_sectional_primary
20260814,NASDAQ,BRKR,Healthcare,fwd_pe,24.073204,19.3847,,19.3847,,False,cross_sectional,-2.5,10.7,-1.6,6.7,0.7,False,True,cross_sectional_primary
20260814,NASDAQ,BRKRP,Healthcare,fwd_pe,,19.3847,,19.3847,,False,UNMEASURED,,4.2,0.0,4.2,0.3,False,False,cross_sectional_primary
20260814,NASDAQ,BRZE,Technology,fwd_pe,30.827187,20.8363,,20.8363,,False,cross_sectional,-2.5,42.5,-4.9,35.1,0.7,False,True,cross_sectional_primary
20260814,NASDAQ,BSP,Technology,fwd_pe,20.836304,20.8363,,20.8363,,False,cross_sectional,0.0,44.1,1.1,45.1,0.7,False,False,cross_sectional_primary
20260814,NASDAQ,BSY,Technology,fwd_pe,23.275654,20.8363,,20.8363,,False,cross_sectional,-1.3,14.8,-0.1,13.4,0.9,False,False,cross_sectional_primary
20260814,NASDAQ,BTSG,Healthcare,fwd_pe,26.437191,19.3847,,19.3847,,False,cross_sectional,-2.5,50.0,-10.0,37.5,0.9,True,True,cross_sectional_primary
20260814,NASDAQ,BTSGU,Healthcare,fwd_pe,,19.3847,,19.3847,,False,UNMEASURED,,50.0,0.0,50.0,0.5,True,False,cross_sectional_primary
20260814,NASDAQ,BULL,Technology,fwd_pe,26.065573,20.8363,,20.8363,,False,cross_sectional,-2.5,50.0,-10.0,37.5,0.7,True,True,cross_sectional_primary
20260814,NASDAQ,BZ,Communication Services,fwd_pe,10.614315,12.7615,,12.7615,,False,cross_sectional,9.6,50.0,-1.3,58.3,0.9,True,False,cross_sectional_primary
20260814,NASDAQ,CACC,Financial Services,fwd_pe,10.511992,14.8436,,14.8436,,False,cross_sectional,10.0,50.0,5.4,65.4,0.9,True,True,cross_sectional_primary
20260814,NASDAQ,CAE,Industrials,ev_ebitda,12.56,18.107,,18.107,,False,cross_sectional,10.0,-25.0,-0.3,-15.3,0.9,True,True,cross_sectional_primary
20260814,NASDAQ,CAI,Healthcare,fwd_pe,58.697437,19.3847,,19.3847,,False,cross_sectional,-2.5,50.0,15.0,62.5,0.7,True,True,cross_sectional_primary
20260814,NASDAQ,CAKE,Consumer Cyclical,fwd_pe,22.681427,17.3504,16.0,17.3504,8.4,False,cross_sectional,-2.5,23.7,0.5,21.7,1.0,False,True,cross_sectional_primary
20260814,NASDAQ,CAMT,Technology,fwd_pe,35.368397,20.8363,,20.8363,,False,cross_sectional,-2.5,-10.0,-1.1,-13.6,0.9,False,True,cross_sectional_primary
20260814,NASDAQ,CART,Consumer Cyclical,fwd_pe,10.288945,17.3504,,17.3504,,False,cross_sectional,10.0,8.1,-10.0,8.1,0.9,False,True,cross_sectional_primary
20260814,NASDAQ,CASY,Consumer Cyclical,fwd_pe,36.154648,17.3504,,17.3504,,False,cross_sectional,-2.5,50.0,0.1,47.6,0.9,True,True,cross_sectional_primary
20260814,NASDAQ,CCC,Technology,fwd_pe,13.589341,20.8363,,20.8363,,False,cross_sectional,10.0,50.0,-3.3,56.7,0.9,True,True,cross_sectional_primary
20260814,NASDAQ,CCEP,Consumer Defensive,fwd_pe,18.973133,16.3871,,16.3871,,False,cross_sectional,-1.8,9.0,0.4,7.6,0.9,False,False,cross_sectional_primary
20260814,NASDAQ,CDNA,Healthcare,fwd_pe,34.96679,19.3847,,19.3847,,False,cross_sectional,-2.5,9.4,0.4,7.3,0.7,False,True,cross_sectional_primary
20260814,NASDAQ,CDNS,Technology,fwd_pe,33.948402,20.8363,,20.8363,,False,cross_sectional,-2.5,50.0,-0.1,47.4,0.9,True,True,cross_sectional_primary
20260814,NASDAQ,CECO,Industrials,ev_ebitda,58.411,18.107,,18.107,,False,cross_sectional,-2.5,30.2,-1.8,26.0,0.7,False,True,cross_sectional_primary
20260814,NASDAQ,CEG,Utilities,ev_ebitda,15.477,13.6765,,13.6765,,False,cross_sectional,-1.5,-25.0,1.6,-24.9,0.9,True,False,cross_sectional_primary
20260814,NASDAQ,CELH,Consumer Defensive,fwd_pe,16.387094,16.3871,,16.3871,,False,cross_sectional,0.0,-25.0,-3.8,-28.8,0.9,True,False,cross_sectional_primary
20260814,NASDAQ,CHDN,Consumer Cyclical,fwd_pe,12.059262,17.3504,,17.3504,,False,cross_sectional,10.0,14.4,2.9,27.3,0.9,False,True,cross_sectional_primary
20260814,NASDAQ,CHEF,Consumer Defensive,fwd_pe,36.45574,16.3871,37.2,16.3871,-55.9,True,cross_sectional,-2.5,50.0,-0.4,47.1,0.9,True,True,cross_sectional_primary
20260814,NASDAQ,CHKP,Technology,fwd_pe,11.876921,20.8363,,20.8363,,False,cross_sectional,10.0,1.6,3.6,15.2,0.9,False,True,cross_sectional_primary
20260814,NASDAQ,CHRD,Energy,ev_ebitda,3.094,7.67,,7.67,,False,cross_sectional,10.0,-20.3,-10.0,-20.3,0.7,False,True,cross_sectional_primary
20260814,NASDAQ,CHTR,Communication Services,fwd_pe,3.5492148,12.7615,,12.7615,,False,cross_sectional,10.0,16.1,4.8,30.9,0.9,False,True,cross_sectional_primary
20260814,NASDAQ,CHYM,Technology,fwd_pe,19.987577,20.8363,,20.8363,,False,cross_sectional,0.0,21.4,15.0,36.4,0.7,False,False,cross_sectional_primary
20260814,NASDAQ,CLBT,Technology,fwd_pe,16.338139,20.8363,,20.8363,,False,cross_sectional,10.0,-25.0,-10.0,-25.0,0.9,True,True,cross_sectional_primary
20260814,NASDAQ,CMCSA,Communication Services,fwd_pe,7.227592,12.7615,,12.7615,,False,cross_sectional,10.0,-25.0,5.4,-9.6,0.9,True,True,cross_sectional_primary
20260814,NASDAQ,CME,Financial Services,fwd_pe,20.658813,14.8436,,14.8436,,False,cross_sectional,-2.5,2.5,-0.1,-0.1,0.9,False,True,cross_sectional_primary
20260814,NASDAQ,CMPR,Industrials,ev_ebitda,11.692,18.107,,18.107,,False,cross_sectional,10.0,7.0,0.0,17.0,0.5,False,True,cross_sectional_primary
20260814,NASDAQ,COCO,Consumer Defensive,fwd_pe,27.867521,16.3871,41.9,16.3871,-60.9,True,cross_sectional,-2.5,50.0,-1.0,46.5,0.9,True,True,cross_sectional_primary
20260814,NASDAQ,COIN,Financial Services,fwd_pe,50.912724,14.8436,,14.8436,,False,cross_sectional,-2.5,50.0,-6.3,41.2,0.7,True,True,cross_sectional_primary
20260814,NASDAQ,COKE,Consumer Defensive,fwd_pe,4.8834105,16.3871,,16.3871,,False,cross_sectional,10.0,50.0,5.5,65.5,0.9,True,True,cross_sectional_primary
20260814,NASDAQ,COO,Healthcare,fwd_pe,15.331498,19.3847,,19.3847,,False,cross_sectional,10.0,6.4,-0.2,16.2,0.7,False,True,cross_sectional_primary
20260814,NASDAQ,CORT,Healthcare,fwd_pe,24.46714,19.3847,33.3,19.3847,-41.8,True,cross_sectional,-2.5,24.1,-3.6,18.0,0.9,False,True,cross_sectional_primary
20260814,NASDAQ,COST,Consumer Defensive,fwd_pe,42.45015,16.3871,,16.3871,,False,cross_sectional,-2.5,45.5,-0.0,43.0,0.9,False,True,cross_sectional_primary
20260814,NASDAQ,CPB,Consumer Defensive,fwd_pe,11.97685,16.3871,,16.3871,,False,cross_sectional,10.0,50.0,0.2,60.2,0.9,True,True,cross_sectional_primary
20260814,NASDAQ,CPRT,Industrials,ev_ebitda,11.6,18.107,,18.107,,False,cross_sectional,10.0,2.3,-0.6,11.7,0.9,False,True,cross_sectional_primary
20260814,NASDAQ,CRDO,Technology,fwd_pe,29.307384,20.8363,,20.8363,,False,cross_sectional,-2.5,50.0,-10.0,37.5,0.9,True,True,cross_sectional_primary
20260814,NASDAQ,CROX,Consumer Cyclical,fwd_pe,8.866854,17.3504,,17.3504,,False,cross_sectional,10.0,5.8,6.5,22.2,0.7,False,True,cross_sectional_primary
20260814,NASDAQ,CRUS,Technology,fwd_pe,13.619919,20.8363,,20.8363,,False,cross_sectional,10.0,28.9,2.9,41.8,0.9,False,True,cross_sectional_primary
20260814,NASDAQ,CRVL,Financial Services,price_fcf,29.5084226580706,24.5709,,24.5709,,False,cross_sectional,-2.2,21.2,0.4,19.4,0.9,False,False,cross_sectional_primary
20260814,NASDAQ,CRWD,Technology,fwd_pe,144.01016,20.8363,,20.8363,,False,cross_sectional,-2.5,21.6,-1.4,17.7,0.7,False,True,cross_sectional_primary
20260814,NASDAQ,CRWV,Technology,fwd_pe,,20.8363,,20.8363,,False,UNMEASURED,,42.5,-3.8,38.7,0.5,False,False,cross_sectional_primary
20260814,NASDAQ,CSCO,Technology,fwd_pe,20.792639,20.8363,,20.8363,,False,cross_sectional,0.0,37.1,1.3,38.4,0.9,False,False,cross_sectional_primary
20260814,NASDAQ,CTAS,Industrials,ev_ebitda,27.623,18.107,,18.107,,False,cross_sectional,-2.5,15.6,0.9,14.0,0.9,False,True,cross_sectional_primary
20260814,NASDAQ,CTSH,Technology,fwd_pe,9.390111,20.8363,,20.8363,,False,cross_sectional,10.0,3.8,1.6,15.4,0.9,False,True,cross_sectional_primary
20260814,NASDAQ,CVCO,Consumer Cyclical,fwd_pe,21.060642,17.3504,,17.3504,,False,cross_sectional,-2.3,-15.4,3.8,-13.9,0.9,False,False,cross_sectional_primary
20260814,NASDAQ,CVLT,Technology,fwd_pe,24.55581,20.8363,,20.8363,,False,cross_sectional,-2.0,-3.8,0.5,-5.3,0.9,False,False,cross_sectional_primary
20260814,NASDAQ,CWST,Industrials,ev_ebitda,17.214,18.107,,18.107,,False,cross_sectional,0.0,-25.0,-7.2,-32.2,0.9,True,False,cross_sectional_primary
20260814,NASDAQ,CZR,Consumer Cyclical,fwd_pe,41.004795,17.3504,,17.3504,,False,cross_sectional,-2.5,50.0,1.9,49.4,0.7,True,True,cross_sectional_primary
20260814,NASDAQ,DASH,Consumer Cyclical,fwd_pe,27.247414,17.3504,,17.3504,,False,cross_sectional,-2.5,-25.0,-5.8,-33.3,0.9,True,True,cross_sectional_primary
20260814,NASDAQ,DAVE,Technology,fwd_pe,15.410862,20.8363,,20.8363,,False,cross_sectional,10.0,-21.0,-10.0,-21.0,0.9,False,True,cross_sectional_primary
20260814,NASDAQ,DBX,Technology,fwd_pe,10.944692,20.8363,,20.8363,,False,cross_sectional,10.0,-6.7,11.2,14.5,0.9,False,True,cross_sectional_primary
20260814,NASDAQ,DDOG,Technology,fwd_pe,85.05674,20.8363,,20.8363,,False,cross_sectional,-2.5,50.0,-1.9,45.6,0.9,True,True,cross_sectional_primary
20260814,NASDAQ,DGII,Technology,fwd_pe,27.183908,20.8363,44.8,20.8363,-53.5,True,cross_sectional,-2.5,48.1,-1.2,44.4,0.9,False,True,cross_sectional_primary
20260814,NASDAQ,DJT,Communication Services,price_fcf,162.6350244631502,24.5709,,24.5709,,False,cross_sectional,-2.5,50.0,-10.0,37.5,0.7,True,True,cross_sectional_primary
20260814,NASDAQ,DKNG,Consumer Cyclical,fwd_pe,15.656566,17.3504,,17.3504,,False,cross_sectional,5.3,50.0,-3.5,51.7,0.7,True,False,cross_sectional_primary
20260814,NASDAQ,DLO,Technology,fwd_pe,13.110677,20.8363,,20.8363,,False,cross_sectional,10.0,-6.7,0.2,3.5,0.9,False,True,cross_sectional_primary
20260814,NASDAQ,DLTR,Consumer Defensive,fwd_pe,16.853136,16.3871,,16.3871,,False,cross_sectional,0.0,9.5,3.1,12.6,0.9,False,False,cross_sectional_primary
20260814,NASDAQ,DOCU,Technology,fwd_pe,12.574631,20.8363,,20.8363,,False,cross_sectional,10.0,17.6,-0.0,27.6,0.9,False,True,cross_sectional_primary
20260814,NASDAQ,DORM,Consumer Cyclical,fwd_pe,14.328937,17.3504,,17.3504,,False,cross_sectional,10.0,50.0,1.2,61.2,0.9,True,True,cross_sectional_primary
20260814,NASDAQ,DPZ,Consumer Cyclical,fwd_pe,16.813938,17.3504,,17.3504,,False,cross_sectional,0.0,6.8,1.7,8.5,0.9,False,False,cross_sectional_primary
20260814,NASDAQ,DRS,Industrials,ev_ebitda,24.25,18.107,,18.107,,False,cross_sectional,-2.5,50.0,-0.9,46.6,0.9,True,True,cross_sectional_primary
20260814,NASDAQ,DSGX,Technology,fwd_pe,23.75234,20.8363,,20.8363,,False,cross_sectional,-1.6,34.1,-0.4,32.1,0.9,False,False,cross_sectional_primary
20260814,NASDAQ,DUOL,Technology,fwd_pe,18.772554,20.8363,,20.8363,,False,cross_sectional,5.4,-25.0,-0.8,-20.4,0.9,True,False,cross_sectional_primary
20260814,NASDAQ,DXCM,Healthcare,fwd_pe,29.27866,19.3847,,19.3847,,False,cross_sectional,-2.5,43.6,2.4,43.5,0.9,False,True,cross_sectional_primary
20260814,NASDAQ,DXPE,Industrials,ev_ebitda,15.726,18.107,,18.107,,False,cross_sectional,7.3,23.0,3.5,33.8,0.9,False,False,cross_sectional_primary
20260814,NASDAQ,EBAY,Consumer Cyclical,fwd_pe,15.570147,17.3504,,17.3504,,False,cross_sectional,5.6,50.0,6.3,61.9,0.9,True,False,cross_sectional_primary
20260814,NASDAQ,ECPG,Financial Services,fwd_pe,7.5844254,14.8436,,14.8436,,False,cross_sectional,10.0,12.9,0.3,23.2,0.9,False,True,cross_sectional_primary
20260814,NASDAQ,EEFT,Technology,fwd_pe,6.190993,20.8363,,20.8363,,False,cross_sectional,10.0,-24.7,5.8,-8.9,0.9,False,True,cross_sectional_primary
20260814,NASDAQ,ENLT,Utilities,ev_ebitda,37.423,13.6765,,13.6765,,False,cross_sectional,-2.5,50.0,-3.5,44.0,0.9,True,True,cross_sectional_primary
20260814,NASDAQ,ENSG,Healthcare,fwd_pe,21.266098,19.3847,,19.3847,,False,cross_sectional,0.0,16.7,-1.3,15.4,0.9,False,False,cross_sectional_primary
20260814,NASDAQ,EQPT,Industrials,ev_ebitda,25.438,18.107,,18.107,,False,cross_sectional,-2.5,50.0,0.0,47.5,0.7,True,True,cross_sectional_primary
20260814,NASDAQ,ESLT,Industrials,ev_ebitda,36.967,18.107,,18.107,,False,cross_sectional,-2.5,34.2,-2.6,29.1,0.9,False,True,cross_sectional_primary
20260814,NASDAQ,ETOR,Financial Services,fwd_pe,9.675565,14.8436,,14.8436,,False,cross_sectional,10.0,50.0,-7.8,52.2,0.9,True,True,cross_sectional_primary
20260814,NASDAQ,EVRG,Utilities,ev_ebitda,12.596,13.6765,,13.6765,,False,cross_sectional,0.0,23.0,-0.7,22.3,0.9,False,False,cross_sectional_primary
20260814,NASDAQ,EXC,Utilities,ev_ebitda,11.721,13.6765,,13.6765,,False,cross_sectional,8.0,-0.2,-0.6,7.2,0.9,False,False,cross_sectional_primary
20260814,NASDAQ,EXE,Energy,ev_ebitda,3.717,7.67,,7.67,,False,cross_sectional,10.0,-25.0,-10.0,-25.0,0.9,True,True,cross_sectional_primary
20260814,NASDAQ,EXEL,Healthcare,fwd_pe,12.437671,19.3847,,19.3847,,False,cross_sectional,10.0,26.2,6.4,42.6,0.9,False,True,cross_sectional_primary
20260814,NASDAQ,EXLS,Technology,fwd_pe,13.619456,20.8363,,20.8363,,False,cross_sectional,10.0,5.0,1.7,16.7,0.9,False,True,cross_sectional_primary
20260814,NASDAQ,EXPE,Consumer Cyclical,fwd_pe,13.606054,17.3504,,17.3504,,False,cross_sectional,10.0,50.0,6.3,66.3,0.9,True,True,cross_sectional_primary
20260814,NASDAQ,EXTR,Technology,fwd_pe,15.819037,20.8363,,20.8363,,False,cross_sectional,10.0,13.2,0.5,23.7,0.7,False,True,cross_sectional_primary
20260814,NASDAQ,FA,Industrials,ev_ebitda,12.837,18.107,,18.107,,False,cross_sectional,10.0,50.0,-8.8,51.2,0.9,True,True,cross_sectional_primary
20260814,NASDAQ,FANG,Energy,ev_ebitda,6.291,7.67,,7.67,,False,cross_sectional,10.0,50.0,-10.0,50.0,0.9,True,True,cross_sectional_primary
20260814,NASDAQ,FAST,Industrials,ev_ebitda,30.777,18.107,,18.107,,False,cross_sectional,-2.5,14.6,-0.2,11.9,0.9,False,True,cross_sectional_primary
20260814,NASDAQ,FCFS,Financial Services,fwd_pe,16.053915,14.8436,,14.8436,,False,cross_sectional,0.0,50.0,1.3,51.3,0.9,True,False,cross_sectional_primary
20260814,NASDAQ,FELE,Industrials,ev_ebitda,13.867,18.107,,18.107,,False,cross_sectional,10.0,11.4,1.6,23.0,0.9,False,True,cross_sectional_primary
20260814,NASDAQ,FER,Industrials,ev_ebitda,35.521,18.107,,18.107,,False,cross_sectional,-2.5,-25.0,0.7,-26.8,0.9,True,True,cross_sectional_primary
20260814,NASDAQ,FFIV,Technology,fwd_pe,23.012974,20.8363,,20.8363,,False,cross_sectional,0.0,11.4,1.3,12.7,0.9,False,False,cross_sectional_primary
20260814,NASDAQ,FIGR,Financial Services,fwd_pe,21.986206,14.8436,,14.8436,,False,cross_sectional,-2.5,9.3,15.0,21.8,0.7,False,True,cross_sectional_primary
20260814,NASDAQ,FISV,,fwd_pe,6.7477694,19.1441,,19.1441,,False,cross_sectional,10.0,8.3,5.6,23.9,0.7,False,True,cross_sectional_primary
20260814,NASDAQ,FIVE,Consumer Cyclical,fwd_pe,24.543373,17.3504,,17.3504,,False,cross_sectional,-2.5,50.0,0.2,47.7,0.9,True,True,cross_sectional_primary
20260814,NASDAQ,FIVN,Technology,fwd_pe,8.810573,20.8363,,20.8363,,False,cross_sectional,10.0,50.0,-10.0,50.0,0.9,True,True,cross_sectional_primary
20260814,NASDAQ,FIZZ,Consumer Defensive,fwd_pe,15.258291,16.3871,,16.3871,,False,cross_sectional,0.0,-8.5,-0.0,-8.5,0.9,False,False,cross_sectional_primary
20260814,NASDAQ,FLYW,Technology,fwd_pe,13.555392,20.8363,,20.8363,,False,cross_sectional,10.0,22.2,-5.5,26.8,0.7,False,True,cross_sectional_primary
20260814,NASDAQ,FORM,Technology,fwd_pe,37.890648,20.8363,43.9,20.8363,-52.5,True,cross_sectional,-2.5,50.0,-0.1,47.4,0.9,True,True,cross_sectional_primary
20260814,NASDAQ,FROG,Technology,fwd_pe,83.1164,20.8363,,20.8363,,False,cross_sectional,-2.5,13.8,-6.1,5.3,0.7,False,True,cross_sectional_primary
20260814,NASDAQ,FRPT,Consumer Defensive,fwd_pe,37.078392,16.3871,91.2,16.3871,-82.0,True,cross_sectional,-2.5,17.6,-7.9,7.2,0.9,False,True,cross_sectional_primary
20260814,NASDAQ,FRSH,Technology,fwd_pe,15.218617,20.8363,,20.8363,,False,cross_sectional,10.0,19.5,-0.1,29.4,0.7,False,True,cross_sectional_primary
20260814,NASDAQ,FSLR,Technology,fwd_pe,9.62002,20.8363,,20.8363,,False,cross_sectional,10.0,23.3,-0.1,33.2,0.9,False,True,cross_sectional_primary
20260814,NASDAQ,FSLY,Technology,fwd_pe,51.418198,20.8363,,20.8363,,False,cross_sectional,-2.5,8.9,-6.8,-0.4,0.7,False,True,cross_sectional_primary
20260814,NASDAQ,FTDR,Consumer Cyclical,fwd_pe,16.195124,17.3504,17.5,17.3504,-0.9,False,cross_sectional,0.0,18.9,4.0,22.9,1.0,False,False,cross_sectional_primary
20260814,NASDAQ,FTNT,Technology,fwd_pe,44.00515,20.8363,40.7,20.8363,-48.8,True,cross_sectional,-2.5,43.9,1.5,42.9,0.9,False,True,cross_sectional_primary
20260814,NASDAQ,FUTU,Financial Services,fwd_pe,8.562605,14.8436,,14.8436,,False,cross_sectional,10.0,-25.0,-0.5,-15.5,0.9,True,True,cross_sectional_primary
20260814,NASDAQ,FWONA,Communication Services,fwd_pe,41.321953,12.7615,,12.7615,,False,cross_sectional,-2.5,-25.0,-4.9,-32.4,0.9,True,True,cross_sectional_primary
20260814,NASDAQ,FWONK,Communication Services,fwd_pe,55.152203,12.7615,,12.7615,,False,cross_sectional,-2.5,-25.0,-4.9,-32.4,0.9,True,True,cross_sectional_primary
20260814,NASDAQ,GDS,Technology,fwd_pe,,20.8363,,20.8363,,False,UNMEASURED,,50.0,-5.8,44.2,0.7,True,False,cross_sectional_primary
20260814,NASDAQ,GEHC,Healthcare,fwd_pe,13.639002,19.3847,,19.3847,,False,cross_sectional,10.0,16.8,0.0,26.8,0.9,False,True,cross_sectional_primary
20260814,NASDAQ,GEN,Technology,fwd_pe,8.957674,20.8363,,20.8363,,False,cross_sectional,10.0,50.0,1.8,61.8,0.9,True,True,cross_sectional_primary
20260814,NASDAQ,GILD,Healthcare,fwd_pe,13.992702,19.3847,,19.3847,,False,cross_sectional,10.0,18.6,0.1,28.8,0.7,False,True,cross_sectional_primary
20260814,NASDAQ,GLBE,Consumer Cyclical,fwd_pe,21.218811,17.3504,,17.3504,,False,cross_sectional,-2.4,50.0,-3.5,44.1,0.9,True,False,cross_sectional_primary
20260814,NASDAQ,GLNG,Energy,ev_ebitda,26.92,7.67,,7.67,,False,cross_sectional,-2.5,50.0,2.5,50.0,0.9,True,True,cross_sectional_primary
20260814,NASDAQ,GMAB,Healthcare,fwd_pe,19.710691,19.3847,,19.3847,,False,cross_sectional,0.0,-9.4,2.5,-6.9,0.9,False,False,cross_sectional_primary
20260814,NASDAQ,GNTX,Consumer Cyclical,fwd_pe,10.686267,17.3504,,17.3504,,False,cross_sectional,10.0,25.8,3.3,39.1,0.9,False,True,cross_sectional_primary
20260814,NASDAQ,GOOG,Communication Services,fwd_pe,23.335464,12.7615,,12.7615,,False,cross_sectional,-2.5,50.0,2.0,49.5,0.9,True,True,cross_sectional_primary
20260814,NASDAQ,GOOGL,Communication Services,fwd_pe,23.499653,12.7615,,12.7615,,False,cross_sectional,-2.5,50.0,2.0,49.5,0.9,True,True,cross_sectional_primary
20260814,NASDAQ,GOOGM,,fwd_pe,,19.1441,,19.1441,,False,UNMEASURED,,0.0,0.0,0.0,0.0,False,False,cross_sectional_primary
20260814,NASDAQ,GOOGN,,fwd_pe,,19.1441,,19.1441,,False,UNMEASURED,,0.0,0.0,0.0,0.0,False,False,cross_sectional_primary
20260814,NASDAQ,GRAB,Technology,fwd_pe,26.618706,20.8363,,20.8363,,False,cross_sectional,-2.5,3.1,-7.1,-6.5,0.7,False,True,cross_sectional_primary
20260814,NASDAQ,GRFS,Healthcare,fwd_pe,5.5631166,19.3847,,19.3847,,False,cross_sectional,10.0,32.9,-0.1,42.8,0.9,False,True,cross_sectional_primary
20260814,NASDAQ,GTLB,Technology,fwd_pe,42.118046,20.8363,,20.8363,,False,cross_sectional,-2.5,21.4,-4.0,14.9,0.7,False,True,cross_sectional_primary
20260814,NASDAQ,HALO,Healthcare,fwd_pe,9.686272,19.3847,,19.3847,,False,cross_sectional,10.0,42.9,3.9,56.8,0.9,False,True,cross_sectional_primary
20260814,NASDAQ,HON,Industrials,ev_ebitda,11.776,18.107,,18.107,,False,cross_sectional,10.0,50.0,1.9,61.9,0.9,True,True,cross_sectional_primary
20260814,NASDAQ,HONA,Industrials,ev_ebitda,19.319,18.107,,18.107,,False,cross_sectional,0.0,-25.0,0.0,-25.0,0.9,True,False,cross_sectional_primary
20260814,NASDAQ,HOOD,Financial Services,fwd_pe,31.00652,14.8436,,14.8436,,False,cross_sectional,-2.5,47.6,-1.6,43.5,0.9,False,True,cross_sectional_primary
20260814,NASDAQ,HQY,Healthcare,fwd_pe,19.384697,19.3847,,19.3847,,False,cross_sectional,0.0,34.4,-0.3,34.1,0.9,False,False,cross_sectional_primary
20260814,NASDAQ,HRMY,Healthcare,fwd_pe,5.757991,19.3847,14.1,19.3847,37.5,True,cross_sectional,10.0,50.0,1.5,61.5,0.9,True,True,cross_sectional_primary
20260814,NASDAQ,HSIC,Healthcare,fwd_pe,15.024132,19.3847,,19.3847,,False,cross_sectional,10.0,17.1,3.9,31.0,0.9,False,True,cross_sectional_primary
20260814,NASDAQ,HTHT,Consumer Cyclical,fwd_pe,12.718543,17.3504,,17.3504,,False,cross_sectional,10.0,-7.1,1.6,4.5,0.9,False,True,cross_sectional_primary
20260814,NASDAQ,HTO,Utilities,ev_ebitda,14.004,13.6765,,13.6765,,False,cross_sectional,0.0,-12.6,-5.3,-17.9,0.9,False,False,cross_sectional_primary
20260814,NASDAQ,HURN,Industrials,ev_ebitda,13.581,18.107,,18.107,,False,cross_sectional,10.0,50.0,4.2,64.2,0.9,True,True,cross_sectional_primary
20260814,NASDAQ,HWKN,Basic Materials,ev_ebitda,8.65,16.8845,,16.8845,,False,cross_sectional,10.0,8.2,0.4,18.6,0.9,False,True,cross_sectional_primary
20260814,NASDAQ,IBKR,Financial Services,fwd_pe,28.717001,14.8436,22.0,14.8436,-32.5,True,cross_sectional,-2.5,35.3,-2.3,30.5,0.9,False,True,cross_sectional_primary
20260814,NASDAQ,ICLR,Healthcare,fwd_pe,14.100539,19.3847,,19.3847,,False,cross_sectional,10.0,-25.0,2.2,-12.8,0.9,True,True,cross_sectional_primary
20260814,NASDAQ,IDCC,Technology,fwd_pe,29.693205,20.8363,,20.8363,,False,cross_sectional,-2.5,-25.0,-10.0,-37.5,0.9,True,True,cross_sectional_primary
20260814,NASDAQ,IDXX,Healthcare,fwd_pe,33.86719,19.3847,,19.3847,,False,cross_sectional,-2.5,17.6,1.8,16.9,0.9,False,True,cross_sectional_primary
20260814,NASDAQ,IESC,Industrials,ev_ebitda,26.488,18.107,,18.107,,False,cross_sectional,-2.5,50.0,0.6,48.1,0.9,True,True,cross_sectional_primary
20260814,NASDAQ,IMOS,Technology,fwd_pe,57.217823,20.8363,,20.8363,,False,cross_sectional,-2.5,23.0,1.5,22.0,0.7,False,True,cross_sectional_primary
20260814,NASDAQ,INCY,Healthcare,fwd_pe,13.5695505,19.3847,,19.3847,,False,cross_sectional,10.0,37.7,5.7,53.4,0.9,False,True,cross_sectional_primary
20260814,NASDAQ,INIO,Industrials,ev_ebitda,50.994,18.107,,18.107,,False,cross_sectional,-2.5,50.0,0.0,47.5,0.7,True,True,cross_sectional_primary
20260814,NASDAQ,INOD,Technology,fwd_pe,29.76045,20.8363,,20.8363,,False,cross_sectional,-2.5,50.0,-10.0,37.5,0.9,True,True,cross_sectional_primary
20260814,NASDAQ,INTU,Technology,fwd_pe,13.115678,20.8363,,20.8363,,False,cross_sectional,10.0,10.7,0.0,20.7,0.9,False,True,cross_sectional_primary
20260814,NASDAQ,IPAR,Consumer Defensive,fwd_pe,22.03817,16.3871,,16.3871,,False,cross_sectional,-2.5,-4.0,0.0,-6.5,0.9,False,True,cross_sectional_primary
20260814,NASDAQ,IRDM,Communication Services,fwd_pe,25.269035,12.7615,,12.7615,,False,cross_sectional,-2.5,-25.0,8.4,-19.1,0.9,True,True,cross_sectional_primary
20260814,NASDAQ,IREN,Financial Services,fwd_pe,,14.8436,,14.8436,,False,UNMEASURED,,43.4,-10.0,33.4,0.5,False,False,cross_sectional_primary
20260814,NASDAQ,IRTC,Healthcare,fwd_pe,103.18538,19.3847,,19.3847,,False,cross_sectional,-2.5,50.0,-2.4,45.1,0.7,True,True,cross_sectional_primary
20260814,NASDAQ,ISRG,Healthcare,fwd_pe,33.242947,19.3847,,19.3847,,False,cross_sectional,-2.5,26.5,-0.7,23.3,0.9,False,True,cross_sectional_primary
20260814,NASDAQ,ITRI,Technology,fwd_pe,15.116018,20.8363,,20.8363,,False,cross_sectional,10.0,-19.0,-0.5,-9.5,0.9,False,True,cross_sectional_primary
20260814,NASDAQ,JAZZ,Healthcare,fwd_pe,9.540704,19.3847,,19.3847,,False,cross_sectional,10.0,2.3,8.0,20.3,0.7,False,True,cross_sectional_primary
20260814,NASDAQ,JD,Consumer Cyclical,fwd_pe,6.930993,17.3504,,17.3504,,False,cross_sectional,10.0,-25.0,3.1,-11.9,0.9,True,True,cross_sectional_primary
20260814,NASDAQ,JKHY,Technology,fwd_pe,21.958298,20.8363,,20.8363,,False,cross_sectional,0.0,12.5,0.0,12.5,0.9,False,False,cross_sectional_primary
20260814,NASDAQ,KC,Technology,fwd_pe,,20.8363,,20.8363,,False,UNMEASURED,,50.0,-10.0,40.0,0.5,True,False,cross_sectional_primary
20260814,NASDAQ,KDP,Consumer Defensive,fwd_pe,12.27565,16.3871,,16.3871,,False,cross_sectional,10.0,-25.0,1.6,-13.4,0.9,True,True,cross_sectional_primary
20260814,NASDAQ,KLAC,Technology,fwd_pe,31.85633,20.8363,35.3,20.8363,-41.0,True,cross_sectional,-2.5,13.8,1.6,12.9,0.9,False,True,cross_sectional_primary
20260814,NASDAQ,KNSA,Healthcare,fwd_pe,48.11747,19.3847,,19.3847,,False,cross_sectional,-2.5,30.4,-4.8,23.1,0.9,False,True,cross_sectional_primary
20260814,NASDAQ,KSPI,Technology,fwd_pe,0.014619075,20.8363,,20.8363,,False,cross_sectional,10.0,1.4,0.0,11.4,0.9,False,True,cross_sectional_primary
20260814,NASDAQ,KYIV,Communication Services,fwd_pe,0.21024837,12.7615,,12.7615,,False,cross_sectional,10.0,-15.8,3.3,-2.5,0.9,False,True,cross_sectional_primary
20260814,NASDAQ,LASR,Technology,fwd_pe,79.92063,20.8363,,20.8363,,False,cross_sectional,-2.5,21.7,-4.1,15.0,0.7,False,True,cross_sectional_primary
20260814,NASDAQ,LAUR,Consumer Defensive,fwd_pe,15.38164,16.3871,,16.3871,,False,cross_sectional,0.0,50.0,3.0,53.0,0.9,True,False,cross_sectional_primary
20260814,NASDAQ,LBTYA,Communication Services,fwd_pe,,12.7615,,12.7615,,False,UNMEASURED,,9.8,10.3,20.1,0.5,False,False,cross_sectional_primary
20260814,NASDAQ,LBTYB,Communication Services,fwd_pe,,12.7615,,12.7615,,False,UNMEASURED,,-6.2,10.3,4.2,0.5,False,False,cross_sectional_primary
20260814,NASDAQ,LBTYK,Communication Services,fwd_pe,,12.7615,,12.7615,,False,UNMEASURED,,-6.2,10.3,4.2,0.5,False,False,cross_sectional_primary
20260814,NASDAQ,LECO,Industrials,ev_ebitda,18.758,18.107,,18.107,,False,cross_sectional,0.0,12.5,2.0,14.5,0.9,False,False,cross_sectional_primary
20260814,NASDAQ,LFST,Healthcare,fwd_pe,23.376375,19.3847,,19.3847,,False,cross_sectional,-2.2,21.0,-3.2,15.6,0.7,False,False,cross_sectional_primary
20260814,NASDAQ,LFTO,Communication Services,fwd_pe,14.49359,12.7615,,12.7615,,False,cross_sectional,-1.5,50.0,0.3,48.8,0.9,True,False,cross_sectional_primary
20260814,NASDAQ,LGN,Industrials,ev_ebitda,27.868,18.107,,18.107,,False,cross_sectional,-2.5,17.2,15.0,29.7,0.7,False,True,cross_sectional_primary
20260814,NASDAQ,LGND,Healthcare,fwd_pe,24.125008,19.3847,,19.3847,,False,cross_sectional,-2.5,50.0,-6.9,40.6,0.9,True,True,cross_sectional_primary
20260814,NASDAQ,LI,Consumer Cyclical,fwd_pe,10.812684,17.3504,,17.3504,,False,cross_sectional,10.0,35.9,-0.6,45.3,0.7,False,True,cross_sectional_primary
20260814,NASDAQ,LIF,Technology,fwd_pe,28.154572,20.8363,,20.8363,,False,cross_sectional,-2.5,-25.0,-10.0,-37.5,0.9,True,True,cross_sectional_primary
20260814,NASDAQ,LIFE,Financial Services,fwd_pe,13.225251,14.8436,,14.8436,,False,cross_sectional,5.9,-5.3,0.0,0.6,0.9,False,False,cross_sectional_primary
20260814,NASDAQ,LIME,Industrials,ev_ebitda,11.691,18.107,,18.107,,False,cross_sectional,10.0,50.0,0.0,60.0,0.9,True,True,cross_sectional_primary
20260814,NASDAQ,LIN,Basic Materials,ev_ebitda,17.733,16.8845,,16.8845,,False,cross_sectional,0.0,11.3,2.1,13.4,0.9,False,False,cross_sectional_primary
20260814,NASDAQ,LIND,Consumer Cyclical,fwd_pe,78.901596,17.3504,,17.3504,,False,cross_sectional,-2.5,50.0,-1.6,45.9,0.7,True,True,cross_sectional_primary
20260814,NASDAQ,LIVN,Healthcare,fwd_pe,17.555775,19.3847,,19.3847,,False,cross_sectional,5.1,50.0,-0.3,54.8,0.9,True,False,cross_sectional_primary
20260814,NASDAQ,LKQ,Consumer Cyclical,fwd_pe,8.149248,17.3504,,17.3504,,False,cross_sectional,10.0,-25.0,2.0,-13.0,0.9,True,True,cross_sectional_primary
20260814,NASDAQ,LNT,Utilities,ev_ebitda,16.564,13.6765,,13.6765,,False,cross_sectional,-2.3,-4.0,-0.9,-7.2,0.9,False,False,cross_sectional_primary
20260814,NASDAQ,LNTH,Healthcare,fwd_pe,16.026089,19.3847,,19.3847,,False,cross_sectional,10.0,-0.9,1.3,10.4,0.9,False,False,cross_sectional_primary
20260814,NASDAQ,LOGI,Technology,fwd_pe,17.100716,20.8363,,20.8363,,False,cross_sectional,10.0,50.0,3.2,63.2,0.9,True,True,cross_sectional_primary
20260814,NASDAQ,LOPE,Consumer Defensive,fwd_pe,12.832797,16.3871,,16.3871,,False,cross_sectional,10.0,18.2,3.6,31.8,0.9,False,True,cross_sectional_primary
20260814,NASDAQ,LRCX,Technology,fwd_pe,29.160328,20.8363,32.9,20.8363,-36.7,True,cross_sectional,-2.5,34.8,2.3,34.6,0.9,False,True,cross_sectional_primary
20260814,NASDAQ,LULU,Consumer Cyclical,fwd_pe,10.61889,17.3504,,17.3504,,False,cross_sectional,10.0,-25.0,3.2,-11.8,0.9,True,True,cross_sectional_primary
20260814,NASDAQ,LYFT,Technology,fwd_pe,8.068809,20.8363,,20.8363,,False,cross_sectional,10.0,34.5,-4.1,40.4,0.9,False,True,cross_sectional_primary
20260814,NASDAQ,MANH,Technology,fwd_pe,32.853683,20.8363,,20.8363,,False,cross_sectional,-2.5,-8.6,1.2,-9.9,0.9,False,True,cross_sectional_primary
20260814,NASDAQ,MAR,Consumer Cyclical,fwd_pe,26.81385,17.3504,,17.3504,,False,cross_sectional,-2.5,4.3,5.0,6.8,0.9,False,True,cross_sectional_primary
20260814,NASDAQ,MBLY,Consumer Cyclical,fwd_pe,18.983427,17.3504,,17.3504,,False,cross_sectional,0.0,-5.5,-0.5,-6.0,0.7,False,False,cross_sectional_primary
20260814,NASDAQ,MCRI,Consumer Cyclical,fwd_pe,17.808558,17.3504,,17.3504,,False,cross_sectional,0.0,23.6,2.5,26.1,0.9,False,False,cross_sectional_primary
20260814,NASDAQ,MDB,Technology,fwd_pe,64.383286,20.8363,,20.8363,,False,cross_sectional,-2.5,15.8,-6.8,6.5,0.7,False,True,cross_sectional_primary
20260814,NASDAQ,MDLZ,Consumer Defensive,fwd_pe,18.904644,16.3871,,16.3871,,False,cross_sectional,-1.7,50.0,2.7,50.9,0.9,True,False,cross_sectional_primary
20260814,NASDAQ,MEDP,Healthcare,fwd_pe,30.137016,19.3847,31.5,19.3847,-38.5,True,cross_sectional,-2.5,37.1,3.7,38.3,0.9,False,True,cross_sectional_primary
20260814,NASDAQ,MELI,Consumer Cyclical,fwd_pe,32.23154,17.3504,,17.3504,,False,cross_sectional,-2.5,-10.9,0.3,-13.1,0.9,False,True,cross_sectional_primary
20260814,NASDAQ,META,Communication Services,fwd_pe,17.055182,12.7615,,12.7615,,False,cross_sectional,-2.5,-13.4,1.1,-14.8,0.9,False,True,cross_sectional_primary
20260814,NASDAQ,MGEE,Utilities,ev_ebitda,13.798,13.6765,,13.6765,,False,cross_sectional,0.0,23.6,-0.5,23.1,0.9,False,False,cross_sectional_primary
20260814,NASDAQ,MGNI,Communication Services,fwd_pe,19.054264,12.7615,58.3,12.7615,-78.1,True,cross_sectional,-2.5,50.0,-6.1,41.4,0.9,True,True,cross_sectional_primary
20260814,NASDAQ,MGRC,Industrials,ev_ebitda,13.76,18.107,,18.107,,False,cross_sectional,10.0,-6.2,-0.2,3.6,0.9,False,True,cross_sectional_primary
20260814,NASDAQ,MKSI,Technology,fwd_pe,17.498697,20.8363,,20.8363,,False,cross_sectional,9.1,50.0,-0.7,58.4,0.9,True,False,cross_sectional_primary
20260814,NASDAQ,MKTX,Financial Services,fwd_pe,18.43985,14.8436,,14.8436,,False,cross_sectional,-2.5,1.0,0.7,-0.8,0.9,False,True,cross_sectional_primary
20260814,NASDAQ,MLCO,Consumer Cyclical,fwd_pe,6.8402004,17.3504,,17.3504,,False,cross_sectional,10.0,50.0,4.4,64.4,0.9,True,True,cross_sectional_primary
20260814,NASDAQ,MMSI,Healthcare,fwd_pe,19.624851,19.3847,,19.3847,,False,cross_sectional,0.0,20.4,-1.8,18.6,0.9,False,False,cross_sectional_primary
20260814,NASDAQ,MMYT,Consumer Cyclical,fwd_pe,25.08425,17.3504,,17.3504,,False,cross_sectional,-2.5,-25.0,3.7,-23.8,0.9,True,True,cross_sectional_primary
20260814,NASDAQ,MNDY,Technology,fwd_pe,14.108596,20.8363,222.8,20.8363,-90.6,True,cross_sectional,10.0,50.0,-4.8,55.2,0.9,True,True,cross_sectional_primary
20260814,NASDAQ,MNST,Consumer Defensive,fwd_pe,35.679344,16.3871,,16.3871,,False,cross_sectional,-2.5,18.0,3.5,19.0,0.9,False,True,cross_sectional_primary
20260814,NASDAQ,MORN,Financial Services,fwd_pe,14.843615,14.8436,,14.8436,,False,cross_sectional,0.0,35.4,0.8,36.2,0.9,False,False,cross_sectional_primary
20260814,NASDAQ,MPWR,Technology,fwd_pe,39.159332,20.8363,52.3,20.8363,-60.2,True,cross_sectional,-2.5,50.0,0.5,48.0,0.9,True,True,cross_sectional_primary
20260814,NASDAQ,MRVL,Technology,fwd_pe,35.591625,20.8363,,20.8363,,False,cross_sectional,-2.5,-25.0,-0.5,-28.0,0.9,True,True,cross_sectional_primary
20260814,NASDAQ,MRX,Financial Services,fwd_pe,11.394038,14.8436,,14.8436,,False,cross_sectional,10.0,50.0,-0.6,59.4,0.9,True,True,cross_sectional_primary
20260814,NASDAQ,MSFT,Technology,fwd_pe,21.078102,20.8363,,20.8363,,False,cross_sectional,0.0,31.7,0.1,31.8,0.9,False,False,cross_sectional_primary
20260814,NASDAQ,MTCH,Communication Services,fwd_pe,7.8484206,12.7615,,12.7615,,False,cross_sectional,10.0,50.0,5.4,65.4,0.9,True,True,cross_sectional_primary
20260814,NASDAQ,MTSI,Technology,fwd_pe,36.19676,20.8363,70.5,20.8363,-70.4,True,cross_sectional,-2.5,50.0,-1.7,45.8,0.9,True,True,cross_sectional_primary
20260814,NASDAQ,MU,Technology,fwd_pe,6.1323037,20.8363,,20.8363,,False,cross_sectional,10.0,50.0,-1.5,58.5,0.9,True,True,cross_sectional_primary
20260814,NASDAQ,MWH,Utilities,ev_ebitda,12.256,13.6765,,13.6765,,False,cross_sectional,5.6,13.9,0.0,19.6,0.7,False,False,cross_sectional_primary
20260814,NASDAQ,MYRG,Industrials,ev_ebitda,17.566,18.107,,18.107,,False,cross_sectional,0.0,50.0,3.3,53.3,0.9,True,False,cross_sectional_primary
20260814,NASDAQ,MZTI,Consumer Defensive,fwd_pe,16.267664,16.3871,,16.3871,,False,cross_sectional,0.0,-9.4,-0.0,-9.4,0.9,False,False,cross_sectional_primary
20260814,NASDAQ,NBIS,Communication Services,fwd_pe,,12.7615,,12.7615,,False,UNMEASURED,,-3.5,15.0,11.5,0.5,False,False,cross_sectional_primary
20260814,NASDAQ,NBIX,Healthcare,fwd_pe,12.616993,19.3847,,19.3847,,False,cross_sectional,10.0,31.1,-0.7,40.4,0.9,False,True,cross_sectional_primary
20260814,NASDAQ,NCNO,Technology,fwd_pe,13.822819,20.8363,,20.8363,,False,cross_sectional,10.0,50.0,-0.7,59.3,0.9,True,True,cross_sectional_primary
20260814,NASDAQ,NDAQ,Financial Services,fwd_pe,20.88219,14.8436,,14.8436,,False,cross_sectional,-2.5,14.1,-6.7,4.9,0.9,False,True,cross_sectional_primary
20260814,NASDAQ,NDSN,Industrials,ev_ebitda,21.008,18.107,,18.107,,False,cross_sectional,-1.8,6.1,0.6,4.9,0.9,False,False,cross_sectional_primary
20260814,NASDAQ,NEO,Healthcare,fwd_pe,48.465313,19.3847,,19.3847,,False,cross_sectional,-2.5,50.0,-1.0,46.5,0.7,True,True,cross_sectional_primary
20260814,NASDAQ,NEOG,Healthcare,fwd_pe,31.289474,19.3847,,19.3847,,False,cross_sectional,-2.5,18.1,-0.2,15.4,0.7,False,True,cross_sectional_primary
20260814,NASDAQ,NESR,Energy,ev_ebitda,12.584,7.67,,7.67,,False,cross_sectional,-2.5,50.0,-2.3,45.2,0.9,True,True,cross_sectional_primary
20260814,NASDAQ,NFLX,Communication Services,fwd_pe,20.49949,12.7615,,12.7615,,False,cross_sectional,-2.5,11.1,1.7,10.3,0.9,False,True,cross_sectional_primary
20260814,NASDAQ,NICE,Technology,fwd_pe,8.315925,20.8363,,20.8363,,False,cross_sectional,10.0,-25.0,2.2,-12.8,0.9,True,True,cross_sectional_primary
20260814,NASDAQ,NOVT,Technology,fwd_pe,38.301495,20.8363,,20.8363,,False,cross_sectional,-2.5,50.0,-0.9,46.6,0.9,True,True,cross_sectional_primary
20260814,NASDAQ,NOVTU,Technology,fwd_pe,,20.8363,,20.8363,,False,UNMEASURED,,50.0,0.0,50.0,0.5,True,False,cross_sectional_primary
20260814,NASDAQ,NTAP,Technology,fwd_pe,20.58021,20.8363,21.4,20.8363,-2.6,False,cross_sectional,0.0,23.4,2.9,26.3,1.0,False,False,cross_sectional_primary
20260814,NASDAQ,NTES,Communication Services,fwd_pe,11.574726,12.7615,,12.7615,,False,cross_sectional,5.0,3.1,0.5,8.6,0.9,False,False,cross_sectional_primary
20260814,NASDAQ,NTNX,Technology,fwd_pe,31.001492,20.8363,,20.8363,,False,cross_sectional,-2.5,17.2,-10.0,4.7,0.9,False,True,cross_sectional_primary
20260814,NASDAQ,NTRA,Healthcare,fwd_pe,,19.3847,,19.3847,,False,UNMEASURED,,50.0,-9.0,41.0,0.5,True,False,cross_sectional_primary
20260814,NASDAQ,NTSK,Technology,fwd_pe,,20.8363,,20.8363,,False,UNMEASURED,,50.0,15.0,65.0,0.5,True,False,cross_sectional_primary
20260814,NASDAQ,NVDA,Technology,fwd_pe,17.578917,20.8363,,20.8363,,False,cross_sectional,8.9,50.0,0.9,59.7,0.9,True,False,cross_sectional_primary
20260814,NASDAQ,NVMI,Technology,fwd_pe,30.12401,20.8363,,20.8363,,False,cross_sectional,-2.5,2.9,-1.1,-0.7,0.9,False,True,cross_sectional_primary
20260814,NASDAQ,NWE,Utilities,ev_ebitda,13.472,13.6765,,13.6765,,False,cross_sectional,0.0,15.7,-1.0,14.7,0.9,False,False,cross_sectional_primary
20260814,NASDAQ,NXT,Technology,fwd_pe,18.084702,20.8363,26.2,20.8363,-20.5,False,cross_sectional,7.3,2.9,-1.8,8.4,1.0,False,False,cross_sectional_primary
20260814,NASDAQ,OCTV,Technology,fwd_pe,12.663188,20.8363,,20.8363,,False,cross_sectional,10.0,-20.3,0.0,-10.3,0.9,False,True,cross_sectional_primary
20260814,NASDAQ,OKTA,Technology,fwd_pe,36.182053,20.8363,,20.8363,,False,cross_sectional,-2.5,21.2,-4.7,14.0,0.9,False,True,cross_sectional_primary
20260814,NASDAQ,OLED,Technology,fwd_pe,18.881357,20.8363,,20.8363,,False,cross_sectional,5.0,-24.9,-0.0,-19.9,0.9,False,False,cross_sectional_primary
20260814,NASDAQ,OLLI,Consumer Defensive,fwd_pe,15.382453,16.3871,,16.3871,,False,cross_sectional,0.0,19.5,0.2,19.7,0.9,False,False,cross_sectional_primary
20260814,NASDAQ,OMAB,Industrials,ev_ebitda,1.728,18.107,,18.107,,False,cross_sectional,10.0,9.8,0.0,19.8,0.9,False,True,cross_sectional_primary
20260814,NASDAQ,ONC,Healthcare,fwd_pe,34.61819,19.3847,,19.3847,,False,cross_sectional,-2.5,50.0,-4.2,43.3,0.9,True,True,cross_sectional_primary
20260814,NASDAQ,OPCH,Healthcare,fwd_pe,11.561276,19.3847,,19.3847,,False,cross_sectional,10.0,12.9,4.8,27.7,0.9,False,True,cross_sectional_primary
20260814,NASDAQ,ORLY,Consumer Cyclical,fwd_pe,25.350494,17.3504,,17.3504,,False,cross_sectional,-2.5,10.3,3.3,11.1,0.9,False,True,cross_sectional_primary
20260814,NASDAQ,OSIS,Technology,fwd_pe,19.979876,20.8363,,20.8363,,False,cross_sectional,0.0,-2.9,0.0,-2.9,0.9,False,False,cross_sectional_primary
20260814,NASDAQ,OSW,Consumer Cyclical,fwd_pe,20.628353,17.3504,,17.3504,,False,cross_sectional,-2.1,19.7,-2.9,14.7,0.9,False,False,cross_sectional_primary
20260814,NASDAQ,OTEX,Technology,fwd_pe,5.8386345,20.8363,,20.8363,,False,cross_sectional,10.0,50.0,2.7,62.7,0.9,True,True,cross_sectional_primary
20260814,NASDAQ,PANW,Technology,fwd_pe,96.17626,20.8363,,20.8363,,False,cross_sectional,-2.5,7.4,-1.8,3.1,0.7,False,True,cross_sectional_primary
20260814,NASDAQ,PAYP,Technology,fwd_pe,19.40538,20.8363,,20.8363,,False,cross_sectional,0.0,50.0,1.8,51.8,0.9,True,False,cross_sectional_primary
20260814,NASDAQ,PAYX,Technology,fwd_pe,19.641226,20.8363,,20.8363,,False,cross_sectional,0.0,43.4,0.3,43.7,0.9,False,False,cross_sectional_primary
20260814,NASDAQ,PCTY,Technology,fwd_pe,15.766088,20.8363,,20.8363,,False,cross_sectional,10.0,27.6,0.0,37.6,0.7,False,True,cross_sectional_primary
20260814,NASDAQ,PDD,Consumer Cyclical,fwd_pe,6.876706,17.3504,,17.3504,,False,cross_sectional,10.0,-14.9,-0.8,-5.7,0.9,False,True,cross_sectional_primary
20260814,NASDAQ,PDFS,Technology,fwd_pe,30.92125,20.8363,,20.8363,,False,cross_sectional,-2.5,50.0,-0.5,47.0,0.9,True,True,cross_sectional_primary
20260814,NASDAQ,PEGA,Technology,fwd_pe,12.705628,20.8363,,20.8363,,False,cross_sectional,10.0,-25.0,-4.3,-19.3,0.9,True,True,cross_sectional_primary
20260814,NASDAQ,PENN,Consumer Cyclical,fwd_pe,15.774852,17.3504,,17.3504,,False,cross_sectional,0.0,27.8,2.5,30.3,0.7,False,False,cross_sectional_primary
20260814,NASDAQ,PEP,Consumer Defensive,fwd_pe,15.6619625,16.3871,,16.3871,,False,cross_sectional,0.0,50.0,0.4,50.4,0.9,True,False,cross_sectional_primary
20260814,NASDAQ,PI,Technology,fwd_pe,63.662903,20.8363,,20.8363,,False,cross_sectional,-2.5,0.0,-4.6,-7.1,0.9,False,True,cross_sectional_primary
20260814,NASDAQ,PLPC,Industrials,ev_ebitda,23.819,18.107,,18.107,,False,cross_sectional,-2.5,50.0,0.6,48.1,0.9,True,True,cross_sectional_primary
20260814,NASDAQ,PLTR,Technology,fwd_pe,77.351524,20.8363,282.1,20.8363,-92.6,True,cross_sectional,-2.5,50.0,-5.7,41.8,0.9,True,True,cross_sectional_primary
20260814,NASDAQ,PLXS,Technology,fwd_pe,26.388168,20.8363,,20.8363,,False,cross_sectional,-2.5,-3.7,0.9,-5.3,0.9,False,True,cross_sectional_primary
20260814,NASDAQ,PODD,Healthcare,fwd_pe,18.991398,19.3847,,19.3847,,False,cross_sectional,0.0,50.0,1.2,51.2,0.9,True,False,cross_sectional_primary
20260814,NASDAQ,POWL,Industrials,ev_ebitda,28.798,18.107,,18.107,,False,cross_sectional,-2.5,7.6,-0.2,4.9,0.9,False,True,cross_sectional_primary
20260814,NASDAQ,PPC,Consumer Defensive,fwd_pe,9.100321,16.3871,,16.3871,,False,cross_sectional,10.0,-25.0,-0.2,-15.2,0.9,True,True,cross_sectional_primary
20260814,NASDAQ,PRVA,Healthcare,fwd_pe,20.462667,19.3847,,19.3847,,False,cross_sectional,0.0,50.0,-1.7,48.3,0.9,True,False,cross_sectional_primary
20260814,NASDAQ,PSKY,Communication Services,fwd_pe,11.595855,12.7615,,12.7615,,False,cross_sectional,0.0,-25.0,-1.1,-26.1,0.9,True,False,cross_sectional_primary
20260814,NASDAQ,PSMT,Consumer Defensive,fwd_pe,28.031178,16.3871,,16.3871,,False,cross_sectional,-2.5,12.3,1.2,11.0,0.9,False,True,cross_sectional_primary
20260814,NASDAQ,PTC,Technology,fwd_pe,17.313986,20.8363,,20.8363,,False,cross_sectional,9.7,-12.0,-0.6,-2.9,0.9,False,False,cross_sectional_primary
20260814,NASDAQ,PTEN,Energy,ev_ebitda,6.065,7.67,,7.67,,False,cross_sectional,10.0,7.8,-10.0,7.8,0.7,False,True,cross_sectional_primary
20260814,NASDAQ,PTRN,Technology,fwd_pe,29.02754,20.8363,,20.8363,,False,cross_sectional,-2.5,-16.7,15.0,-4.2,0.9,False,True,cross_sectional_primary
20260814,NASDAQ,PYPL,Financial Services,fwd_pe,10.459608,14.8436,,14.8436,,False,cross_sectional,10.0,-3.1,6.5,13.4,0.9,False,True,cross_sectional_primary
20260814,NASDAQ,QCOM,Technology,fwd_pe,16.12305,20.8363,,20.8363,,False,cross_sectional,10.0,-23.0,0.9,-12.1,0.9,False,True,cross_sectional_primary
20260814,NASDAQ,QLYS,Technology,fwd_pe,23.277233,20.8363,,20.8363,,False,cross_sectional,-1.3,16.1,1.5,16.3,0.9,False,False,cross_sectional_primary
20260814,NASDAQ,QRVO,Technology,fwd_pe,12.361632,20.8363,,20.8363,,False,cross_sectional,10.0,50.0,2.1,62.1,0.9,True,True,cross_sectional_primary
20260814,NASDAQ,RDNT,Healthcare,fwd_pe,87.1914,19.3847,,19.3847,,False,cross_sectional,-2.5,-25.0,-7.8,-35.3,0.9,True,True,cross_sectional_primary
20260814,NASDAQ,REGN,Healthcare,fwd_pe,13.393165,19.3847,,19.3847,,False,cross_sectional,10.0,-4.5,2.3,7.8,0.9,False,True,cross_sectional_primary
20260814,NASDAQ,RELY,Technology,fwd_pe,15.862598,20.8363,,20.8363,,False,cross_sectional,10.0,50.0,-9.7,50.3,0.9,True,True,cross_sectional_primary
20260814,NASDAQ,RMBS,Technology,fwd_pe,26.870129,20.8363,32.0,20.8363,-34.9,True,cross_sectional,-2.5,15.1,0.7,13.3,0.9,False,True,cross_sectional_primary
20260814,NASDAQ,RNW,Utilities,ev_ebitda,8.643,13.6765,,13.6765,,False,cross_sectional,10.0,-25.0,-0.3,-15.3,0.9,True,True,cross_sectional_primary
20260814,NASDAQ,ROAD,Industrials,ev_ebitda,16.816,18.107,,18.107,,False,cross_sectional,0.0,34.2,-2.9,31.3,0.9,False,False,cross_sectional_primary
20260814,NASDAQ,ROKU,Communication Services,fwd_pe,39.276062,12.7615,,12.7615,,False,cross_sectional,-2.5,50.0,-4.0,43.5,0.9,True,True,cross_sectional_primary
20260814,NASDAQ,ROP,Technology,fwd_pe,16.372868,20.8363,,20.8363,,False,cross_sectional,10.0,50.0,-0.4,59.6,0.9,True,True,cross_sectional_primary
20260814,NASDAQ,ROST,Consumer Cyclical,fwd_pe,28.606062,17.3504,,17.3504,,False,cross_sectional,-2.5,37.4,1.9,36.8,0.9,False,True,cross_sectional_primary
20260814,NASDAQ,RRR,Consumer Cyclical,fwd_pe,15.8409395,17.3504,,17.3504,,False,cross_sectional,0.0,-25.0,0.3,-24.7,0.9,True,False,cross_sectional_primary
20260814,NASDAQ,RUSHA,Consumer Cyclical,fwd_pe,17.960497,17.3504,,17.3504,,False,cross_sectional,0.0,1.1,1.8,2.9,0.9,False,False,cross_sectional_primary
20260814,NASDAQ,RUSHB,Consumer Cyclical,price_fcf,20.27082170005714,24.5709,,24.5709,,False,cross_sectional,10.0,1.1,1.8,12.9,0.9,False,True,cross_sectional_primary
20260814,NASDAQ,RYAAY,Industrials,ev_ebitda,8.219,18.107,,18.107,,False,cross_sectional,10.0,-25.0,3.6,-11.4,0.9,True,True,cross_sectional_primary
20260814,NASDAQ,SAIA,Industrials,ev_ebitda,16.062,18.107,,18.107,,False,cross_sectional,6.2,31.5,-0.0,37.6,0.9,False,False,cross_sectional_primary
20260814,NASDAQ,SAIL,Technology,fwd_pe,50.043808,20.8363,,20.8363,,False,cross_sectional,-2.5,18.8,1.7,18.0,0.7,False,True,cross_sectional_primary
20260814,NASDAQ,SANM,Technology,fwd_pe,14.841906,20.8363,,20.8363,,False,cross_sectional,10.0,50.0,4.0,64.0,0.9,True,True,cross_sectional_primary
20260814,NASDAQ,SBUX,Consumer Cyclical,fwd_pe,34.858257,17.3504,,17.3504,,False,cross_sectional,-2.5,50.0,0.5,48.0,0.9,True,True,cross_sectional_primary
20260814,NASDAQ,SEZL,Financial Services,fwd_pe,19.539106,14.8436,,14.8436,,False,cross_sectional,-2.5,50.0,-2.4,45.1,0.9,False,True,cross_sectional_primary
20260814,NASDAQ,SFM,Consumer Defensive,fwd_pe,13.868807,16.3871,,16.3871,,False,cross_sectional,8.7,1.5,2.3,12.5,0.9,False,False,cross_sectional_primary
20260814,NASDAQ,SHC,Healthcare,fwd_pe,17.695164,19.3847,,19.3847,,False,cross_sectional,0.0,50.0,-0.6,49.4,0.9,True,False,cross_sectional_primary
20260814,NASDAQ,SHOO,Consumer Cyclical,fwd_pe,17.068598,17.3504,,17.3504,,False,cross_sectional,0.0,21.3,2.3,23.6,0.7,False,False,cross_sectional_primary
20260814,NASDAQ,SHOP,Technology,fwd_pe,65.050224,20.8363,,20.8363,,False,cross_sectional,-2.5,50.0,-0.3,47.2,0.9,True,True,cross_sectional_primary
20260814,NASDAQ,SITM,Technology,fwd_pe,46.14558,20.8363,,20.8363,,False,cross_sectional,-2.5,27.3,-6.1,18.7,0.7,False,True,cross_sectional_primary
20260814,NASDAQ,SKHY,Technology,fwd_pe,5.154541,20.8363,,20.8363,,False,cross_sectional,10.0,50.0,-1.6,58.4,0.9,True,True,cross_sectional_primary
20260814,NASDAQ,SKYW,Industrials,ev_ebitda,6.27,18.107,,18.107,,False,cross_sectional,10.0,-12.7,3.6,0.9,0.9,False,True,cross_sectional_primary
20260814,NASDAQ,SMCI,Technology,fwd_pe,7.32779,20.8363,,20.8363,,False,cross_sectional,10.0,50.0,-6.0,54.0,0.9,True,True,cross_sectional_primary
20260814,NASDAQ,SMCIP,Technology,fwd_pe,,20.8363,,20.8363,,False,UNMEASURED,,50.0,0.0,50.0,0.5,True,False,cross_sectional_primary
20260814,NASDAQ,SMTC,Technology,fwd_pe,33.90166,20.8363,,20.8363,,False,cross_sectional,-2.5,22.7,-10.0,10.2,0.9,False,True,cross_sectional_primary
20260814,NASDAQ,SNDK,Technology,fwd_pe,5.7637944,20.8363,,20.8363,,False,cross_sectional,10.0,19.4,0.0,29.4,0.7,False,True,cross_sectional_primary
20260814,NASDAQ,SNEX,Financial Services,fwd_pe,14.118393,14.8436,,14.8436,,False,cross_sectional,0.0,50.0,-3.9,46.1,0.9,True,False,cross_sectional_primary
20260814,NASDAQ,SNPS,Technology,fwd_pe,23.827421,20.8363,,20.8363,,False,cross_sectional,-1.6,-25.0,-3.3,-29.9,0.9,True,False,cross_sectional_primary
20260814,NASDAQ,SNY,Healthcare,fwd_pe,8.166813,19.3847,,19.3847,,False,cross_sectional,10.0,-25.0,1.0,-14.0,0.9,True,True,cross_sectional_primary
20260814,NASDAQ,SOLS,Basic Materials,ev_ebitda,13.024,16.8845,,16.8845,,False,cross_sectional,10.0,22.8,-0.1,32.7,0.9,False,True,cross_sectional_primary
20260814,NASDAQ,SPCX,Industrials,ev_ebitda,,18.107,,18.107,,False,UNMEASURED,,4.1,4.6,8.7,0.5,False,False,cross_sectional_primary
20260814,NASDAQ,SPSC,Technology,fwd_pe,14.904857,20.8363,,20.8363,,False,cross_sectional,10.0,-25.0,-0.7,-15.7,0.9,True,True,cross_sectional_primary
20260814,NASDAQ,SRAD,Technology,fwd_pe,23.799246,20.8363,,20.8363,,False,cross_sectional,-1.6,50.0,-0.4,48.0,0.7,True,False,cross_sectional_primary
20260814,NASDAQ,SSNC,Technology,fwd_pe,10.61347,20.8363,,20.8363,,False,cross_sectional,10.0,34.7,0.3,45.0,0.9,False,True,cross_sectional_primary
20260814,NASDAQ,STGW,Communication Services,fwd_pe,7.523233,12.7615,,12.7615,,False,cross_sectional,10.0,9.4,-10.0,9.4,0.7,False,True,cross_sectional_primary
20260814,NASDAQ,STNE,Technology,fwd_pe,4.36731,20.8363,,20.8363,,False,cross_sectional,10.0,50.0,11.7,71.7,0.9,True,True,cross_sectional_primary
20260814,NASDAQ,STRL,Industrials,ev_ebitda,23.565,18.107,,18.107,,False,cross_sectional,-2.5,50.0,0.4,47.9,0.9,True,True,cross_sectional_primary
20260814,NASDAQ,STX,Technology,fwd_pe,16.639818,20.8363,53.5,20.8363,-61.1,True,cross_sectional,10.0,50.0,-3.9,56.1,0.9,True,True,cross_sectional_primary
20260814,NASDAQ,SUPN,Healthcare,fwd_pe,10.571749,19.3847,36.0,19.3847,-46.2,True,cross_sectional,10.0,50.0,-0.8,59.2,0.7,True,True,cross_sectional_primary
20260814,NASDAQ,SYM,Industrials,price_fcf,32.11569904646349,24.5709,,24.5709,,False,cross_sectional,-2.5,27.8,-10.0,15.3,0.7,False,True,cross_sectional_primary
20260814,NASDAQ,TCOM,Consumer Cyclical,fwd_pe,10.641858,17.3504,,17.3504,,False,cross_sectional,10.0,-25.0,-2.0,-17.0,0.9,True,True,cross_sectional_primary
20260814,NASDAQ,TECH,Healthcare,fwd_pe,31.14817,19.3847,,19.3847,,False,cross_sectional,-2.5,5.2,0.7,3.4,0.7,False,True,cross_sectional_primary
20260814,NASDAQ,TENB,Technology,fwd_pe,18.323719,20.8363,,20.8363,,False,cross_sectional,6.6,8.1,-2.0,12.7,0.7,False,False,cross_sectional_primary
20260814,NASDAQ,TER,Technology,fwd_pe,35.533535,20.8363,37.9,20.8363,-45.0,True,cross_sectional,-2.5,50.0,1.4,48.9,0.9,True,True,cross_sectional_primary
20260814,NASDAQ,TIGO,Communication Services,fwd_pe,12.13038,12.7615,,12.7615,,False,cross_sectional,0.0,-25.0,1.0,-24.0,0.9,True,False,cross_sectional_primary
20260814,NASDAQ,TILE,Consumer Cyclical,fwd_pe,15.938271,17.3504,,17.3504,,False,cross_sectional,0.0,50.0,-0.7,49.3,0.9,True,False,cross_sectional_primary
20260814,NASDAQ,TLN,Utilities,ev_ebitda,46.146,13.6765,,13.6765,,False,cross_sectional,-2.5,29.2,-10.0,16.7,0.7,False,True,cross_sectional_primary
20260814,NASDAQ,TMDX,Healthcare,fwd_pe,38.880936,19.3847,,19.3847,,False,cross_sectional,-2.5,-25.0,-10.0,-37.5,0.9,True,True,cross_sectional_primary
20260814,NASDAQ,TMUS,Communication Services,fwd_pe,12.70073,12.7615,,12.7615,,False,cross_sectional,0.0,5.3,2.9,8.2,0.9,False,False,cross_sectional_primary
20260814,NASDAQ,TRI,Industrials,ev_ebitda,20.482,18.107,,18.107,,False,cross_sectional,-1.5,47.2,1.6,47.3,0.9,False,False,cross_sectional_primary
20260814,NASDAQ,TSCO,Consumer Cyclical,fwd_pe,17.632206,17.3504,,17.3504,,False,cross_sectional,0.0,-15.0,1.5,-13.5,0.9,False,False,cross_sectional_primary
20260814,NASDAQ,TSLA,Consumer Cyclical,fwd_pe,155.97859,17.3504,,17.3504,,False,cross_sectional,-2.5,-3.0,-0.6,-6.1,0.9,False,True,cross_sectional_primary
20260814,NASDAQ,TTAN,Technology,fwd_pe,57.093063,20.8363,,20.8363,,False,cross_sectional,-2.5,20.2,-5.9,11.8,0.7,False,True,cross_sectional_primary
20260814,NASDAQ,TTD,Communication Services,fwd_pe,14.628315,12.7615,,12.7615,,False,cross_sectional,-1.6,-23.6,0.7,-24.6,0.9,False,False,cross_sectional_primary
20260814,NASDAQ,TTEK,Industrials,ev_ebitda,15.459,18.107,,18.107,,False,cross_sectional,8.2,-2.3,0.2,6.1,0.9,False,False,cross_sectional_primary
20260814,NASDAQ,TTMI,Technology,fwd_pe,20.149439,20.8363,,20.8363,,False,cross_sectional,0.0,50.0,0.1,50.1,0.9,True,False,cross_sectional_primary
20260814,NASDAQ,TTWO,Communication Services,fwd_pe,23.483992,12.7615,,12.7615,,False,cross_sectional,-2.5,40.4,-4.0,33.9,0.7,False,True,cross_sectional_primary
20260814,NASDAQ,TW,Financial Services,fwd_pe,23.006823,14.8436,,14.8436,,False,cross_sectional,-2.5,19.7,-0.5,16.7,0.9,False,True,cross_sectional_primary
20260814,NASDAQ,TXG,Healthcare,price_fcf,58.228733166813974,24.5709,,24.5709,,False,cross_sectional,-2.5,4.6,-3.2,-1.0,0.7,False,True,cross_sectional_primary
20260814,NASDAQ,TXRH,Consumer Cyclical,fwd_pe,26.612278,17.3504,,17.3504,,False,cross_sectional,-2.5,-0.5,0.5,-2.5,0.9,False,True,cross_sectional_primary
20260814,NASDAQ,UAL,Industrials,ev_ebitda,8.185,18.107,,18.107,,False,cross_sectional,10.0,-17.2,0.5,-6.7,0.9,False,True,cross_sectional_primary
20260814,NASDAQ,UFPT,Healthcare,fwd_pe,26.941248,19.3847,,19.3847,,False,cross_sectional,-2.5,21.3,-0.7,18.1,0.9,False,True,cross_sectional_primary
20260814,NASDAQ,URBN,Consumer Cyclical,fwd_pe,11.210812,17.3504,,17.3504,,False,cross_sectional,10.0,12.1,1.3,23.4,0.9,False,True,cross_sectional_primary
20260814,NASDAQ,USLM,Basic Materials,ev_ebitda,16.036,16.8845,,16.8845,,False,cross_sectional,0.0,12.2,-0.3,11.9,0.9,False,False,cross_sectional_primary
20260814,NASDAQ,UTHR,Healthcare,fwd_pe,16.614574,19.3847,,19.3847,,False,cross_sectional,8.0,13.4,1.8,23.2,0.9,False,False,cross_sectional_primary
20260814,NASDAQ,VC,Consumer Cyclical,fwd_pe,10.239007,17.3504,,17.3504,,False,cross_sectional,10.0,-25.0,1.6,-13.4,0.9,True,True,cross_sectional_primary
20260814,NASDAQ,VCEL,Healthcare,fwd_pe,52.647755,19.3847,,19.3847,,False,cross_sectional,-2.5,50.0,-4.7,42.8,0.7,True,True,cross_sectional_primary
20260814,NASDAQ,VCYT,Healthcare,fwd_pe,21.866562,19.3847,,19.3847,,False,cross_sectional,-1.5,1.8,-5.3,-5.0,0.7,False,False,cross_sectional_primary
20260814,NASDAQ,VECO,Technology,fwd_pe,18.438984,20.8363,,20.8363,,False,cross_sectional,6.3,-8.6,-6.2,-8.5,0.9,False,False,cross_sectional_primary
20260814,NASDAQ,VEON,Communication Services,fwd_pe,6.888648,12.7615,,12.7615,,False,cross_sectional,10.0,-25.0,-1.1,-16.1,0.9,True,True,cross_sectional_primary
20260814,NASDAQ,VERX,Technology,fwd_pe,12.959196,20.8363,,20.8363,,False,cross_sectional,10.0,19.5,-9.0,20.6,0.7,False,True,cross_sectional_primary
20260814,NASDAQ,VICR,Technology,fwd_pe,40.81155,20.8363,,20.8363,,False,cross_sectional,-2.5,14.3,-0.5,11.3,0.9,False,True,cross_sectional_primary
20260814,NASDAQ,VISN,Technology,fwd_pe,16.310753,20.8363,,20.8363,,False,cross_sectional,10.0,50.0,-4.4,55.6,0.9,True,True,cross_sectional_primary
20260814,NASDAQ,VNET,Technology,fwd_pe,35.9366,20.8363,,20.8363,,False,cross_sectional,-2.5,50.0,-10.0,37.5,0.7,True,True,cross_sectional_primary
20260814,NASDAQ,VNOM,Energy,ev_ebitda,7.848,7.67,,7.67,,False,cross_sectional,0.0,50.0,-10.0,40.0,0.9,True,False,cross_sectional_primary
20260814,NASDAQ,VOD,Communication Services,fwd_pe,9.163146,12.7615,,12.7615,,False,cross_sectional,10.0,31.2,5.9,47.1,0.7,False,True,cross_sectional_primary
20260814,NASDAQ,VRNS,Technology,fwd_pe,111.00613,20.8363,,20.8363,,False,cross_sectional,-2.5,50.0,-2.4,45.1,0.7,True,True,cross_sectional_primary
20260814,NASDAQ,VRSK,Industrials,ev_ebitda,18.648,18.107,,18.107,,False,cross_sectional,0.0,-3.4,2.5,-0.9,0.9,False,False,cross_sectional_primary
20260814,NASDAQ,VRSN,Technology,fwd_pe,26.152739,20.8363,,20.8363,,False,cross_sectional,-2.5,7.7,4.8,10.0,0.9,False,True,cross_sectional_primary
20260814,NASDAQ,VRTX,Healthcare,fwd_pe,23.68868,19.3847,,19.3847,,False,cross_sectional,-2.4,8.0,0.5,6.1,0.9,False,False,cross_sectional_primary
20260814,NASDAQ,VSAT,Technology,price_fcf,19.125348928423694,24.5709,,24.5709,,False,cross_sectional,10.0,50.0,-4.2,55.8,0.7,True,True,cross_sectional_primary
20260814,NASDAQ,VSEC,Industrials,ev_ebitda,33.488,18.107,,18.107,,False,cross_sectional,-2.5,50.0,-10.0,37.5,0.9,True,True,cross_sectional_primary
20260814,NASDAQ,WAY,Healthcare,fwd_pe,13.354704,19.3847,,19.3847,,False,cross_sectional,10.0,16.7,-5.3,21.4,0.9,False,True,cross_sectional_primary
20260814,NASDAQ,WBD,Communication Services,price_fcf,22.530130238341968,24.5709,,24.5709,,False,cross_sectional,0.0,-25.0,-1.9,-26.9,0.9,True,False,cross_sectional_primary
20260814,NASDAQ,WDAY,Technology,fwd_pe,16.328083,20.8363,,20.8363,,False,cross_sectional,10.0,50.0,-0.5,59.5,0.9,True,True,cross_sectional_primary
20260814,NASDAQ,WDC,Technology,fwd_pe,15.372177,20.8363,19.2,20.8363,8.5,False,cross_sectional,10.0,50.0,-6.3,53.7,1.0,True,True,cross_sectional_primary
20260814,NASDAQ,WDFC,Basic Materials,ev_ebitda,25.092,16.8845,,16.8845,,False,cross_sectional,-2.5,45.5,0.1,43.1,0.9,False,True,cross_sectional_primary
20260814,NASDAQ,WFRD,Energy,ev_ebitda,7.67,7.67,,7.67,,False,cross_sectional,0.0,-25.0,1.0,-24.0,0.9,True,False,cross_sectional_primary
20260814,NASDAQ,WGS,Healthcare,fwd_pe,67.721924,19.3847,,19.3847,,False,cross_sectional,-2.5,7.1,-8.5,-3.9,0.7,False,True,cross_sectional_primary
20260814,NASDAQ,WING,Consumer Cyclical,fwd_pe,21.232372,17.3504,,17.3504,,False,cross_sectional,-2.4,19.8,3.0,20.4,0.9,False,False,cross_sectional_primary
20260814,NASDAQ,WIX,Technology,fwd_pe,11.713241,20.8363,,20.8363,,False,cross_sectional,10.0,37.7,0.6,48.3,0.7,False,True,cross_sectional_primary
20260814,NASDAQ,WMG,Communication Services,fwd_pe,12.859223,12.7615,,12.7615,,False,cross_sectional,0.0,8.5,-0.4,8.0,0.7,False,False,cross_sectional_primary
20260814,NASDAQ,WMT,Consumer Defensive,fwd_pe,35.268337,16.3871,,16.3871,,False,cross_sectional,-2.5,19.4,0.5,17.4,0.9,False,True,cross_sectional_primary
20260814,NASDAQ,WSC,Industrials,ev_ebitda,13.525,18.107,,18.107,,False,cross_sectional,10.0,-0.2,4.9,14.7,0.9,False,True,cross_sectional_primary
20260814,NASDAQ,WTW,Financial Services,fwd_pe,14.608816,14.8436,,14.8436,,False,cross_sectional,0.0,-25.0,3.4,-21.6,0.9,True,False,cross_sectional_primary
20260814,NASDAQ,WWD,Industrials,ev_ebitda,27.485,18.107,,18.107,,False,cross_sectional,-2.5,36.4,0.0,33.9,0.9,False,True,cross_sectional_primary
20260814,NASDAQ,WYNN,Consumer Cyclical,fwd_pe,19.71596,17.3504,,17.3504,,False,cross_sectional,-1.5,50.0,3.9,52.3,0.9,True,False,cross_sectional_primary
20260814,NASDAQ,XMTR,Industrials,ev_ebitda,,18.107,,18.107,,False,UNMEASURED,,50.0,-3.0,47.0,0.5,True,False,cross_sectional_primary
20260814,NASDAQ,XP,Financial Services,fwd_pe,6.717526,14.8436,,14.8436,,False,cross_sectional,10.0,8.9,1.1,20.0,0.9,False,True,cross_sectional_primary
20260814,NASDAQ,Z,Communication Services,fwd_pe,12.822297,12.7615,,12.7615,,False,cross_sectional,0.0,20.5,-4.3,16.2,0.7,False,False,cross_sectional_primary
20260814,NASDAQ,ZG,Communication Services,fwd_pe,12.387935,12.7615,,12.7615,,False,cross_sectional,0.0,23.3,-4.3,19.0,0.7,False,False,cross_sectional_primary
20260814,NASDAQ,ZM,Technology,fwd_pe,17.43874,20.8363,,20.8363,,False,cross_sectional,9.3,50.0,0.2,59.5,0.9,True,False,cross_sectional_primary
20260814,NASDAQ,ZS,Technology,fwd_pe,40.94866,20.8363,,20.8363,,False,cross_sectional,-2.5,9.1,-3.2,3.4,0.7,False,True,cross_sectional_primary
20260815,SP500,NVDA,Technology,fwd_pe,17.567993,20.3725,,20.3725,,False,cross_sectional,7.7,50.0,0.9,58.5,0.9,True,False,cross_sectional_primary
20260815,SP500,AAPL,Technology,fwd_pe,32.17704,20.3725,,20.3725,,False,cross_sectional,-2.5,28.7,2.6,28.8,0.9,False,True,cross_sectional_primary
20260815,SP500,MSFT,Technology,fwd_pe,21.015318,20.3725,,20.3725,,False,cross_sectional,0.0,31.7,0.1,31.8,0.9,False,False,cross_sectional_primary
20260815,SP500,AMZN,Consumer Cyclical,fwd_pe,25.270699,17.8261,,17.8261,,False,cross_sectional,-2.5,50.0,-1.6,45.9,0.9,True,True,cross_sectional_primary
20260815,SP500,GOOGL,Communication Services,fwd_pe,23.456905,14.3774,,14.3774,,False,cross_sectional,-2.5,50.0,2.0,49.5,0.9,True,True,cross_sectional_primary
20260815,SP500,AVGO,Technology,fwd_pe,20.121695,20.3725,,20.3725,,False,cross_sectional,0.0,50.0,-6.6,43.4,0.9,True,False,cross_sectional_primary
20260815,SP500,GOOG,Communication Services,fwd_pe,23.296865,14.3774,,14.3774,,False,cross_sectional,-2.5,50.0,2.0,49.5,0.9,True,True,cross_sectional_primary
20260815,SP500,META,Communication Services,fwd_pe,16.908413,14.3774,,14.3774,,False,cross_sectional,-1.9,-13.4,1.1,-14.3,0.9,False,False,cross_sectional_primary
20260815,SP500,MU,Technology,fwd_pe,6.2732425,20.3725,,20.3725,,False,cross_sectional,10.0,50.0,-1.5,58.5,0.9,True,True,cross_sectional_primary
20260815,SP500,TSLA,Consumer Cyclical,fwd_pe,157.03845,17.8261,,17.8261,,False,cross_sectional,-2.5,-3.0,-0.6,-6.1,0.9,False,True,cross_sectional_primary
20260815,SP500,LLY,Healthcare,fwd_pe,24.934576,16.2341,,16.2341,,False,cross_sectional,-2.5,26.2,0.2,23.9,0.9,False,True,cross_sectional_primary
20260815,SP500,AMD,Technology,fwd_pe,33.272594,20.3725,100.8,20.3725,-79.8,True,cross_sectional,-2.5,50.0,-0.3,47.2,0.9,True,True,cross_sectional_primary
20260815,SP500,JNJ,Healthcare,fwd_pe,21.153769,16.2341,,16.2341,,False,cross_sectional,-2.5,-0.9,2.6,-0.8,0.9,False,True,cross_sectional_primary
20260815,SP500,V,Financial Services,fwd_pe,24.315084,22.5871,,22.5871,,False,cross_sectional,0.0,10.2,6.5,16.7,0.9,False,False,cross_sectional_primary
20260815,SP500,WMT,Consumer Defensive,fwd_pe,35.131187,16.8232,,16.8232,,False,cross_sectional,-2.5,19.4,0.5,17.4,0.9,False,True,cross_sectional_primary
20260815,SP500,MA,Financial Services,fwd_pe,24.741121,22.5871,34.7,22.5871,-34.9,True,cross_sectional,0.0,22.1,2.1,24.2,0.9,False,False,cross_sectional_primary
20260815,SP500,CSCO,Technology,fwd_pe,20.464632,20.3725,,20.3725,,False,cross_sectional,0.0,50.0,1.3,51.3,0.9,True,False,cross_sectional_primary
20260815,SP500,ABBV,Healthcare,fwd_pe,15.324913,16.2341,,16.2341,,False,cross_sectional,0.0,50.0,0.0,50.0,0.9,True,False,cross_sectional_primary
20260815,SP500,COST,Consumer Defensive,fwd_pe,42.41705,16.8232,,16.8232,,False,cross_sectional,-2.5,45.5,-0.0,43.0,0.9,False,True,cross_sectional_primary
20260815,SP500,AMAT,Technology,fwd_pe,28.031849,20.3725,18.7,20.3725,8.9,False,cross_sectional,-2.5,33.5,2.2,33.2,1.0,False,True,cross_sectional_primary
20260815,SP500,LRCX,Technology,fwd_pe,28.757978,20.3725,32.9,20.3725,-38.1,True,cross_sectional,-2.5,34.8,2.3,34.6,0.9,False,True,cross_sectional_primary
20260815,SP500,PLTR,Technology,fwd_pe,75.20395,20.3725,282.1,20.3725,-92.8,True,cross_sectional,-2.5,50.0,-5.7,41.8,0.9,True,True,cross_sectional_primary
20260815,SP500,CAT,Industrials,ev_ebitda,26.641,18.608,,18.608,,False,cross_sectional,-2.5,50.0,4.1,51.6,0.9,True,True,cross_sectional_primary
20260815,SP500,GE,Industrials,ev_ebitda,34.201,18.608,,18.608,,False,cross_sectional,-2.5,19.4,1.4,18.3,0.9,False,True,cross_sectional_primary
20260815,SP500,UNH,Healthcare,fwd_pe,17.906046,16.2341,,16.2341,,False,cross_sectional,0.0,50.0,1.4,51.4,0.9,True,False,cross_sectional_primary
20260815,SP500,HD,Consumer Cyclical,fwd_pe,21.037561,17.8261,,17.8261,,False,cross_sectional,-2.0,-4.3,0.3,-5.9,0.9,False,False,cross_sectional_primary
20260815,SP500,KO,Consumer Defensive,fwd_pe,24.872532,16.8232,,16.8232,,False,cross_sectional,-2.5,16.9,0.3,14.7,0.9,False,True,cross_sectional_primary
20260815,SP500,PG,Consumer Defensive,fwd_pe,19.533203,16.8232,,16.8232,,False,cross_sectional,-1.8,-15.5,1.0,-16.3,0.9,False,False,cross_sectional_primary
20260815,SP500,MRK,Healthcare,fwd_pe,14.209204,16.2341,,16.2341,,False,cross_sectional,6.9,50.0,1.9,58.8,0.7,True,False,cross_sectional_primary
20260815,SP500,NFLX,Communication Services,fwd_pe,20.478533,14.3774,,14.3774,,False,cross_sectional,-2.5,11.1,1.7,10.3,0.9,False,True,cross_sectional_primary
20260815,SP500,PANW,Technology,fwd_pe,93.3274,20.3725,,20.3725,,False,cross_sectional,-2.5,7.4,-1.8,3.1,0.7,False,True,cross_sectional_primary
20260815,SP500,RTX,Industrials,ev_ebitda,20.728,18.608,,18.608,,False,cross_sectional,-1.3,28.7,2.8,30.2,0.9,False,False,cross_sectional_primary
20260815,SP500,PM,Consumer Defensive,fwd_pe,20.76503,16.8232,,16.8232,,False,cross_sectional,-2.5,-7.5,-0.2,-10.2,0.9,False,False,cross_sectional_primary
20260815,SP500,GEV,Industrials,price_fcf,76.32862216280323,26.0185,,26.0185,,False,cross_sectional,-2.5,32.8,-0.3,30.0,0.9,False,True,cross_sectional_primary
20260815,SP500,KLAC,Technology,fwd_pe,30.996666,20.3725,35.3,20.3725,-42.3,True,cross_sectional,-2.5,13.8,1.6,12.9,0.9,False,True,cross_sectional_primary
20260815,SP500,ORCL,Technology,fwd_pe,13.790274,20.3725,,20.3725,,False,cross_sectional,10.0,21.9,-1.6,30.3,0.9,False,True,cross_sectional_primary
20260815,SP500,CRWD,Technology,fwd_pe,138.52705,20.3725,,20.3725,,False,cross_sectional,-2.5,21.6,-1.4,17.7,0.7,False,True,cross_sectional_primary
20260815,SP500,SNDK,Technology,fwd_pe,6.190013,20.3725,,20.3725,,False,cross_sectional,10.0,19.4,0.0,29.4,0.7,False,True,cross_sectional_primary
20260815,SP500,AMGN,Healthcare,fwd_pe,17.101322,16.2341,,16.2341,,False,cross_sectional,0.0,50.0,-0.4,49.6,0.9,True,False,cross_sectional_primary
20260815,SP500,IBM,Technology,fwd_pe,17.785322,20.3725,,20.3725,,False,cross_sectional,7.0,-1.8,-1.4,3.8,0.9,False,False,cross_sectional_primary
20260815,SP500,LIN,Basic Materials,ev_ebitda,17.884,17.7685,,17.7685,,False,cross_sectional,0.0,11.3,2.1,13.4,0.9,False,False,cross_sectional_primary
20260815,SP500,ANET,Technology,fwd_pe,38.534294,20.3725,41.4,20.3725,-50.8,True,cross_sectional,-2.5,35.7,-0.3,32.9,0.9,False,True,cross_sectional_primary
20260815,SP500,STX,Technology,fwd_pe,17.580194,20.3725,53.5,20.3725,-61.9,True,cross_sectional,7.6,50.0,-3.9,53.7,0.9,True,False,cross_sectional_primary
20260815,SP500,APH,Technology,fwd_pe,25.916885,20.3725,,20.3725,,False,cross_sectional,-2.5,50.0,-1.5,46.0,0.9,True,True,cross_sectional_primary
20260815,SP500,VZ,Communication Services,fwd_pe,9.180966,14.3774,,14.3774,,False,cross_sectional,10.0,-22.0,-0.2,-12.2,0.9,False,True,cross_sectional_primary
20260815,SP500,MRVL,Technology,fwd_pe,35.565994,20.3725,,20.3725,,False,cross_sectional,-2.5,-25.0,-0.5,-28.0,0.9,True,True,cross_sectional_primary
20260815,SP500,ABT,Healthcare,fwd_pe,18.346973,16.2341,,16.2341,,False,cross_sectional,-1.5,-25.0,0.0,-26.5,0.9,True,False,cross_sectional_primary
20260815,SP500,MCD,Consumer Cyclical,fwd_pe,19.490139,17.8261,,17.8261,,False,cross_sectional,0.0,5.7,1.1,6.8,0.9,False,False,cross_sectional_primary
20260815,SP500,PEP,Consumer Defensive,fwd_pe,15.680897,16.8232,,16.8232,,False,cross_sectional,0.0,50.0,0.4,50.4,0.9,True,False,cross_sectional_primary
20260815,SP500,DIS,Communication Services,fwd_pe,14.377424,14.3774,,14.3774,,False,cross_sectional,0.0,-25.0,0.5,-24.5,0.9,True,False,cross_sectional_primary
20260815,SP500,BA,Industrials,ev_ebitda,,18.608,,18.608,,False,UNMEASURED,,3.9,-10.0,-6.1,0.5,False,False,cross_sectional_primary
20260815,SP500,NEE,Utilities,ev_ebitda,20.43,13.2945,,13.2945,,False,cross_sectional,-2.5,50.0,-1.0,46.5,0.9,True,True,cross_sectional_primary
20260815,SP500,ETN,Industrials,ev_ebitda,29.635,18.608,,18.608,,False,cross_sectional,-2.5,-15.9,1.2,-17.2,0.9,False,True,cross_sectional_primary
20260815,SP500,QCOM,Technology,fwd_pe,16.22089,20.3725,,20.3725,,False,cross_sectional,10.0,-23.0,0.9,-12.1,0.9,False,True,cross_sectional_primary
20260815,SP500,GILD,Healthcare,fwd_pe,14.014986,16.2341,,16.2341,,False,cross_sectional,7.6,18.6,0.1,26.4,0.7,False,False,cross_sectional_primary
20260815,SP500,T,Communication Services,fwd_pe,9.708549,14.3774,,14.3774,,False,cross_sectional,10.0,6.2,0.5,16.7,0.9,False,True,cross_sectional_primary
20260815,SP500,TJX,Consumer Cyclical,fwd_pe,26.439796,17.8261,,17.8261,,False,cross_sectional,-2.5,29.3,1.3,28.1,0.9,False,True,cross_sectional_primary
20260815,SP500,WDC,Technology,fwd_pe,16.050735,20.3725,19.2,20.3725,6.1,False,cross_sectional,10.0,50.0,-6.3,53.7,1.0,True,True,cross_sectional_primary
20260815,SP500,CRM,Technology,fwd_pe,12.641134,20.3725,,20.3725,,False,cross_sectional,10.0,50.0,1.4,61.4,0.9,True,True,cross_sectional_primary
20260815,SP500,UBER,Technology,fwd_pe,17.316935,20.3725,,20.3725,,False,cross_sectional,8.5,50.0,-0.7,57.8,0.9,True,False,cross_sectional_primary
20260815,SP500,DELL,Technology,fwd_pe,22.259108,20.3725,,20.3725,,False,cross_sectional,0.0,50.0,1.6,51.6,0.9,True,False,cross_sectional_primary
20260815,SP500,ISRG,Healthcare,fwd_pe,32.682922,16.2341,,16.2341,,False,cross_sectional,-2.5,26.5,-0.7,23.3,0.9,False,True,cross_sectional_primary
20260815,SP500,PH,Industrials,ev_ebitda,25.34,18.608,,18.608,,False,cross_sectional,-2.5,19.3,-0.1,16.7,0.9,False,True,cross_sectional_primary
20260815,SP500,BMY,Healthcare,fwd_pe,9.7353325,16.2341,15.1,16.2341,7.5,False,cross_sectional,10.0,50.0,0.9,60.9,1.0,True,True,cross_sectional_primary
20260815,SP500,VRTX,Healthcare,fwd_pe,23.198338,16.2341,,16.2341,,False,cross_sectional,-2.5,8.0,0.5,6.0,0.9,False,True,cross_sectional_primary
20260815,SP500,NOW,Technology,fwd_pe,24.769337,20.3725,,20.3725,,False,cross_sectional,-2.3,-21.9,-0.8,-25.0,0.9,False,False,cross_sectional_primary
20260815,SP500,SPGI,Financial Services,fwd_pe,20.692026,22.5871,,22.5871,,False,cross_sectional,0.0,17.7,2.2,19.9,0.9,False,False,cross_sectional_primary
20260815,SP500,GLW,Technology,fwd_pe,38.419346,20.3725,45.1,20.3725,-54.8,True,cross_sectional,-2.5,18.5,-0.7,15.3,0.9,False,True,cross_sectional_primary
20260815,SP500,SBUX,Consumer Cyclical,fwd_pe,34.58209,17.8261,,17.8261,,False,cross_sectional,-2.5,50.0,0.5,48.0,0.9,True,True,cross_sectional_primary
20260815,SP500,CVS,Healthcare,fwd_pe,11.428761,16.2341,,16.2341,,False,cross_sectional,10.0,50.0,0.7,60.7,0.9,True,True,cross_sectional_primary
20260815,SP500,LMT,Industrials,ev_ebitda,16.242,18.608,,18.608,,False,cross_sectional,7.0,50.0,3.6,60.6,0.9,True,False,cross_sectional_primary
20260815,SP500,SYK,Healthcare,fwd_pe,20.237774,16.2341,,16.2341,,False,cross_sectional,-2.5,44.1,-0.4,41.2,0.9,False,True,cross_sectional_primary
20260815,SP500,MDT,Healthcare,fwd_pe,14.233183,16.2341,,16.2341,,False,cross_sectional,6.8,18.3,1.6,26.7,0.9,False,False,cross_sectional_primary
20260815,SP500,HWM,Industrials,ev_ebitda,41.836,18.608,,18.608,,False,cross_sectional,-2.5,33.0,1.2,31.7,0.9,False,True,cross_sectional_primary
20260815,SP500,ADP,Technology,fwd_pe,20.37252,20.3725,,20.3725,,False,cross_sectional,0.0,9.8,0.8,10.6,0.9,False,False,cross_sectional_primary
20260815,SP500,VRT,Industrials,ev_ebitda,42.315,18.608,,18.608,,False,cross_sectional,-2.5,50.0,-0.6,46.9,0.9,True,True,cross_sectional_primary
20260815,SP500,ACN,Technology,fwd_pe,12.0628,20.3725,,20.3725,,False,cross_sectional,10.0,9.0,0.5,19.5,0.9,False,True,cross_sectional_primary
20260815,SP500,ADBE,Technology,fwd_pe,9.602888,20.3725,,20.3725,,False,cross_sectional,10.0,7.9,3.5,21.4,0.9,False,True,cross_sectional_primary
20260815,SP500,TT,Industrials,ev_ebitda,25.166,18.608,,18.608,,False,cross_sectional,-2.5,7.1,1.3,5.9,0.9,False,True,cross_sectional_primary
20260815,SP500,SO,Utilities,ev_ebitda,12.879,13.2945,,13.2945,,False,cross_sectional,0.0,30.4,-0.4,30.0,0.9,False,False,cross_sectional_primary
20260815,SP500,FTNT,Technology,fwd_pe,42.56083,20.3725,40.7,20.3725,-49.9,True,cross_sectional,-2.5,43.9,1.5,42.9,0.9,False,True,cross_sectional_primary
20260815,SP500,MCK,Healthcare,fwd_pe,17.196598,16.2341,,16.2341,,False,cross_sectional,0.0,-17.6,3.8,-13.8,0.9,False,False,cross_sectional_primary
20260815,SP500,PWR,Industrials,ev_ebitda,35.254,18.608,,18.608,,False,cross_sectional,-2.5,50.0,-0.8,46.7,0.9,True,True,cross_sectional_primary
20260815,SP500,GD,Industrials,ev_ebitda,16.895,18.608,,18.608,,False,cross_sectional,0.0,13.4,0.6,14.0,0.9,False,False,cross_sectional_primary
20260815,SP500,INTU,Technology,fwd_pe,12.653422,20.3725,,20.3725,,False,cross_sectional,10.0,10.7,0.0,20.7,0.9,False,True,cross_sectional_primary
20260815,SP500,CME,Financial Services,fwd_pe,20.859055,22.5871,,22.5871,,False,cross_sectional,0.0,2.5,-0.1,2.4,0.9,False,False,cross_sectional_primary
20260815,SP500,DUK,Utilities,ev_ebitda,11.509,13.2945,,13.2945,,False,cross_sectional,7.5,10.6,-0.4,17.7,0.9,False,False,cross_sectional_primary
20260815,SP500,CMCSA,Communication Services,fwd_pe,7.227592,14.3774,,14.3774,,False,cross_sectional,10.0,-25.0,5.4,-9.6,0.9,True,True,cross_sectional_primary
20260815,SP500,JCI,Industrials,ev_ebitda,23.262,18.608,,18.608,,False,cross_sectional,-2.5,15.3,2.5,15.3,0.9,False,True,cross_sectional_primary
20260815,SP500,EMR,Industrials,ev_ebitda,16.945,18.608,,18.608,,False,cross_sectional,0.0,23.0,0.9,23.9,0.9,False,False,cross_sectional_primary
20260815,SP500,CDNS,Technology,fwd_pe,34.058502,20.3725,,20.3725,,False,cross_sectional,-2.5,50.0,-0.1,47.4,0.9,True,True,cross_sectional_primary
20260815,SP500,WMB,Energy,ev_ebitda,17.367,11.956,,11.956,,False,cross_sectional,-2.5,50.0,-0.1,47.4,0.9,True,True,cross_sectional_primary
20260815,SP500,CEG,Utilities,ev_ebitda,15.649,13.2945,,13.2945,,False,cross_sectional,-2.0,-25.0,1.6,-25.4,0.9,True,False,cross_sectional_primary
20260815,SP500,ICE,Financial Services,fwd_pe,17.54949,22.5871,,22.5871,,False,cross_sectional,10.0,14.2,-0.9,23.3,0.9,False,True,cross_sectional_primary
20260815,SP500,CMI,Industrials,ev_ebitda,18.391,18.608,,18.608,,False,cross_sectional,0.0,4.7,1.4,6.1,0.9,False,False,cross_sectional_primary
20260815,SP500,TMUS,Communication Services,fwd_pe,12.6474,14.3774,,14.3774,,False,cross_sectional,6.6,5.3,2.9,14.8,0.9,False,False,cross_sectional_primary
20260815,SP500,APP,Communication Services,fwd_pe,15.023249,14.3774,,14.3774,,False,cross_sectional,0.0,50.0,2.9,52.9,0.9,True,False,cross_sectional_primary
20260815,SP500,DDOG,Technology,fwd_pe,86.14254,20.3725,,20.3725,,False,cross_sectional,-2.5,50.0,-1.9,45.6,0.9,True,True,cross_sectional_primary
20260815,SP500,SHW,Basic Materials,ev_ebitda,21.658,17.7685,,17.7685,,False,cross_sectional,-2.4,14.3,1.5,13.5,0.9,False,False,cross_sectional_primary
20260815,SP500,WM,Industrials,ev_ebitda,14.479,18.608,,18.608,,False,cross_sectional,10.0,8.3,0.3,18.6,0.9,False,True,cross_sectional_primary
20260815,SP500,DASH,Consumer Cyclical,fwd_pe,27.34317,17.8261,,17.8261,,False,cross_sectional,-2.5,-25.0,-5.8,-33.3,0.9,True,True,cross_sectional_primary
20260815,SP500,MDLZ,Consumer Defensive,fwd_pe,18.92845,16.8232,,16.8232,,False,cross_sectional,-1.4,50.0,2.7,51.2,0.9,True,False,cross_sectional_primary
20260815,SP500,REGN,Healthcare,fwd_pe,13.351787,16.2341,,16.2341,,False,cross_sectional,10.0,-4.5,2.3,7.8,0.9,False,True,cross_sectional_primary
20260815,SP500,HPE,Technology,fwd_pe,14.54359,20.3725,,20.3725,,False,cross_sectional,10.0,14.3,-0.3,24.0,0.7,False,True,cross_sectional_primary
20260815,SP500,ROST,Consumer Cyclical,fwd_pe,28.652773,17.8261,,17.8261,,False,cross_sectional,-2.5,37.4,1.9,36.8,0.9,False,True,cross_sectional_primary
20260815,SP500,SNPS,Technology,fwd_pe,24.391642,20.3725,,20.3725,,False,cross_sectional,-2.2,-25.0,-3.3,-30.5,0.9,True,False,cross_sectional_primary
20260815,SP500,HOOD,Financial Services,fwd_pe,29.81768,22.5871,,22.5871,,False,cross_sectional,-2.5,47.6,-1.6,43.5,0.9,False,True,cross_sectional_primary
20260815,SP500,GM,Consumer Cyclical,fwd_pe,5.8999033,17.8261,,17.8261,,False,cross_sectional,10.0,-25.0,15.0,0.0,0.9,True,True,cross_sectional_primary
20260815,SP500,SLB,Energy,ev_ebitda,11.802,11.956,,11.956,,False,cross_sectional,0.0,-25.0,0.2,-24.8,0.9,True,False,cross_sectional_primary
20260815,SP500,ABNB,Consumer Cyclical,fwd_pe,29.984571,17.8261,31.2,17.8261,-42.9,True,cross_sectional,-2.5,33.4,3.0,33.9,0.9,False,True,cross_sectional_primary
20260815,SP500,RCL,Consumer Cyclical,fwd_pe,15.037327,17.8261,,17.8261,,False,cross_sectional,8.9,-4.6,1.6,5.9,0.9,False,False,cross_sectional_primary
20260815,SP500,MSI,Technology,fwd_pe,24.449032,20.3725,30.9,20.3725,-34.1,True,cross_sectional,-2.2,9.5,0.9,8.2,0.9,False,False,cross_sectional_primary
20260815,SP500,MAR,Consumer Cyclical,fwd_pe,27.117262,17.8261,,17.8261,,False,cross_sectional,-2.5,4.3,5.0,6.8,0.9,False,True,cross_sectional_primary
20260815,SP500,BSX,Healthcare,fwd_pe,15.073478,16.2341,,16.2341,,False,cross_sectional,0.0,15.1,-1.1,14.0,0.9,False,False,cross_sectional_primary
20260815,SP500,ORLY,Consumer Cyclical,fwd_pe,24.931545,17.8261,,17.8261,,False,cross_sectional,-2.5,10.3,3.3,11.1,0.9,False,True,cross_sectional_primary
20260815,SP500,NOC,Industrials,ev_ebitda,13.287,18.608,,18.608,,False,cross_sectional,10.0,-5.8,2.7,6.9,0.9,False,True,cross_sectional_primary
20260815,SP500,ITW,Industrials,ev_ebitda,19.076,18.608,,18.608,,False,cross_sectional,0.0,10.1,1.9,12.0,0.9,False,False,cross_sectional_primary
20260815,SP500,FDX,Industrials,ev_ebitda,9.166,18.608,,18.608,,False,cross_sectional,10.0,-4.3,2.5,8.2,0.9,False,True,cross_sectional_primary
20260815,SP500,CL,Consumer Defensive,fwd_pe,22.42672,16.8232,,16.8232,,False,cross_sectional,-2.5,-5.5,1.1,-6.9,0.9,False,True,cross_sectional_primary
20260815,SP500,HON,Industrials,ev_ebitda,11.775,18.608,,18.608,,False,cross_sectional,10.0,50.0,1.9,61.9,0.9,True,True,cross_sectional_primary
20260815,SP500,CI,Healthcare,fwd_pe,8.441266,16.2341,,16.2341,,False,cross_sectional,10.0,10.2,4.9,25.1,0.9,False,True,cross_sectional_primary
20260815,SP500,MCO,Financial Services,fwd_pe,25.641203,22.5871,,22.5871,,False,cross_sectional,-1.5,50.0,1.1,49.6,0.9,True,False,cross_sectional_primary
20260815,SP500,HLT,Consumer Cyclical,fwd_pe,31.288786,17.8261,,17.8261,,False,cross_sectional,-2.5,14.1,5.1,16.7,0.9,False,True,cross_sectional_primary
20260815,SP500,URI,Industrials,ev_ebitda,18.565,18.608,,18.608,,False,cross_sectional,0.0,25.5,2.9,28.4,0.9,False,False,cross_sectional_primary
20260815,SP500,ECL,Basic Materials,ev_ebitda,20.846,17.7685,,17.7685,,False,cross_sectional,-1.9,3.3,0.2,1.6,0.9,False,False,cross_sectional_primary
20260815,SP500,TDG,Industrials,ev_ebitda,19.566,18.608,,18.608,,False,cross_sectional,0.0,10.9,-0.9,10.0,0.9,False,False,cross_sectional_primary
20260815,SP500,WBD,Communication Services,price_fcf,22.724987357512955,26.0185,,26.0185,,False,cross_sectional,7.0,-25.0,-1.9,-19.9,0.9,True,False,cross_sectional_primary
20260815,SP500,AEP,Utilities,ev_ebitda,13.568,13.2945,,13.2945,,False,cross_sectional,0.0,-25.0,-1.6,-26.6,0.9,True,False,cross_sectional_primary
20260815,SP500,CTAS,Industrials,ev_ebitda,27.465,18.608,,18.608,,False,cross_sectional,-2.5,15.6,0.9,14.0,0.9,False,True,cross_sectional_primary
20260815,SP500,MPWR,Technology,fwd_pe,40.2934,20.3725,52.3,20.3725,-61.0,True,cross_sectional,-2.5,50.0,0.5,48.0,0.9,True,True,cross_sectional_primary
20260815,SP500,MNST,Consumer Defensive,fwd_pe,35.78635,16.8232,,16.8232,,False,cross_sectional,-2.5,18.0,3.5,19.0,0.9,False,True,cross_sectional_primary
20260815,SP500,CRH,Basic Materials,ev_ebitda,10.772,17.7685,,17.7685,,False,cross_sectional,10.0,13.9,3.6,27.5,0.9,False,True,cross_sectional_primary
20260815,SP500,TER,Technology,fwd_pe,36.249367,20.3725,37.9,20.3725,-46.2,True,cross_sectional,-2.5,50.0,1.4,48.9,0.9,True,True,cross_sectional_primary
20260815,SP500,COHR,Technology,fwd_pe,23.375454,20.3725,,20.3725,,False,cross_sectional,-1.7,42.9,-6.1,35.1,0.7,False,False,cross_sectional_primary
20260815,SP500,HCA,Healthcare,fwd_pe,12.597183,16.2341,,16.2341,,False,cross_sectional,10.0,11.6,6.9,28.5,0.9,False,True,cross_sectional_primary
20260815,SP500,BKR,Energy,ev_ebitda,13.174,11.956,,11.956,,False,cross_sectional,0.0,-4.2,1.0,-3.2,0.9,False,False,cross_sectional_primary
20260815,SP500,TEL,Technology,fwd_pe,16.754131,20.3725,,20.3725,,False,cross_sectional,10.0,19.2,2.9,32.1,0.9,False,True,cross_sectional_primary
20260815,SP500,CIEN,Technology,fwd_pe,44.486706,20.3725,,20.3725,,False,cross_sectional,-2.5,50.0,1.4,48.9,0.9,True,True,cross_sectional_primary
20260815,SP500,FIX,Industrials,ev_ebitda,31.513,18.608,,18.608,,False,cross_sectional,-2.5,38.8,0.7,37.0,0.9,False,True,cross_sectional_primary
20260815,SP500,D,Utilities,ev_ebitda,14.363,13.2945,,13.2945,,False,cross_sectional,0.0,-25.0,-1.0,-26.0,0.9,True,False,cross_sectional_primary
20260815,SP500,COR,Healthcare,fwd_pe,15.830108,16.2341,,16.2341,,False,cross_sectional,0.0,11.9,2.3,14.2,0.9,False,False,cross_sectional_primary
20260815,SP500,DAL,Industrials,ev_ebitda,10.143,18.608,,18.608,,False,cross_sectional,10.0,-25.0,-0.9,-15.9,0.9,True,True,cross_sectional_primary
20260815,SP500,FAST,Industrials,ev_ebitda,30.072,18.608,,18.608,,False,cross_sectional,-2.5,14.6,-0.2,11.9,0.9,False,True,cross_sectional_primary
20260815,SP500,AME,Industrials,ev_ebitda,24.085,18.608,,18.608,,False,cross_sectional,-2.5,14.2,0.1,11.8,0.9,False,True,cross_sectional_primary
20260815,SP500,OKE,Energy,ev_ebitda,12.11,11.956,,11.956,,False,cross_sectional,0.0,14.2,-10.0,4.2,0.9,False,False,cross_sectional_primary
20260815,SP500,GWW,Industrials,ev_ebitda,20.158,18.608,,18.608,,False,cross_sectional,0.0,20.5,2.1,22.6,0.9,False,False,cross_sectional_primary
20260815,SP500,ADSK,Technology,fwd_pe,17.68705,20.3725,,20.3725,,False,cross_sectional,7.3,50.0,0.2,57.6,0.9,True,False,cross_sectional_primary
20260815,SP500,F,Consumer Cyclical,fwd_pe,7.5105834,17.8261,,17.8261,,False,cross_sectional,10.0,1.6,0.8,12.4,0.7,False,True,cross_sectional_primary
20260815,SP500,CAH,Healthcare,fwd_pe,16.777855,16.2341,,16.2341,,False,cross_sectional,0.0,50.0,3.9,53.9,0.9,True,False,cross_sectional_primary
20260815,SP500,HONA,Industrials,ev_ebitda,19.499,18.608,,18.608,,False,cross_sectional,0.0,-25.0,0.0,-25.0,0.9,True,False,cross_sectional_primary
20260815,SP500,LHX,Industrials,ev_ebitda,33.013,18.608,,18.608,,False,cross_sectional,-2.5,-6.1,0.6,-8.0,0.9,False,True,cross_sectional_primary
20260815,SP500,PYPL,Financial Services,fwd_pe,10.644321,22.5871,,22.5871,,False,cross_sectional,10.0,-3.1,6.5,13.4,0.9,False,True,cross_sectional_primary
20260815,SP500,EW,Healthcare,fwd_pe,27.135033,16.2341,,16.2341,,False,cross_sectional,-2.5,-25.0,2.0,-25.5,0.9,True,True,cross_sectional_primary
20260815,SP500,CVNA,Consumer Cyclical,fwd_pe,33.564526,17.8261,,17.8261,,False,cross_sectional,-2.5,50.0,-5.7,41.8,0.9,True,True,cross_sectional_primary
20260815,SP500,GRMN,Technology,fwd_pe,28.235193,20.3725,20.8,20.3725,-2.1,False,cross_sectional,-2.5,35.3,-0.4,32.4,1.0,False,True,cross_sectional_primary
20260815,SP500,WAB,Industrials,ev_ebitda,21.365,18.608,,18.608,,False,cross_sectional,-1.7,18.9,2.4,19.6,0.9,False,False,cross_sectional_primary
20260815,SP500,BDX,Healthcare,fwd_pe,13.780231,16.2341,,16.2341,,False,cross_sectional,8.5,-25.0,-0.0,-16.5,0.9,True,False,cross_sectional_primary
20260815,SP500,AZO,Consumer Cyclical,fwd_pe,17.250278,17.8261,,17.8261,,False,cross_sectional,0.0,7.7,5.0,12.7,0.9,False,False,cross_sectional_primary
20260815,SP500,ROK,Industrials,ev_ebitda,25.353,18.608,,18.608,,False,cross_sectional,-2.5,40.4,1.1,39.0,0.9,False,True,cross_sectional_primary
20260815,SP500,CARR,Industrials,ev_ebitda,20.561,18.608,,18.608,,False,cross_sectional,0.0,-11.8,-0.5,-12.3,0.9,False,False,cross_sectional_primary
20260815,SP500,EXC,Utilities,ev_ebitda,11.753,13.2945,,13.2945,,False,cross_sectional,6.4,-0.2,-0.6,5.5,0.9,False,False,cross_sectional_primary
20260815,SP500,EBAY,Consumer Cyclical,fwd_pe,15.337145,17.8261,,17.8261,,False,cross_sectional,7.8,50.0,6.3,64.1,0.9,True,False,cross_sectional_primary
20260815,SP500,VST,Utilities,ev_ebitda,10.876,13.2945,,13.2945,,False,cross_sectional,10.0,-6.2,0.8,4.6,0.9,False,True,cross_sectional_primary
20260815,SP500,IDXX,Healthcare,fwd_pe,32.913376,16.2341,,16.2341,,False,cross_sectional,-2.5,17.6,1.8,16.9,0.9,False,True,cross_sectional_primary
20260815,SP500,XYZ,Technology,fwd_pe,15.9689245,20.3725,31.0,20.3725,-34.3,True,cross_sectional,10.0,-25.0,-0.7,-15.7,0.9,True,True,cross_sectional_primary
20260815,SP500,NDAQ,Financial Services,fwd_pe,20.760223,22.5871,,22.5871,,False,cross_sectional,0.0,14.1,-6.7,7.4,0.9,False,False,cross_sectional_primary
20260815,SP500,RSG,Industrials,ev_ebitda,15.206,18.608,,18.608,,False,cross_sectional,10.0,5.1,0.7,15.8,0.9,False,True,cross_sectional_primary
20260815,SP500,KDP,Consumer Defensive,fwd_pe,12.401878,16.8232,,16.8232,,False,cross_sectional,10.0,-25.0,1.6,-13.4,0.9,True,True,cross_sectional_primary
20260815,SP500,A,Healthcare,fwd_pe,22.467781,16.2341,,16.2341,,False,cross_sectional,-2.5,50.0,1.9,49.4,0.9,True,True,cross_sectional_primary
20260815,SP500,TTWO,Communication Services,fwd_pe,23.97326,14.3774,,14.3774,,False,cross_sectional,-2.5,40.4,-4.0,33.9,0.7,False,True,cross_sectional_primary
20260815,SP500,WDAY,Technology,fwd_pe,15.713555,20.3725,,20.3725,,False,cross_sectional,10.0,50.0,-0.5,59.5,0.9,True,True,cross_sectional_primary
20260815,SP500,CMG,Consumer Cyclical,fwd_pe,24.469881,17.8261,,17.8261,,False,cross_sectional,-2.5,-1.3,1.6,-2.2,0.9,False,True,cross_sectional_primary
20260815,SP500,MSCI,Financial Services,fwd_pe,25.298265,22.5871,,22.5871,,False,cross_sectional,-1.4,19.6,2.0,20.3,0.9,False,False,cross_sectional_primary
20260815,SP500,YUM,Consumer Cyclical,fwd_pe,19.849976,17.8261,,17.8261,,False,cross_sectional,-1.3,50.0,0.7,49.4,0.9,True,False,cross_sectional_primary
20260815,SP500,UAL,Industrials,ev_ebitda,8.185,18.608,,18.608,,False,cross_sectional,10.0,-17.2,0.5,-6.7,0.9,False,True,cross_sectional_primary
20260815,SP500,IBKR,Financial Services,fwd_pe,28.91804,22.5871,22.0,22.5871,2.7,False,cross_sectional,-2.5,35.3,-2.3,30.5,1.0,False,True,cross_sectional_primary
20260815,SP500,WAT,Healthcare,fwd_pe,24.88545,16.2341,,16.2341,,False,cross_sectional,-2.5,10.9,-0.4,8.0,0.7,False,True,cross_sectional_primary
20260815,SP500,NTAP,Technology,fwd_pe,20.790037,20.3725,21.4,20.3725,-4.8,False,cross_sectional,0.0,23.4,2.9,26.3,1.0,False,False,cross_sectional_primary
20260815,SP500,PAYX,Technology,fwd_pe,19.11182,20.3725,,20.3725,,False,cross_sectional,0.0,43.4,0.3,43.7,0.9,False,False,cross_sectional_primary
20260815,SP500,IQV,Healthcare,fwd_pe,16.38788,16.2341,,16.2341,,False,cross_sectional,0.0,-0.6,3.5,2.9,0.9,False,False,cross_sectional_primary
20260815,SP500,ROP,Technology,fwd_pe,16.438879,20.3725,,20.3725,,False,cross_sectional,10.0,50.0,-0.4,59.6,0.9,True,True,cross_sectional_primary
20260815,SP500,SYY,Consumer Defensive,fwd_pe,15.452563,16.8232,,16.8232,,False,cross_sectional,0.0,5.2,2.0,7.2,0.9,False,False,cross_sectional_primary
20260815,SP500,ED,Utilities,ev_ebitda,10.887,13.2945,,13.2945,,False,cross_sectional,10.0,22.1,-1.3,30.8,0.9,False,True,cross_sectional_primary
20260815,SP500,DHI,Consumer Cyclical,fwd_pe,12.646524,17.8261,,17.8261,,False,cross_sectional,10.0,-4.8,5.0,10.2,0.9,False,True,cross_sectional_primary
20260815,SP500,FANG,Energy,ev_ebitda,6.361,11.956,,11.956,,False,cross_sectional,10.0,50.0,-10.0,50.0,0.9,True,True,cross_sectional_primary
20260815,SP500,PCG,Utilities,ev_ebitda,9.951,13.2945,,13.2945,,False,cross_sectional,10.0,39.8,-1.5,48.3,0.9,False,True,cross_sectional_primary
20260815,SP500,VEEV,Healthcare,fwd_pe,24.301441,16.2341,,16.2341,,False,cross_sectional,-2.5,14.6,-1.1,11.0,0.9,False,True,cross_sectional_primary
20260815,SP500,PEG,Utilities,ev_ebitda,13.978,13.2945,,13.2945,,False,cross_sectional,0.0,-25.0,-0.1,-25.1,0.9,True,False,cross_sectional_primary
20260815,SP500,EXPE,Consumer Cyclical,fwd_pe,13.787573,17.8261,,17.8261,,False,cross_sectional,10.0,50.0,6.3,66.3,0.9,True,True,cross_sectional_primary
20260815,SP500,EME,Industrials,ev_ebitda,18.231,18.608,,18.608,,False,cross_sectional,0.0,34.8,2.6,37.4,0.9,False,False,cross_sectional_primary
20260815,SP500,KVUE,Consumer Defensive,fwd_pe,15.535867,16.8232,,16.8232,,False,cross_sectional,0.0,8.5,-2.0,6.5,0.9,False,False,cross_sectional_primary
20260815,SP500,CCL,Consumer Cyclical,fwd_pe,10.660318,17.8261,,17.8261,,False,cross_sectional,10.0,-6.5,-5.4,-1.9,0.9,False,True,cross_sectional_primary
20260815,SP500,VMC,Basic Materials,ev_ebitda,17.653,17.7685,,17.7685,,False,cross_sectional,0.0,2.7,0.4,3.1,0.9,False,False,cross_sectional_primary
20260815,SP500,WEC,Utilities,ev_ebitda,14.986,13.2945,,13.2945,,False,cross_sectional,-1.5,19.7,-1.2,17.0,0.9,False,False,cross_sectional_primary
20260815,SP500,DXCM,Healthcare,fwd_pe,28.724964,16.2341,,16.2341,,False,cross_sectional,-2.5,43.6,2.4,43.5,0.9,False,True,cross_sectional_primary
20260815,SP500,COIN,Financial Services,fwd_pe,49.11639,22.5871,,22.5871,,False,cross_sectional,-2.5,50.0,-6.3,41.2,0.7,True,True,cross_sectional_primary
20260815,SP500,GEHC,Healthcare,fwd_pe,13.620519,16.2341,,16.2341,,False,cross_sectional,9.2,16.8,0.0,26.0,0.9,False,False,cross_sectional_primary
20260815,SP500,RMD,Healthcare,fwd_pe,16.951303,16.2341,,16.2341,,False,cross_sectional,0.0,2.3,-0.2,2.1,0.9,False,False,cross_sectional_primary
20260815,SP500,ZTS,Healthcare,fwd_pe,11.021806,16.2341,,16.2341,,False,cross_sectional,10.0,1.2,2.0,13.2,0.9,False,True,cross_sectional_primary
20260815,SP500,CASY,Consumer Cyclical,fwd_pe,35.844246,17.8261,,17.8261,,False,cross_sectional,-2.5,50.0,0.1,47.6,0.9,True,True,cross_sectional_primary
20260815,SP500,TDY,Technology,fwd_pe,25.431116,20.3725,,20.3725,,False,cross_sectional,-2.5,21.2,0.5,19.2,0.9,False,True,cross_sectional_primary
20260815,SP500,CNC,Healthcare,fwd_pe,12.690895,16.2341,,16.2341,,False,cross_sectional,10.0,6.8,4.9,21.7,0.7,False,True,cross_sectional_primary
20260815,SP500,CBOE,Financial Services,fwd_pe,19.420774,22.5871,,22.5871,,False,cross_sectional,7.8,50.0,0.5,58.4,0.9,True,False,cross_sectional_primary
20260815,SP500,AEE,Utilities,ev_ebitda,13.334,13.2945,,13.2945,,False,cross_sectional,0.0,11.9,-1.7,10.2,0.9,False,False,cross_sectional_primary
20260815,SP500,IR,Industrials,ev_ebitda,17.931,18.608,,18.608,,False,cross_sectional,0.0,8.2,1.0,9.1,0.7,False,False,cross_sectional_primary
20260815,SP500,FISV,,fwd_pe,6.612814,18.8236,,18.8236,,False,cross_sectional,10.0,8.3,5.6,23.9,0.7,False,True,cross_sectional_primary
20260815,SP500,LYV,Communication Services,fwd_pe,99.80829,14.3774,,14.3774,,False,cross_sectional,-2.5,50.0,-0.2,47.3,0.9,True,True,cross_sectional_primary
20260815,SP500,MTD,Healthcare,fwd_pe,27.451937,16.2341,,16.2341,,False,cross_sectional,-2.5,18.3,3.0,18.8,0.9,False,True,cross_sectional_primary
20260815,SP500,XYL,Industrials,ev_ebitda,15.226,18.608,,18.608,,False,cross_sectional,10.0,19.5,-5.7,23.8,0.9,False,True,cross_sectional_primary
20260815,SP500,ATO,Utilities,ev_ebitda,14.68,13.2945,,13.2945,,False,cross_sectional,0.0,23.3,-5.2,18.1,0.9,False,False,cross_sectional_primary
20260815,SP500,CTSH,Technology,fwd_pe,9.310923,20.3725,,20.3725,,False,cross_sectional,10.0,3.8,1.6,15.4,0.9,False,True,cross_sectional_primary
20260815,SP500,OTIS,Industrials,ev_ebitda,13.685,18.608,,18.608,,False,cross_sectional,10.0,13.0,2.4,25.4,0.9,False,True,cross_sectional_primary
20260815,SP500,DOV,Industrials,ev_ebitda,15.397,18.608,,18.608,,False,cross_sectional,9.9,14.1,1.0,25.0,0.9,False,False,cross_sectional_primary
20260815,SP500,CPAY,Technology,fwd_pe,13.365531,20.3725,,20.3725,,False,cross_sectional,10.0,-7.0,2.3,5.3,0.9,False,True,cross_sectional_primary
20260815,SP500,HAL,Energy,ev_ebitda,8.107,11.956,,11.956,,False,cross_sectional,10.0,16.1,2.8,28.9,0.9,False,True,cross_sectional_primary
20260815,SP500,HSY,Consumer Defensive,fwd_pe,18.663109,16.8232,,16.8232,,False,cross_sectional,-1.3,50.0,0.5,49.3,0.9,True,False,cross_sectional_primary
20260815,SP500,EIX,Utilities,ev_ebitda,8.079,13.2945,,13.2945,,False,cross_sectional,10.0,50.0,-0.1,59.9,0.9,True,True,cross_sectional_primary
20260815,SP500,ES,Utilities,ev_ebitda,11.23,13.2945,,13.2945,,False,cross_sectional,8.8,-25.0,-3.0,-19.2,0.9,True,False,cross_sectional_primary
20260815,SP500,DG,Consumer Defensive,fwd_pe,15.349255,16.8232,,16.8232,,False,cross_sectional,0.0,12.4,-0.2,12.2,0.9,False,False,cross_sectional_primary
20260815,SP500,PPL,Utilities,ev_ebitda,12.475,13.2945,,13.2945,,False,cross_sectional,0.0,21.2,-0.4,20.8,0.9,False,False,cross_sectional_primary
20260815,SP500,HUBB,Industrials,ev_ebitda,21.241,18.608,,18.608,,False,cross_sectional,-1.6,-0.9,0.5,-2.0,0.9,False,False,cross_sectional_primary
20260815,SP500,AWK,Utilities,ev_ebitda,14.73,13.2945,,13.2945,,False,cross_sectional,0.0,8.6,-0.5,8.1,0.9,False,False,cross_sectional_primary
20260815,SP500,CNP,Utilities,ev_ebitda,13.255,13.2945,,13.2945,,False,cross_sectional,0.0,23.3,-1.8,21.5,0.9,False,False,cross_sectional_primary
20260815,SP500,LH,Healthcare,fwd_pe,16.080336,16.2341,,16.2341,,False,cross_sectional,0.0,28.2,2.2,30.4,0.9,False,False,cross_sectional_primary
20260815,SP500,DGX,Healthcare,fwd_pe,19.439844,16.2341,18.6,16.2341,-12.7,False,cross_sectional,-2.2,15.0,0.0,12.8,1.0,False,False,cross_sectional_primary
20260815,SP500,CPRT,Industrials,ev_ebitda,12.836,18.608,,18.608,,False,cross_sectional,10.0,2.3,-0.6,11.7,0.9,False,True,cross_sectional_primary
20260815,SP500,SW,Consumer Cyclical,fwd_pe,14.629394,17.8261,,17.8261,,False,cross_sectional,10.0,50.0,-10.0,50.0,0.7,True,True,cross_sectional_primary
20260815,SP500,TPR,Consumer Cyclical,fwd_pe,14.607055,17.8261,,17.8261,,False,cross_sectional,10.0,9.7,4.0,23.7,0.7,False,True,cross_sectional_primary
20260815,SP500,FICO,Technology,fwd_pe,20.471155,20.3725,,20.3725,,False,cross_sectional,0.0,41.2,1.6,42.8,0.9,False,False,cross_sectional_primary
20260815,SP500,DRI,Consumer Cyclical,fwd_pe,18.185738,17.8261,,17.8261,,False,cross_sectional,0.0,36.0,1.9,37.9,0.9,False,False,cross_sectional_primary
20260815,SP500,PPG,Basic Materials,ev_ebitda,11.629,17.7685,,17.7685,,False,cross_sectional,10.0,-1.5,2.2,10.7,0.9,False,True,cross_sectional_primary
20260815,SP500,OMC,Communication Services,fwd_pe,7.2704964,14.3774,,14.3774,,False,cross_sectional,10.0,50.0,-10.0,50.0,0.9,True,True,cross_sectional_primary
20260815,SP500,PHM,Consumer Cyclical,fwd_pe,11.571792,17.8261,,17.8261,,False,cross_sectional,10.0,-18.2,5.0,-3.2,0.9,False,True,cross_sectional_primary
20260815,SP500,WST,Healthcare,fwd_pe,35.065575,16.2341,,16.2341,,False,cross_sectional,-2.5,18.1,1.7,17.3,0.9,False,True,cross_sectional_primary
20260815,SP500,FE,Utilities,ev_ebitda,10.668,13.2945,,13.2945,,False,cross_sectional,10.0,8.3,-0.3,18.0,0.9,False,True,cross_sectional_primary
20260815,SP500,VRSK,Industrials,ev_ebitda,18.281,18.608,,18.608,,False,cross_sectional,0.0,-3.4,2.5,-0.9,0.9,False,False,cross_sectional_primary
20260815,SP500,FSLR,Technology,fwd_pe,9.700441,20.3725,,20.3725,,False,cross_sectional,10.0,23.3,-0.1,33.2,0.9,False,True,cross_sectional_primary
20260815,SP500,VLTO,Industrials,ev_ebitda,18.193,18.608,,18.608,,False,cross_sectional,0.0,10.1,-0.7,9.4,0.9,False,False,cross_sectional_primary
20260815,SP500,CHD,Consumer Defensive,fwd_pe,25.072895,16.8232,,16.8232,,False,cross_sectional,-2.5,9.0,0.7,7.2,0.9,False,True,cross_sectional_primary
20260815,SP500,VRSN,Technology,fwd_pe,25.887705,20.3725,,20.3725,,False,cross_sectional,-2.5,7.7,4.8,10.0,0.9,False,True,cross_sectional_primary
20260815,SP500,DLTR,Consumer Defensive,fwd_pe,16.823187,16.8232,,16.8232,,False,cross_sectional,0.0,9.5,3.1,12.6,0.9,False,False,cross_sectional_primary
20260815,SP500,FFIV,Technology,fwd_pe,22.304884,20.3725,,20.3725,,False,cross_sectional,0.0,11.4,1.3,12.7,0.9,False,False,cross_sectional_primary
20260815,SP500,STE,Healthcare,fwd_pe,19.054667,16.2341,,16.2341,,False,cross_sectional,-1.9,14.0,0.3,12.4,0.9,False,False,cross_sectional_primary
20260815,SP500,FIS,Technology,fwd_pe,6.405721,20.3725,,20.3725,,False,cross_sectional,10.0,6.6,5.7,22.3,0.7,False,True,cross_sectional_primary
20260815,SP500,PKG,Consumer Cyclical,fwd_pe,19.748941,17.8261,,17.8261,,False,cross_sectional,0.0,-19.5,0.0,-19.5,0.9,False,False,cross_sectional_primary
20260815,SP500,EXE,Energy,ev_ebitda,3.721,11.956,,11.956,,False,cross_sectional,10.0,-25.0,-10.0,-25.0,0.9,True,True,cross_sectional_primary
20260815,SP500,EFX,Industrials,ev_ebitda,14.156,18.608,,18.608,,False,cross_sectional,10.0,0.7,-0.1,10.6,0.9,False,True,cross_sectional_primary
20260815,SP500,SMCI,Technology,fwd_pe,7.6064215,20.3725,,20.3725,,False,cross_sectional,10.0,50.0,-6.0,54.0,0.9,True,True,cross_sectional_primary
20260815,SP500,LUV,Industrials,ev_ebitda,10.586,18.608,,18.608,,False,cross_sectional,10.0,20.5,6.6,37.1,0.9,False,True,cross_sectional_primary
20260815,SP500,IP,Consumer Cyclical,fwd_pe,13.62633,17.8261,,17.8261,,False,cross_sectional,10.0,50.0,-10.0,50.0,0.7,True,True,cross_sectional_primary
20260815,SP500,AMCR,Consumer Cyclical,fwd_pe,10.123114,17.8261,,17.8261,,False,cross_sectional,10.0,6.2,-3.9,12.3,0.7,False,True,cross_sectional_primary
20260815,SP500,SNA,Industrials,ev_ebitda,14.529,18.608,,18.608,,False,cross_sectional,10.0,5.1,0.8,15.9,0.9,False,True,cross_sectional_primary
20260815,SP500,NI,Utilities,ev_ebitda,13.243,13.2945,,13.2945,,False,cross_sectional,0.0,-25.0,-2.9,-27.9,0.9,True,False,cross_sectional_primary
20260815,SP500,TPL,Energy,ev_ebitda,33.035,11.956,,11.956,,False,cross_sectional,-2.5,32.7,0.1,30.3,0.9,False,True,cross_sectional_primary
20260815,SP500,INCY,Healthcare,fwd_pe,13.529018,16.2341,,16.2341,,False,cross_sectional,9.5,37.7,5.7,53.0,0.9,False,False,cross_sectional_primary
20260815,SP500,BR,Technology,fwd_pe,14.76987,20.3725,,20.3725,,False,cross_sectional,10.0,8.4,0.8,19.2,0.9,False,True,cross_sectional_primary
20260815,SP500,ZBH,Healthcare,fwd_pe,11.100377,16.2341,,16.2341,,False,cross_sectional,10.0,33.8,2.7,46.5,0.9,False,True,cross_sectional_primary
20260815,SP500,EVRG,Utilities,ev_ebitda,12.596,13.2945,,13.2945,,False,cross_sectional,0.0,23.0,-0.7,22.3,0.9,False,False,cross_sectional_primary
20260815,SP500,TSCO,Consumer Cyclical,fwd_pe,17.466463,17.8261,,17.8261,,False,cross_sectional,0.0,-15.0,1.5,-13.5,0.9,False,False,cross_sectional_primary
20260815,SP500,LEN,Consumer Cyclical,fwd_pe,13.398658,17.8261,,17.8261,,False,cross_sectional,10.0,-25.0,4.6,-10.4,0.9,True,True,cross_sectional_primary
20260815,SP500,GPC,Consumer Cyclical,fwd_pe,16.259293,17.8261,,17.8261,,False,cross_sectional,0.0,-9.8,0.6,-9.2,0.9,False,False,cross_sectional_primary
20260815,SP500,AKAM,Technology,fwd_pe,17.44406,20.3725,,20.3725,,False,cross_sectional,8.1,-25.0,2.7,-14.2,0.9,True,False,cross_sectional_primary
20260815,SP500,LNT,Utilities,ev_ebitda,16.62,13.2945,,13.2945,,False,cross_sectional,-2.5,-4.0,-0.9,-7.4,0.9,False,True,cross_sectional_primary
20260815,SP500,LDOS,Technology,fwd_pe,11.257149,20.3725,,20.3725,,False,cross_sectional,10.0,-6.7,2.9,6.2,0.9,False,True,cross_sectional_primary
20260815,SP500,PTC,Technology,fwd_pe,16.8482,20.3725,,20.3725,,False,cross_sectional,10.0,-12.0,-0.6,-2.6,0.9,False,False,cross_sectional_primary
20260815,SP500,IEX,Industrials,ev_ebitda,19.508,18.608,,18.608,,False,cross_sectional,0.0,10.9,0.4,11.3,0.9,False,False,cross_sectional_primary
20260815,SP500,J,Industrials,ev_ebitda,18.651,18.608,,18.608,,False,cross_sectional,0.0,-25.0,2.1,-22.9,0.9,True,False,cross_sectional_primary
20260815,SP500,NDSN,Industrials,ev_ebitda,20.93,18.608,,18.608,,False,cross_sectional,-1.4,6.1,0.6,5.3,0.9,False,False,cross_sectional_primary
20260815,SP500,GEN,Technology,fwd_pe,8.62748,20.3725,,20.3725,,False,cross_sectional,10.0,50.0,1.8,61.8,0.9,True,True,cross_sectional_primary
20260815,SP500,TSN,Consumer Defensive,fwd_pe,12.990173,16.8232,,16.8232,,False,cross_sectional,10.0,50.0,-0.4,59.6,0.9,True,True,cross_sectional_primary
20260815,SP500,BG,Consumer Defensive,fwd_pe,10.02445,16.8232,,16.8232,,False,cross_sectional,10.0,33.0,-10.0,33.0,0.9,False,True,cross_sectional_primary
20260815,SP500,TXT,Industrials,ev_ebitda,10.763,18.608,,18.608,,False,cross_sectional,10.0,5.2,5.5,20.7,0.9,False,True,cross_sectional_primary
20260815,SP500,RL,Consumer Cyclical,fwd_pe,18.622932,17.8261,,17.8261,,False,cross_sectional,0.0,21.6,3.2,24.8,0.9,False,False,cross_sectional_primary
20260815,SP500,COO,Healthcare,fwd_pe,15.245433,16.2341,,16.2341,,False,cross_sectional,0.0,6.4,-0.2,6.2,0.7,False,False,cross_sectional_primary
20260815,SP500,ALLE,Industrials,ev_ebitda,15.166,18.608,,18.608,,False,cross_sectional,10.0,16.2,1.0,27.2,0.9,False,True,cross_sectional_primary
20260815,SP500,BAX,Healthcare,fwd_pe,13.126104,16.2341,,16.2341,,False,cross_sectional,10.0,36.8,-0.7,46.1,0.9,False,True,cross_sectional_primary
20260815,SP500,MKC,Consumer Defensive,fwd_pe,16.57229,16.8232,,16.8232,,False,cross_sectional,0.0,-14.2,0.1,-14.1,0.9,False,False,cross_sectional_primary
20260815,SP500,TYL,Technology,fwd_pe,21.407612,20.3725,,20.3725,,False,cross_sectional,0.0,15.5,-1.2,14.3,0.9,False,False,cross_sectional_primary
20260815,SP500,LVS,Consumer Cyclical,fwd_pe,13.083863,17.8261,,17.8261,,False,cross_sectional,10.0,-19.8,4.1,-5.7,0.9,False,True,cross_sectional_primary
20260815,SP500,CRL,Healthcare,fwd_pe,22.075132,16.2341,,16.2341,,False,cross_sectional,-2.5,9.7,1.9,9.0,0.7,False,True,cross_sectional_primary
20260815,SP500,GDDY,Technology,fwd_pe,8.606666,20.3725,,20.3725,,False,cross_sectional,10.0,29.8,3.6,43.4,0.9,False,True,cross_sectional_primary
20260815,SP500,LII,Industrials,ev_ebitda,14.033,18.608,,18.608,,False,cross_sectional,10.0,0.1,0.4,10.5,0.9,False,True,cross_sectional_primary
20260815,SP500,DECK,Consumer Cyclical,fwd_pe,11.131105,17.8261,,17.8261,,False,cross_sectional,10.0,1.1,3.4,14.5,0.9,False,True,cross_sectional_primary
20260815,SP500,CHTR,Communication Services,fwd_pe,3.497971,14.3774,,14.3774,,False,cross_sectional,10.0,16.1,4.8,30.9,0.9,False,True,cross_sectional_primary
20260815,SP500,HII,Industrials,ev_ebitda,13.535,18.608,,18.608,,False,cross_sectional,10.0,36.5,0.8,47.3,0.9,False,True,cross_sectional_primary
20260815,SP500,SJM,Consumer Defensive,fwd_pe,11.291126,16.8232,,16.8232,,False,cross_sectional,10.0,5.8,-0.1,15.7,0.7,False,True,cross_sectional_primary
20260815,SP500,SOLV,Healthcare,fwd_pe,12.268349,16.2341,,16.2341,,False,cross_sectional,10.0,3.9,-0.7,13.2,0.9,False,True,cross_sectional_primary
20260815,SP500,TKO,Communication Services,fwd_pe,50.477615,14.3774,,14.3774,,False,cross_sectional,-2.5,14.4,-10.0,1.9,0.9,False,True,cross_sectional_primary
20260815,SP500,LULU,Consumer Cyclical,fwd_pe,10.617965,17.8261,,17.8261,,False,cross_sectional,10.0,-25.0,3.2,-11.8,0.9,True,True,cross_sectional_primary
20260815,SP500,IT,Technology,fwd_pe,10.952118,20.3725,,20.3725,,False,cross_sectional,10.0,33.1,2.6,45.7,0.9,False,True,cross_sectional_primary
20260815,SP500,PNW,Utilities,ev_ebitda,13.375,13.2945,,13.2945,,False,cross_sectional,0.0,-9.5,-3.5,-13.0,0.9,False,False,cross_sectional_primary
20260815,SP500,ALGN,Healthcare,fwd_pe,14.448682,16.2341,,16.2341,,False,cross_sectional,6.0,-12.1,2.6,-3.5,0.9,False,False,cross_sectional_primary
20260815,SP500,TECH,Healthcare,fwd_pe,31.24744,16.2341,,16.2341,,False,cross_sectional,-2.5,5.2,0.7,3.4,0.7,False,True,cross_sectional_primary
20260815,SP500,JKHY,Technology,fwd_pe,21.599041,20.3725,,20.3725,,False,cross_sectional,0.0,12.5,0.0,12.5,0.9,False,False,cross_sectional_primary
20260815,SP500,PNR,Industrials,ev_ebitda,11.823,18.608,,18.608,,False,cross_sectional,10.0,-11.1,0.2,-0.9,0.9,False,True,cross_sectional_primary
20260815,SP500,DPZ,Consumer Cyclical,fwd_pe,16.593029,17.8261,,17.8261,,False,cross_sectional,0.0,6.8,1.7,8.5,0.9,False,False,cross_sectional_primary
20260815,SP500,ROL,Consumer Cyclical,fwd_pe,27.755415,17.8261,,17.8261,,False,cross_sectional,-2.5,3.1,0.6,1.2,0.9,False,True,cross_sectional_primary
20260815,SP500,FDS,Financial Services,fwd_pe,14.389728,22.5871,,22.5871,,False,cross_sectional,10.0,-9.6,0.7,1.1,0.9,False,True,cross_sectional_primary
20260815,SP500,APTV,Consumer Cyclical,fwd_pe,7.5887613,17.8261,,17.8261,,False,cross_sectional,10.0,-25.0,11.7,-3.3,0.9,True,True,cross_sectional_primary
20260815,SP500,PODD,Healthcare,fwd_pe,18.589367,16.2341,,16.2341,,False,cross_sectional,-1.6,50.0,1.2,49.6,0.9,True,False,cross_sectional_primary
20260815,SP500,UHS,Healthcare,fwd_pe,7.046398,16.2341,,16.2341,,False,cross_sectional,10.0,10.1,4.1,24.2,0.9,False,True,cross_sectional_primary
20260815,SP500,NCLH,Consumer Cyclical,fwd_pe,11.119495,17.8261,,17.8261,,False,cross_sectional,10.0,50.0,-5.7,54.3,0.9,True,True,cross_sectional_primary
20260815,SP500,HSIC,Healthcare,fwd_pe,14.965781,16.2341,,16.2341,,False,cross_sectional,0.0,17.1,3.9,21.0,0.9,False,False,cross_sectional_primary
20260815,SP500,WYNN,Consumer Cyclical,fwd_pe,19.746775,17.8261,,17.8261,,False,cross_sectional,0.0,50.0,3.9,53.9,0.9,True,False,cross_sectional_primary
20260815,SP500,MGM,Consumer Cyclical,fwd_pe,21.250555,17.8261,,17.8261,,False,cross_sectional,-2.1,50.0,12.1,60.0,0.9,True,False,cross_sectional_primary
20260815,SP500,AOS,Industrials,ev_ebitda,11.414,18.608,,18.608,,False,cross_sectional,10.0,-15.0,3.1,-1.9,0.9,False,True,cross_sectional_primary
20260815,SP500,TAP,Consumer Defensive,fwd_pe,8.693019,16.8232,,16.8232,,False,cross_sectional,10.0,-25.0,4.3,-10.7,0.9,True,True,cross_sectional_primary
20260815,SP500,TTD,Communication Services,fwd_pe,14.206345,14.3774,,14.3774,,False,cross_sectional,0.0,-23.6,0.7,-22.9,0.9,False,False,cross_sectional_primary
20260815,SP500,DVA,Healthcare,fwd_pe,10.582222,16.2341,,16.2341,,False,cross_sectional,10.0,50.0,9.8,69.8,0.9,True,True,cross_sectional_primary
20260815,SP500,PSKY,Communication Services,fwd_pe,11.793577,14.3774,,14.3774,,False,cross_sectional,10.0,-25.0,-1.1,-16.1,0.9,True,True,cross_sectional_primary
20260815,SP500,BEP-UN.TO,Utilities,ev_ebitda,31.541,13.2945,,13.2945,,False,cross_sectional,-2.5,-7.3,1.0,-8.7,0.7,False,True,cross_sectional_primary
20260815,SP500,CPX.TO,Utilities,ev_ebitda,16.381,13.2945,,13.2945,,False,cross_sectional,-2.5,50.0,-10.0,37.5,0.7,True,False,cross_sectional_primary
20260815,SP500,BWXT,Industrials,ev_ebitda,36.27,18.608,,18.608,,False,cross_sectional,-2.5,14.1,0.0,11.6,0.9,False,True,cross_sectional_primary
20260815,SP500,POWL,Industrials,ev_ebitda,28.798,18.608,,18.608,,False,cross_sectional,-2.5,7.6,-0.2,4.9,0.9,False,True,cross_sectional_primary
20260815,SP500,AGX,Industrials,ev_ebitda,45.157,18.608,,18.608,,False,cross_sectional,-2.5,50.0,-2.2,45.3,0.9,True,True,cross_sectional_primary
20260821,MIDCAP400,P,Technology,fwd_pe,35.83753,20.4062,208.1,20.4062,-90.2,True,cross_sectional,-2.5,20.6,-1.6,16.6,0.7,False,True,cross_sectional_primary
20260821,MIDCAP400,TWLO,Technology,fwd_pe,32.375614,20.4062,,20.4062,,False,cross_sectional,-2.5,50.0,6.6,54.1,0.9,True,True,cross_sectional_primary
20260821,MIDCAP400,ATI,Industrials,ev_ebitda,32.744,15.632,,15.632,,False,cross_sectional,-2.5,44.3,2.8,44.6,0.9,True,True,cross_sectional_primary
20260821,MIDCAP400,NVT,Industrials,ev_ebitda,24.522,15.632,,15.632,,False,cross_sectional,-2.5,47.7,1.1,46.3,0.9,True,True,cross_sectional_primary
20260821,MIDCAP400,CW,Industrials,ev_ebitda,29.197,15.632,,15.632,,False,cross_sectional,-2.5,27.6,1.2,26.3,0.9,False,True,cross_sectional_primary
20260821,MIDCAP400,USFD,Consumer Defensive,fwd_pe,19.639797,14.8474,29.5,14.8474,-49.7,True,cross_sectional,-2.5,29.2,4.1,30.8,0.9,False,True,cross_sectional_primary
20260821,MIDCAP400,OKTA,Technology,fwd_pe,31.30418,20.4062,771.8,20.4062,-97.4,True,cross_sectional,-2.5,21.2,-4.7,14.0,0.9,False,True,cross_sectional_primary
20260821,MIDCAP400,XPO,Industrials,ev_ebitda,19.402,15.632,,15.632,,False,cross_sectional,-2.5,43.7,-0.4,40.7,0.9,True,True,cross_sectional_primary
20260821,MIDCAP400,THC,Healthcare,fwd_pe,13.077904,17.8812,12.9,17.8812,38.6,True,cross_sectional,10.0,49.2,6.9,66.1,0.9,True,True,cross_sectional_primary
20260821,MIDCAP400,UTHR,Healthcare,fwd_pe,17.347054,17.8812,15.9,17.8812,12.5,False,cross_sectional,0.0,13.4,1.8,15.2,1.0,False,False,cross_sectional_primary
20260821,MIDCAP400,WWD,Industrials,ev_ebitda,26.284,15.632,,15.632,,False,cross_sectional,-2.5,36.0,0.0,33.5,0.9,False,True,cross_sectional_primary
20260821,MIDCAP400,BURL,Consumer Cyclical,fwd_pe,24.061388,12.0583,45.8,12.0583,-73.7,True,cross_sectional,-2.5,13.3,0.6,11.4,0.9,False,True,cross_sectional_primary
20260821,MIDCAP400,ROKU,Communication Services,fwd_pe,40.05098,16.6501,,16.6501,,False,cross_sectional,-2.5,49.9,-4.0,43.4,0.9,True,True,cross_sectional_primary
20260821,MIDCAP400,ITT,Industrials,ev_ebitda,23.329,15.632,,15.632,,False,cross_sectional,-2.5,-25.0,1.7,-25.8,0.9,True,True,cross_sectional_primary
20260821,MIDCAP400,MKSI,Technology,fwd_pe,16.104126,20.4062,36.5,20.4062,-44.1,True,cross_sectional,10.0,48.8,-0.7,58.2,0.9,True,True,cross_sectional_primary
20260821,MIDCAP400,SNX,Technology,fwd_pe,11.710798,20.4062,14.7,20.4062,38.8,True,cross_sectional,10.0,47.3,5.8,63.1,0.9,True,True,cross_sectional_primary
20260821,MIDCAP400,PR,Energy,ev_ebitda,5.408,7.603,,7.603,,False,cross_sectional,10.0,49.2,-10.0,49.2,0.9,True,True,cross_sectional_primary
20260821,MIDCAP400,MTSI,Technology,fwd_pe,31.385895,20.4062,70.5,20.4062,-71.1,True,cross_sectional,-2.5,48.9,-1.7,44.6,0.9,True,True,cross_sectional_primary
20260821,MIDCAP400,NTNX,Technology,fwd_pe,30.229973,20.4062,,20.4062,,False,cross_sectional,-2.5,17.2,-10.0,4.7,0.9,False,True,cross_sectional_primary
20260821,MIDCAP400,MTZ,Industrials,ev_ebitda,18.797,15.632,,15.632,,False,cross_sectional,-2.2,43.3,-0.7,40.4,0.9,True,False,cross_sectional_primary
20260821,MIDCAP400,WCC,Industrials,ev_ebitda,14.089,15.632,,15.632,,False,cross_sectional,5.3,10.4,2.7,18.4,0.9,False,False,cross_sectional_primary
20260821,MIDCAP400,TOST,Technology,fwd_pe,20.406158,20.4062,639.2,20.4062,-96.8,True,cross_sectional,0.0,47.8,-6.7,41.1,0.9,True,False,cross_sectional_primary
20260821,MIDCAP400,RBC,Industrials,ev_ebitda,27.185,15.632,,15.632,,False,cross_sectional,-2.5,42.1,-4.1,35.5,0.9,False,True,cross_sectional_primary
20260821,MIDCAP400,STRL,Industrials,ev_ebitda,22.168,15.632,,15.632,,False,cross_sectional,-2.5,48.2,0.4,46.1,0.9,True,True,cross_sectional_primary
20260821,MIDCAP400,APG,Industrials,ev_ebitda,19.548,15.632,,15.632,,False,cross_sectional,-2.5,25.0,-8.6,13.9,0.9,False,True,cross_sectional_primary
20260821,MIDCAP400,FN,Technology,fwd_pe,20.418383,20.4062,31.1,20.4062,-34.4,True,cross_sectional,0.0,44.7,0.4,45.2,0.9,True,False,cross_sectional_primary
20260821,MIDCAP400,PFGC,Consumer Defensive,fwd_pe,15.5555525,14.8474,35.8,14.8474,-58.5,True,cross_sectional,0.0,22.7,-0.1,22.6,0.9,False,False,cross_sectional_primary
20260821,MIDCAP400,CLH,Industrials,ev_ebitda,16.484,15.632,,15.632,,False,cross_sectional,0.0,36.0,0.6,36.6,0.9,False,False,cross_sectional_primary
20260821,MIDCAP400,TRU,Financial Services,fwd_pe,15.178103,16.6501,41.3,16.6501,-59.7,True,cross_sectional,0.0,32.1,-0.8,31.3,0.9,False,False,cross_sectional_primary
20260821,MIDCAP400,RBA,Industrials,ev_ebitda,15.75,15.632,,15.632,,False,cross_sectional,0.0,33.9,-5.4,28.5,0.9,False,False,cross_sectional_primary
20260821,MIDCAP400,JAZZ,Healthcare,fwd_pe,9.651303,17.8812,17.5,17.8812,2.2,False,cross_sectional,10.0,2.3,8.0,20.3,0.8,False,True,cross_sectional_primary
20260821,MIDCAP400,ARMK,Industrials,ev_ebitda,15.006,15.632,,15.632,,False,cross_sectional,0.0,33.3,-0.9,32.3,0.9,False,False,cross_sectional_primary
20260821,MIDCAP400,NBIX,Healthcare,fwd_pe,12.793507,17.8812,47.4,17.8812,-62.3,True,cross_sectional,10.0,31.1,-0.7,40.4,0.9,False,True,cross_sectional_primary
20260821,MIDCAP400,GWRE,Technology,fwd_pe,44.433636,20.4062,,20.4062,,False,cross_sectional,-2.5,-25.0,-2.2,-29.7,0.9,True,True,cross_sectional_primary
20260821,MIDCAP400,LECO,Industrials,ev_ebitda,18.137,15.632,,15.632,,False,cross_sectional,-1.8,12.5,2.0,12.7,0.9,False,False,cross_sectional_primary
20260821,MIDCAP400,ONTO,Technology,fwd_pe,25.640959,20.4062,48.9,20.4062,-58.3,True,cross_sectional,-2.5,46.6,0.0,44.2,0.9,True,True,cross_sectional_primary
20260821,MIDCAP400,BWXT,Industrials,ev_ebitda,33.043,15.632,,15.632,,False,cross_sectional,-2.5,14.1,0.0,11.6,0.9,False,True,cross_sectional_primary
20260821,MIDCAP400,CACI,Technology,fwd_pe,17.153479,20.4062,22.8,20.4062,-10.5,False,cross_sectional,9.1,-1.2,0.9,8.8,1.0,False,False,cross_sectional_primary
20260821,MIDCAP400,TLN,Utilities,ev_ebitda,42.188,14.739,,14.739,,False,cross_sectional,-2.5,31.2,-10.0,18.7,0.7,False,True,cross_sectional_primary
20260821,MIDCAP400,DT,Technology,fwd_pe,21.415665,20.4062,97.8,20.4062,-79.1,True,cross_sectional,0.0,-24.9,-0.7,-25.6,0.9,False,False,cross_sectional_primary
20260821,MIDCAP400,RPM,Basic Materials,ev_ebitda,13.972,11.046,,11.046,,False,cross_sectional,-2.5,-1.4,0.3,-3.6,0.9,False,True,cross_sectional_primary
20260821,MIDCAP400,TOL,Consumer Cyclical,fwd_pe,10.331753,12.0583,8.1,12.0583,48.9,True,cross_sectional,8.0,-20.4,5.2,-7.2,0.9,False,False,cross_sectional_primary
20260821,MIDCAP400,SGI,Consumer Cyclical,fwd_pe,17.892694,12.0583,24.6,12.0583,-51.0,True,cross_sectional,-2.5,10.6,-8.6,-0.5,0.9,False,True,cross_sectional_primary
20260821,MIDCAP400,MLI,Industrials,ev_ebitda,11.327,15.632,,15.632,,False,cross_sectional,10.0,1.8,1.0,12.8,0.9,False,True,cross_sectional_primary
20260821,MIDCAP400,GGG,Industrials,ev_ebitda,17.385,15.632,,15.632,,False,cross_sectional,-1.3,14.5,0.9,14.1,0.9,False,False,cross_sectional_primary
20260821,MIDCAP400,MEDP,Healthcare,fwd_pe,31.726336,17.8812,31.5,17.8812,-43.2,True,cross_sectional,-2.5,36.6,3.7,37.8,0.9,False,True,cross_sectional_primary
20260821,MIDCAP400,SITM,Technology,fwd_pe,40.122025,20.4062,,20.4062,,False,cross_sectional,-2.5,27.1,-6.1,18.5,0.7,False,True,cross_sectional_primary
20260821,MIDCAP400,NXT,Technology,fwd_pe,15.206638,20.4062,24.0,20.4062,-15.0,False,cross_sectional,10.0,2.9,-1.8,11.1,1.0,False,True,cross_sectional_primary
20260821,MIDCAP400,EXEL,Healthcare,fwd_pe,12.916589,17.8812,24.0,17.8812,-25.5,True,cross_sectional,10.0,26.2,6.4,42.6,0.9,False,True,cross_sectional_primary
20260821,MIDCAP400,AA,Basic Materials,ev_ebitda,6.179,11.046,,11.046,,False,cross_sectional,10.0,48.7,-10.0,48.7,0.9,True,True,cross_sectional_primary
20260821,MIDCAP400,BWA,Consumer Cyclical,fwd_pe,10.908743,12.0583,16.9,12.0583,-28.6,True,cross_sectional,5.1,30.1,3.9,39.2,0.9,False,False,cross_sectional_primary
20260821,MIDCAP400,DTM,Energy,ev_ebitda,18.048,7.603,,7.603,,False,cross_sectional,-2.5,4.8,-2.5,-0.2,0.9,False,True,cross_sectional_primary
20260821,MIDCAP400,BMRN,Healthcare,fwd_pe,10.457387,17.8812,72.9,17.8812,-75.5,True,cross_sectional,10.0,-25.0,-1.5,-16.5,0.9,True,True,cross_sectional_primary
20260821,MIDCAP400,FIVE,Consumer Cyclical,fwd_pe,23.864466,12.0583,38.7,12.0583,-68.8,True,cross_sectional,-2.5,49.1,0.2,46.7,0.9,True,True,cross_sectional_primary
20260821,MIDCAP400,TXRH,Consumer Cyclical,fwd_pe,25.864086,12.0583,26.1,12.0583,-53.8,True,cross_sectional,-2.5,-0.5,0.5,-2.5,0.9,False,True,cross_sectional_primary
20260821,MIDCAP400,PEN,Healthcare,fwd_pe,52.798954,17.8812,105.5,17.8812,-83.1,True,cross_sectional,-2.5,-23.5,-0.1,-26.1,0.9,False,True,cross_sectional_primary
20260821,MIDCAP400,SN,Consumer Cyclical,fwd_pe,23.492218,12.0583,28.0,12.0583,-56.9,True,cross_sectional,-2.5,-6.3,-1.0,-9.8,0.9,False,True,cross_sectional_primary
20260821,MIDCAP400,AIT,Industrials,ev_ebitda,20.878,15.632,,15.632,,False,cross_sectional,-2.5,13.4,-0.2,10.7,0.9,False,True,cross_sectional_primary
20260821,MIDCAP400,HALO,Healthcare,fwd_pe,10.21066,17.8812,22.0,17.8812,-18.7,False,cross_sectional,10.0,40.2,3.9,54.1,1.0,False,True,cross_sectional_primary
20260821,MIDCAP400,DKS,Consumer Cyclical,fwd_pe,10.971834,12.0583,16.0,12.0583,-24.6,False,cross_sectional,0.0,9.3,0.5,9.8,1.0,False,False,cross_sectional_primary
20260821,MIDCAP400,ELAN,Healthcare,fwd_pe,18.639238,17.8812,,17.8812,,False,cross_sectional,0.0,49.6,-0.4,49.2,0.9,True,False,cross_sectional_primary
20260821,MIDCAP400,MANH,Technology,fwd_pe,34.53627,20.4062,66.5,20.4062,-69.3,True,cross_sectional,-2.5,-8.6,1.2,-9.9,0.9,False,True,cross_sectional_primary
20260821,MIDCAP400,OC,Industrials,ev_ebitda,8.744,15.632,,15.632,,False,cross_sectional,10.0,-25.0,3.9,-11.1,0.9,True,True,cross_sectional_primary
20260821,MIDCAP400,DY,Industrials,ev_ebitda,17.537,15.632,,15.632,,False,cross_sectional,-1.4,40.5,0.5,39.6,0.9,False,False,cross_sectional_primary
20260821,MIDCAP400,TTMI,Technology,fwd_pe,16.594849,20.4062,41.1,20.4062,-50.3,True,cross_sectional,10.0,47.5,0.1,57.6,0.9,True,True,cross_sectional_primary
20260821,MIDCAP400,EHC,Healthcare,fwd_pe,18.10572,17.8812,19.8,17.8812,-9.7,False,cross_sectional,0.0,10.8,-0.4,10.4,1.0,False,False,cross_sectional_primary
20260821,MIDCAP400,DOCU,Technology,fwd_pe,12.219504,20.4062,42.1,20.4062,-51.5,True,cross_sectional,10.0,17.6,-0.0,27.6,0.9,False,True,cross_sectional_primary
20260821,MIDCAP400,BJ,Consumer Defensive,fwd_pe,18.590162,14.8474,21.7,14.8474,-31.6,True,cross_sectional,-2.5,-2.7,1.1,-4.1,0.9,False,True,cross_sectional_primary
20260821,MIDCAP400,SMTC,Technology,fwd_pe,31.819963,20.4062,,20.4062,,False,cross_sectional,-2.5,22.7,-10.0,10.2,0.9,False,True,cross_sectional_primary
20260821,MIDCAP400,WTRG,Utilities,ev_ebitda,14.739,14.739,,14.739,,False,cross_sectional,0.0,-2.6,-2.4,-5.0,0.9,False,False,cross_sectional_primary
20260821,MIDCAP400,SCI,Consumer Cyclical,fwd_pe,18.131323,12.0583,19.6,12.0583,-38.5,True,cross_sectional,-2.5,4.7,3.2,5.4,0.9,False,True,cross_sectional_primary
20260821,MIDCAP400,KNX,Industrials,ev_ebitda,13.149,15.632,,15.632,,False,cross_sectional,9.0,23.8,-0.2,32.6,0.9,False,False,cross_sectional_primary
20260821,MIDCAP400,RRX,Industrials,ev_ebitda,12.306,15.632,,15.632,,False,cross_sectional,10.0,42.0,-0.2,51.8,0.9,False,True,cross_sectional_primary
20260821,MIDCAP400,PINS,Communication Services,fwd_pe,9.669819,16.6501,26.7,16.6501,-37.6,True,cross_sectional,10.0,14.7,-1.0,23.8,0.7,False,True,cross_sectional_primary
20260821,MIDCAP400,DCI,Industrials,ev_ebitda,16.282,15.632,,15.632,,False,cross_sectional,0.0,48.0,1.3,49.3,0.9,True,False,cross_sectional_primary
20260821,MIDCAP400,NYT,Communication Services,fwd_pe,20.90637,16.6501,31.7,16.6501,-47.5,True,cross_sectional,-2.5,14.0,0.2,11.7,0.9,False,True,cross_sectional_primary
20260821,MIDCAP400,ENSG,Healthcare,fwd_pe,21.028744,17.8812,27.8,17.8812,-35.7,True,cross_sectional,-1.9,16.7,-1.3,13.4,0.9,False,False,cross_sectional_primary
20260821,MIDCAP400,COKE,Consumer Defensive,fwd_pe,4.8176684,14.8474,19.3,14.8474,-23.1,False,cross_sectional,10.0,49.3,5.5,64.9,1.0,True,True,cross_sectional_primary
20260821,MIDCAP400,AYI,Industrials,ev_ebitda,14.146,15.632,,15.632,,False,cross_sectional,5.1,41.7,0.8,47.6,0.9,False,False,cross_sectional_primary
20260821,MIDCAP400,MOH,Healthcare,fwd_pe,20.220211,17.8812,19.7,17.8812,-9.2,False,cross_sectional,-1.5,-25.0,4.7,-21.7,1.0,True,False,cross_sectional_primary
20260821,MIDCAP400,SANM,Technology,fwd_pe,13.703758,20.4062,16.7,20.4062,22.2,False,cross_sectional,10.0,46.0,4.0,60.0,1.0,True,True,cross_sectional_primary
20260821,MIDCAP400,SPXC,Industrials,ev_ebitda,20.487,15.632,,15.632,,False,cross_sectional,-2.5,39.2,-2.0,34.7,0.9,False,True,cross_sectional_primary
20260821,MIDCAP400,ALSN,Consumer Cyclical,fwd_pe,11.428925,12.0583,10.1,12.0583,19.4,False,cross_sectional,0.0,-6.1,3.3,-2.8,1.0,False,False,cross_sectional_primary
20260821,MIDCAP400,WTS,Industrials,ev_ebitda,21.019,15.632,,15.632,,False,cross_sectional,-2.5,17.3,0.0,14.8,0.9,False,True,cross_sectional_primary
20260821,MIDCAP400,CR,Industrials,ev_ebitda,17.01,15.632,,15.632,,False,cross_sectional,0.0,10.6,-1.0,9.6,0.9,False,False,cross_sectional_primary
20260821,MIDCAP400,GMED,Healthcare,fwd_pe,15.971587,17.8812,44.6,17.8812,-59.9,True,cross_sectional,5.8,-25.0,-9.3,-28.5,0.9,True,False,cross_sectional_primary
20260821,MIDCAP400,FLS,Industrials,ev_ebitda,16.157,15.632,,15.632,,False,cross_sectional,0.0,24.2,0.4,24.6,0.9,False,False,cross_sectional_primary
20260821,MIDCAP400,RMBS,Technology,fwd_pe,24.927841,20.4062,32.0,20.4062,-36.2,True,cross_sectional,-2.4,15.1,0.7,13.5,0.9,False,False,cross_sectional_primary
20260821,MIDCAP400,R,Industrials,ev_ebitda,6.374,15.632,,15.632,,False,cross_sectional,10.0,8.6,5.2,23.8,0.9,False,True,cross_sectional_primary
20260821,MIDCAP400,SAIA,Industrials,ev_ebitda,15.845,15.632,,15.632,,False,cross_sectional,0.0,31.5,-0.0,31.5,0.9,False,False,cross_sectional_primary
20260821,MIDCAP400,BAH,Industrials,ev_ebitda,10.203,15.632,,15.632,,False,cross_sectional,10.0,-24.5,2.9,-11.6,0.9,False,True,cross_sectional_primary
20260821,MIDCAP400,TTEK,Industrials,ev_ebitda,15.514,15.632,,15.632,,False,cross_sectional,0.0,-2.3,0.2,-2.1,0.9,False,False,cross_sectional_primary
20260821,MIDCAP400,DOCN,Technology,fwd_pe,61.752728,20.4062,38.3,20.4062,-46.7,True,cross_sectional,-2.5,-24.5,-4.5,-31.5,0.9,False,True,cross_sectional_primary
20260821,MIDCAP400,BTSG,Healthcare,fwd_pe,26.129934,17.8812,,17.8812,,False,cross_sectional,-2.5,49.1,-10.0,36.6,0.9,True,True,cross_sectional_primary
20260821,MIDCAP400,OSK,Industrials,ev_ebitda,9.718,15.632,,15.632,,False,cross_sectional,10.0,-7.6,1.0,3.4,0.9,False,True,cross_sectional_primary
20260821,MIDCAP400,AAL,Industrials,ev_ebitda,10.77,15.632,,15.632,,False,cross_sectional,10.0,-25.0,4.2,-10.8,0.9,True,True,cross_sectional_primary
20260821,MIDCAP400,SOLS,Basic Materials,ev_ebitda,11.964,11.046,,11.046,,False,cross_sectional,0.0,22.8,-0.1,22.7,0.9,False,False,cross_sectional_primary
20260821,MIDCAP400,IDCC,Technology,fwd_pe,29.508522,20.4062,16.6,20.4062,22.9,False,cross_sectional,-2.5,-25.0,-10.0,-37.5,1.0,True,True,cross_sectional_primary
20260821,MIDCAP400,HQY,Healthcare,fwd_pe,19.142365,17.8812,84.0,17.8812,-78.7,True,cross_sectional,0.0,34.3,-0.3,34.0,0.9,False,False,cross_sectional_primary
20260821,MIDCAP400,VNOM,Energy,ev_ebitda,8.233,7.603,,7.603,,False,cross_sectional,0.0,48.8,-10.0,38.8,0.9,True,False,cross_sectional_primary
20260821,MIDCAP400,CNM,Industrials,ev_ebitda,11.635,15.632,,15.632,,False,cross_sectional,10.0,9.4,6.8,26.2,0.9,False,True,cross_sectional_primary
20260821,MIDCAP400,ATR,Healthcare,fwd_pe,21.0475,17.8812,27.8,17.8812,-35.7,True,cross_sectional,-2.0,-18.6,0.1,-20.4,0.9,False,False,cross_sectional_primary
20260821,MIDCAP400,LAD,Consumer Cyclical,fwd_pe,8.78232,12.0583,9.5,12.0583,26.9,True,cross_sectional,10.0,16.9,4.1,31.0,0.9,False,True,cross_sectional_primary
20260821,MIDCAP400,ALV,Consumer Cyclical,fwd_pe,10.309043,12.0583,13.4,12.0583,-10.0,False,cross_sectional,8.2,-25.0,5.0,-11.9,1.0,True,False,cross_sectional_primary
20260821,MIDCAP400,ACM,Industrials,ev_ebitda,11.702,15.632,,15.632,,False,cross_sectional,10.0,42.7,2.5,55.1,0.7,False,True,cross_sectional_primary
20260821,MIDCAP400,CART,Consumer Cyclical,fwd_pe,10.428856,12.0583,28.1,12.0583,-57.1,True,cross_sectional,7.5,8.1,-10.0,5.6,0.9,False,False,cross_sectional_primary
20260821,MIDCAP400,CHRD,Energy,ev_ebitda,3.388,7.603,,7.603,,False,cross_sectional,10.0,-22.2,-10.0,-22.2,0.7,False,True,cross_sectional_primary
20260821,MIDCAP400,FCFS,Financial Services,fwd_pe,15.680018,16.6501,19.6,16.6501,-15.1,False,cross_sectional,0.0,44.7,1.3,46.0,1.0,True,False,cross_sectional_primary
20260821,MIDCAP400,SSD,Basic Materials,ev_ebitda,13.285,11.046,,11.046,,False,cross_sectional,-2.2,25.1,1.1,24.0,0.9,False,False,cross_sectional_primary
20260821,MIDCAP400,TKR,Industrials,ev_ebitda,12.636,15.632,,15.632,,False,cross_sectional,10.0,-25.0,1.3,-13.7,0.9,True,True,cross_sectional_primary
20260821,MIDCAP400,NFG,Energy,ev_ebitda,6.765,7.603,,7.603,,False,cross_sectional,6.0,-11.6,0.6,-5.0,0.9,False,False,cross_sectional_primary
20260821,MIDCAP400,IDA,Utilities,ev_ebitda,17.811,14.739,,14.739,,False,cross_sectional,-2.3,1.7,-3.9,-4.4,0.9,False,False,cross_sectional_primary
20260821,MIDCAP400,AXTA,Basic Materials,ev_ebitda,10.17,11.046,,11.046,,False,cross_sectional,0.0,-18.0,1.1,-16.9,0.9,False,False,cross_sectional_primary
20260821,MIDCAP400,H,Consumer Cyclical,fwd_pe,36.929054,12.0583,21.4,12.0583,-43.7,True,cross_sectional,-2.5,28.2,5.8,31.6,0.7,False,True,cross_sectional_primary
20260821,MIDCAP400,SFM,Consumer Defensive,fwd_pe,13.146286,14.8474,17.3,14.8474,-14.2,False,cross_sectional,6.3,1.5,2.3,10.1,1.0,False,False,cross_sectional_primary
20260821,MIDCAP400,AM,Energy,price_fcf,13.718670293387898,22.789,,22.789,,False,cross_sectional,10.0,-8.0,0.9,2.9,0.9,False,True,cross_sectional_primary
20260821,MIDCAP400,NOV,Energy,ev_ebitda,8.564,7.603,,7.603,,False,cross_sectional,-1.4,7.6,2.8,9.0,0.9,False,False,cross_sectional_primary
20260821,MIDCAP400,KEX,Industrials,ev_ebitda,10.973,15.632,,15.632,,False,cross_sectional,10.0,0.0,3.2,13.2,0.9,False,True,cross_sectional_primary
20260821,MIDCAP400,TEX,Industrials,ev_ebitda,15.052,15.632,,15.632,,False,cross_sectional,0.0,-11.9,1.5,-10.4,0.9,False,False,cross_sectional_primary
20260821,MIDCAP400,HXL,Industrials,ev_ebitda,20.601,15.632,,15.632,,False,cross_sectional,-2.5,49.4,3.3,50.1,0.9,True,True,cross_sectional_primary
20260821,MIDCAP400,CAVA,Consumer Cyclical,fwd_pe,97.10164,12.0583,108.7,12.0583,-88.9,True,cross_sectional,-2.5,19.8,-10.0,7.3,0.9,False,True,cross_sectional_primary
20260821,MIDCAP400,ENS,Industrials,ev_ebitda,11.414,15.632,,15.632,,False,cross_sectional,10.0,48.1,4.0,62.1,0.9,True,True,cross_sectional_primary
20260821,MIDCAP400,CHE,Healthcare,fwd_pe,19.432516,17.8812,28.3,17.8812,-36.8,True,cross_sectional,0.0,40.6,2.5,43.1,0.9,False,False,cross_sectional_primary
20260821,MIDCAP400,HLI,Financial Services,fwd_pe,14.688812,16.6501,29.3,16.6501,-43.2,True,cross_sectional,6.5,-19.0,-0.2,-12.7,0.9,False,False,cross_sectional_primary
20260821,MIDCAP400,MSA,Industrials,ev_ebitda,14.879,15.632,,15.632,,False,cross_sectional,0.0,38.8,0.2,38.9,0.9,False,False,cross_sectional_primary
20260821,MIDCAP400,ORA,Utilities,ev_ebitda,18.449,14.739,,14.739,,False,cross_sectional,-2.5,-6.5,-1.3,-10.3,0.9,False,True,cross_sectional_primary
20260821,MIDCAP400,WEX,Technology,fwd_pe,9.381641,20.4062,27.5,20.4062,-25.8,True,cross_sectional,10.0,44.6,8.9,63.5,0.9,True,True,cross_sectional_primary
20260821,MIDCAP400,MTDR,Energy,ev_ebitda,4.934,7.603,,7.603,,False,cross_sectional,10.0,48.8,-1.9,56.9,0.9,True,True,cross_sectional_primary
20260821,MIDCAP400,PATH,Technology,fwd_pe,17.561083,20.4062,,20.4062,,False,cross_sectional,7.8,12.6,1.7,22.1,0.7,False,False,cross_sectional_primary
20260821,MIDCAP400,WFRD,Energy,ev_ebitda,7.603,7.603,,7.603,,False,cross_sectional,0.0,-25.0,1.0,-24.0,0.9,True,False,cross_sectional_primary
20260821,MIDCAP400,HRB,Consumer Cyclical,fwd_pe,7.680278,12.0583,9.7,12.0583,24.3,False,cross_sectional,10.0,4.5,7.1,21.6,1.0,False,True,cross_sectional_primary
20260821,MIDCAP400,HIMS,Healthcare,fwd_pe,28.592712,17.8812,54.6,17.8812,-67.3,True,cross_sectional,-2.5,47.2,-10.0,34.7,0.7,True,True,cross_sectional_primary
20260821,MIDCAP400,QLYS,Technology,fwd_pe,21.652771,20.4062,35.4,20.4062,-42.4,True,cross_sectional,0.0,16.1,1.5,17.6,0.9,False,False,cross_sectional_primary
20260821,MIDCAP400,LNTH,Healthcare,fwd_pe,15.8509035,17.8812,20.0,17.8812,-10.6,False,cross_sectional,6.2,-0.9,1.3,6.6,1.0,False,False,cross_sectional_primary
20260821,MIDCAP400,BRKR,Healthcare,fwd_pe,24.900162,17.8812,34.3,17.8812,-47.9,True,cross_sectional,-2.5,10.7,-1.6,6.7,0.7,False,True,cross_sectional_primary
20260821,MIDCAP400,EXP,Basic Materials,ev_ebitda,11.046,11.046,,11.046,,False,cross_sectional,0.0,-12.5,4.2,-8.3,0.9,False,False,cross_sectional_primary
20260821,MIDCAP400,PCTY,Technology,fwd_pe,15.729952,20.4062,65.4,20.4062,-68.8,True,cross_sectional,10.0,27.6,0.0,37.6,0.7,False,True,cross_sectional_primary
20260821,MIDCAP400,BROS,Consumer Cyclical,fwd_pe,37.57287,12.0583,154.1,12.0583,-92.2,True,cross_sectional,-2.5,36.7,-10.0,24.2,0.9,False,True,cross_sectional_primary
20260821,MIDCAP400,GATX,Industrials,ev_ebitda,15.836,15.632,,15.632,,False,cross_sectional,0.0,37.2,-0.3,36.9,0.9,False,False,cross_sectional_primary
20260821,MIDCAP400,CROX,Consumer Cyclical,fwd_pe,8.233412,12.0583,7.3,12.0583,65.2,True,cross_sectional,10.0,5.8,6.5,22.2,0.7,False,True,cross_sectional_primary
20260821,MIDCAP400,LEA,Consumer Cyclical,fwd_pe,7.3613863,12.0583,13.8,12.0583,-12.6,False,cross_sectional,10.0,23.9,4.8,38.7,1.0,False,True,cross_sectional_primary
20260821,MIDCAP400,FND,Consumer Cyclical,fwd_pe,24.817274,12.0583,40.0,12.0583,-69.9,True,cross_sectional,-2.5,43.8,-0.2,41.1,0.9,True,True,cross_sectional_primary
20260821,MIDCAP400,IESC,Industrials,ev_ebitda,24.133,15.632,,15.632,,False,cross_sectional,-2.5,47.8,0.6,45.8,0.9,True,True,cross_sectional_primary
20260821,MIDCAP400,CHDN,Consumer Cyclical,fwd_pe,12.687772,12.0583,22.5,12.0583,-46.4,True,cross_sectional,0.0,14.4,2.9,17.3,0.9,False,False,cross_sectional_primary
20260821,MIDCAP400,CRUS,Technology,fwd_pe,13.134537,20.4062,20.0,20.4062,2.0,False,cross_sectional,10.0,28.9,2.9,41.8,1.0,False,True,cross_sectional_primary
20260821,MIDCAP400,ULS,Industrials,ev_ebitda,21.168,15.632,,15.632,,False,cross_sectional,-2.5,48.9,-0.7,45.6,0.9,True,True,cross_sectional_primary
20260821,MIDCAP400,ELF,Consumer Defensive,fwd_pe,25.737072,14.8474,91.3,14.8474,-83.7,True,cross_sectional,-2.5,47.6,-1.3,43.7,0.9,True,True,cross_sectional_primary
20260821,MIDCAP400,DUOL,Technology,fwd_pe,19.154259,20.4062,164.5,20.4062,-87.6,True,cross_sectional,0.0,-25.0,-0.8,-25.8,0.9,True,False,cross_sectional_primary
20260821,MIDCAP400,POR,Utilities,ev_ebitda,10.503,14.739,,14.739,,False,cross_sectional,10.0,4.9,-6.3,8.6,0.9,False,True,cross_sectional_primary
20260821,MIDCAP400,CHWY,Consumer Cyclical,fwd_pe,13.007669,12.0583,116.1,12.0583,-89.6,True,cross_sectional,0.0,43.6,0.7,44.4,0.9,True,False,cross_sectional_primary
20260821,MIDCAP400,G,Technology,fwd_pe,8.181106,20.4062,14.8,20.4062,37.9,True,cross_sectional,10.0,14.7,2.3,27.0,0.9,False,True,cross_sectional_primary
20260821,MIDCAP400,SON,Consumer Cyclical,fwd_pe,9.194385,12.0583,10.8,12.0583,11.7,False,cross_sectional,10.0,-25.0,-0.3,-15.3,1.0,True,True,cross_sectional_primary
20260821,MIDCAP400,CVLT,Technology,fwd_pe,21.226847,20.4062,74.6,20.4062,-72.6,True,cross_sectional,0.0,-3.8,0.5,-3.3,0.9,False,False,cross_sectional_primary
20260821,MIDCAP400,EXLS,Technology,fwd_pe,14.266352,20.4062,32.2,20.4062,-36.6,True,cross_sectional,10.0,5.0,1.7,16.7,0.9,False,True,cross_sectional_primary
20260821,MIDCAP400,VAL,Energy,ev_ebitda,16.01,7.603,,7.603,,False,cross_sectional,-2.5,-25.0,2.8,-24.7,0.9,True,True,cross_sectional_primary
20260821,MIDCAP400,MSM,Industrials,ev_ebitda,15.887,15.632,,15.632,,False,cross_sectional,0.0,39.3,0.3,39.5,0.9,False,False,cross_sectional_primary
20260821,MIDCAP400,AAON,Industrials,ev_ebitda,23.721,15.632,,15.632,,False,cross_sectional,-2.5,49.3,0.1,46.9,0.9,True,True,cross_sectional_primary
20260821,MIDCAP400,MTN,Consumer Cyclical,fwd_pe,23.76113,12.0583,25.5,12.0583,-52.7,True,cross_sectional,-2.5,-15.8,3.3,-15.0,0.9,False,True,cross_sectional_primary
20260821,MIDCAP400,BSY,Technology,fwd_pe,23.173792,20.4062,56.4,20.4062,-63.8,True,cross_sectional,-1.5,14.8,-0.1,13.2,0.9,False,False,cross_sectional_primary
20260821,MIDCAP400,GXO,Industrials,ev_ebitda,11.252,15.632,,15.632,,False,cross_sectional,10.0,-4.0,1.3,7.3,0.9,False,True,cross_sectional_primary
20260821,MIDCAP400,NOVT,Technology,fwd_pe,33.325165,20.4062,81.1,20.4062,-74.8,True,cross_sectional,-2.5,48.7,-0.9,45.3,0.9,True,True,cross_sectional_primary
20260821,MIDCAP400,APPF,Technology,fwd_pe,25.998667,20.4062,60.0,20.4062,-66.0,True,cross_sectional,-2.5,18.2,0.1,15.8,0.9,False,True,cross_sectional_primary
20260821,MIDCAP400,CELH,Consumer Defensive,fwd_pe,18.685257,14.8474,76.7,14.8474,-80.6,True,cross_sectional,-2.5,-25.0,-3.8,-31.3,0.9,True,True,cross_sectional_primary
20260821,MIDCAP400,DBX,Technology,fwd_pe,10.364684,20.4062,18.2,20.4062,12.1,False,cross_sectional,10.0,-6.7,11.2,14.5,1.0,False,True,cross_sectional_primary
20260821,MIDCAP400,VICR,Technology,fwd_pe,37.39018,20.4062,68.6,20.4062,-70.3,True,cross_sectional,-2.5,14.3,-0.5,11.3,0.9,False,True,cross_sectional_primary
20260821,MIDCAP400,SHC,Healthcare,fwd_pe,17.881231,17.8812,85.5,17.8812,-79.1,True,cross_sectional,0.0,49.7,-0.6,49.1,0.9,True,False,cross_sectional_primary
20260821,MIDCAP400,HAE,Healthcare,fwd_pe,18.85448,17.8812,36.1,17.8812,-50.5,True,cross_sectional,0.0,2.9,4.0,6.9,0.9,False,False,cross_sectional_primary
20260821,MIDCAP400,GNTX,Consumer Cyclical,fwd_pe,10.625121,12.0583,16.2,12.0583,-25.6,True,cross_sectional,6.5,25.8,3.3,35.6,0.9,False,False,cross_sectional_primary
20260821,MIDCAP400,AN,Consumer Cyclical,fwd_pe,8.073409,12.0583,8.3,12.0583,45.3,True,cross_sectional,10.0,48.6,7.9,66.5,0.9,True,True,cross_sectional_primary
20260821,MIDCAP400,TREX,Industrials,ev_ebitda,16.351,15.632,,15.632,,False,cross_sectional,0.0,-15.2,0.8,-14.4,0.9,False,False,cross_sectional_primary
20260821,MIDCAP400,BDC,Technology,fwd_pe,12.3320875,20.4062,16.6,20.4062,22.9,False,cross_sectional,10.0,13.7,3.1,26.8,1.0,False,True,cross_sectional_primary
20260821,MIDCAP400,SARO,Industrials,ev_ebitda,13.623,15.632,,15.632,,False,cross_sectional,7.1,41.2,0.0,48.3,0.9,False,False,cross_sectional_primary
20260821,MIDCAP400,SR,Utilities,ev_ebitda,12.629,14.739,,14.739,,False,cross_sectional,8.0,49.9,-5.6,52.3,0.9,True,False,cross_sectional_primary
20260821,MIDCAP400,OLLI,Consumer Defensive,fwd_pe,14.847374,14.8474,35.8,14.8474,-58.5,True,cross_sectional,0.0,19.5,0.2,19.7,0.9,False,False,cross_sectional_primary
20260821,MIDCAP400,KBR,Industrials,ev_ebitda,10.77,15.632,,15.632,,False,cross_sectional,10.0,33.1,2.3,45.3,0.9,False,True,cross_sectional_primary
20260821,MIDCAP400,ANF,Consumer Cyclical,fwd_pe,8.898846,12.0583,17.9,12.0583,-32.6,True,cross_sectional,10.0,-7.5,4.1,6.6,0.9,False,True,cross_sectional_primary
20260821,MIDCAP400,MORN,Financial Services,fwd_pe,15.604127,16.6501,60.7,16.6501,-72.6,True,cross_sectional,0.0,35.2,0.8,36.0,0.9,False,False,cross_sectional_primary
20260821,MIDCAP400,ALK,Industrials,ev_ebitda,13.426,15.632,,15.632,,False,cross_sectional,7.9,4.0,3.5,15.4,0.7,False,False,cross_sectional_primary
20260821,MIDCAP400,TNL,Consumer Cyclical,fwd_pe,7.8947015,12.0583,7.7,12.0583,56.6,True,cross_sectional,10.0,6.2,5.6,21.8,0.9,False,True,cross_sectional_primary
20260821,MIDCAP400,BYD,Consumer Cyclical,fwd_pe,10.439194,12.0583,9.6,12.0583,25.6,True,cross_sectional,7.5,-4.9,10.2,12.8,0.9,False,False,cross_sectional_primary
20260821,MIDCAP400,FCN,Industrials,ev_ebitda,11.935,15.632,,15.632,,False,cross_sectional,10.0,-6.6,4.0,7.4,0.9,False,True,cross_sectional_primary
20260821,MIDCAP400,ESAB,Industrials,ev_ebitda,13.782,15.632,,15.632,,False,cross_sectional,6.5,-25.0,-0.5,-19.0,0.9,True,False,cross_sectional_primary
20260821,MIDCAP400,BCO,Industrials,ev_ebitda,8.7,15.632,,15.632,,False,cross_sectional,10.0,4.1,4.8,18.9,0.9,False,True,cross_sectional_primary
20260821,MIDCAP400,NVST,Healthcare,fwd_pe,16.1507,17.8812,51.2,17.8812,-65.1,True,cross_sectional,5.2,48.1,-0.7,52.6,0.9,True,False,cross_sectional_primary
20260821,MIDCAP400,LIVN,Healthcare,fwd_pe,16.723438,17.8812,98.9,17.8812,-81.9,True,cross_sectional,0.0,49.4,-0.3,49.1,0.9,True,False,cross_sectional_primary
20260821,MIDCAP400,VVV,Consumer Cyclical,fwd_pe,16.941765,12.0583,15.8,12.0583,-23.7,False,cross_sectional,-2.5,15.7,11.1,24.3,1.0,False,True,cross_sectional_primary
20260821,MIDCAP400,NWE,Utilities,ev_ebitda,13.399,14.739,,14.739,,False,cross_sectional,0.0,15.7,-1.0,14.7,0.9,False,False,cross_sectional_primary
20260821,MIDCAP400,ACI,Consumer Defensive,fwd_pe,6.477111,14.8474,9.7,14.8474,53.1,True,cross_sectional,10.0,-25.0,3.0,-12.0,0.9,True,True,cross_sectional_primary
20260821,MIDCAP400,PLNT,Consumer Cyclical,fwd_pe,14.515723,12.0583,47.2,12.0583,-74.5,True,cross_sectional,-2.2,26.1,0.9,24.7,0.9,False,False,cross_sectional_primary
20260821,MIDCAP400,PAG,Consumer Cyclical,fwd_pe,14.992042,12.0583,10.0,12.0583,20.6,False,cross_sectional,-2.5,-1.7,1.3,-2.9,1.0,False,True,cross_sectional_primary
20260821,MIDCAP400,WMG,Communication Services,fwd_pe,13.752366,16.6501,38.3,16.6501,-56.5,True,cross_sectional,10.0,8.5,-0.4,18.0,0.7,False,True,cross_sectional_primary
20260821,MIDCAP400,GHC,Industrials,ev_ebitda,7.81,15.632,,15.632,,False,cross_sectional,10.0,49.8,3.1,62.8,0.9,True,True,cross_sectional_primary
20260821,MIDCAP400,LOPE,Consumer Defensive,fwd_pe,12.917579,14.8474,20.3,14.8474,-26.9,True,cross_sectional,7.2,18.2,3.6,29.0,0.9,False,False,cross_sectional_primary
20260821,MIDCAP400,DLB,Industrials,ev_ebitda,15.223,15.632,,15.632,,False,cross_sectional,0.0,-25.0,0.1,-24.9,0.9,True,False,cross_sectional_primary
20260821,MIDCAP400,OLED,Technology,fwd_pe,18.167688,20.4062,27.0,20.4062,-24.4,False,cross_sectional,6.0,-24.9,-0.0,-19.0,1.0,False,False,cross_sectional_primary
20260821,MIDCAP400,KNF,Basic Materials,ev_ebitda,10.865,11.046,,11.046,,False,cross_sectional,0.0,-13.5,-0.2,-13.7,0.9,False,False,cross_sectional_primary
20260821,MIDCAP400,OPCH,Healthcare,fwd_pe,11.282692,17.8812,24.1,17.8812,-25.8,True,cross_sectional,10.0,12.9,4.8,27.7,0.9,False,True,cross_sectional_primary
20260821,MIDCAP400,SLGN,Consumer Cyclical,fwd_pe,10.044556,12.0583,15.4,12.0583,-21.7,False,cross_sectional,9.6,-13.7,1.1,-3.0,1.0,False,False,cross_sectional_primary
20260821,MIDCAP400,DOCS,Healthcare,fwd_pe,16.742397,17.8812,46.9,17.8812,-61.9,True,cross_sectional,0.0,-25.0,1.6,-23.4,0.9,True,False,cross_sectional_primary
20260821,MIDCAP400,YETI,Consumer Cyclical,fwd_pe,13.070615,12.0583,23.9,12.0583,-49.5,True,cross_sectional,0.0,44.0,3.4,47.3,0.9,True,False,cross_sectional_primary
20260821,MIDCAP400,WING,Consumer Cyclical,fwd_pe,21.189072,12.0583,75.0,12.0583,-83.9,True,cross_sectional,-2.5,19.8,3.0,20.3,0.9,False,True,cross_sectional_primary
20260821,MIDCAP400,POST,Consumer Defensive,fwd_pe,10.907206,14.8474,18.5,14.8474,-19.7,False,cross_sectional,10.0,-25.0,3.1,-11.9,1.0,True,True,cross_sectional_primary
20260821,MIDCAP400,MMS,Industrials,ev_ebitda,6.793,15.632,,15.632,,False,cross_sectional,10.0,4.8,2.9,17.7,0.9,False,True,cross_sectional_primary
20260821,MIDCAP400,PEGA,Technology,fwd_pe,12.751154,20.4062,62.8,20.4062,-67.5,True,cross_sectional,10.0,-25.0,-4.3,-19.3,0.9,True,True,cross_sectional_primary
20260821,MIDCAP400,VC,Consumer Cyclical,fwd_pe,10.057131,12.0583,10.9,12.0583,10.6,False,cross_sectional,9.5,-25.0,1.6,-13.9,1.0,True,False,cross_sectional_primary
20260821,MIDCAP400,FOUR,Technology,fwd_pe,7.6636577,20.4062,50.6,20.4062,-59.7,True,cross_sectional,10.0,-25.0,-10.0,-25.0,0.9,True,True,cross_sectional_primary
20260821,MIDCAP400,HGV,Consumer Cyclical,fwd_pe,8.018649,12.0583,32.5,12.0583,-62.9,True,cross_sectional,10.0,-25.0,9.5,-5.5,0.9,True,True,cross_sectional_primary
20260821,MIDCAP400,PSN,Technology,fwd_pe,13.465041,20.4062,43.8,20.4062,-53.4,True,cross_sectional,10.0,32.5,2.4,44.9,0.7,False,True,cross_sectional_primary
20260821,MIDCAP400,EEFT,Technology,fwd_pe,5.7864885,20.4062,17.1,20.4062,19.3,False,cross_sectional,10.0,-24.7,5.8,-8.9,1.0,False,True,cross_sectional_primary
20260821,MIDCAP400,CXT,Industrials,ev_ebitda,9.542,15.632,,15.632,,False,cross_sectional,10.0,39.7,-0.4,49.3,0.9,False,True,cross_sectional_primary
20260821,MIDCAP400,MZTI,Consumer Defensive,fwd_pe,15.640066,14.8474,33.9,14.8474,-56.2,True,cross_sectional,0.0,-9.4,-0.0,-9.4,0.9,False,False,cross_sectional_primary
20260821,MIDCAP400,CHH,Consumer Cyclical,fwd_pe,14.546166,12.0583,19.9,12.0583,-39.4,True,cross_sectional,-2.2,-19.4,4.4,-17.2,0.9,False,False,cross_sectional_primary
20260821,MIDCAP400,PPC,Consumer Defensive,fwd_pe,10.809689,14.8474,8.5,14.8474,74.7,True,cross_sectional,10.0,-25.0,-0.2,-15.2,0.9,True,True,cross_sectional_primary
20260822,STOXX600,ASML.AS,Technology,fwd_pe,29.135624,18.7963,33.2,18.7963,-43.4,True,cross_sectional,-2.5,27.8,0.7,26.0,0.9,False,True,cross_sectional_primary
20260822,STOXX600,NOVN.SW,Healthcare,fwd_pe,16.232946,16.5183,14.5,16.5183,13.9,False,cross_sectional,0.0,-17.0,3.4,-13.6,1.0,False,False,cross_sectional_primary
20260822,STOXX600,AZN.L,Healthcare,fwd_pe,14.60343,16.5183,25.8,16.5183,-36.0,True,cross_sectional,6.4,2.5,0.0,8.9,0.9,False,False,cross_sectional_primary
20260822,STOXX600,SIE.DE,Industrials,ev_ebitda,21.002,15.308,,15.308,,False,cross_sectional,-2.5,12.8,0.5,10.8,0.9,False,True,cross_sectional_primary
20260822,STOXX600,SAP.DE,Technology,fwd_pe,22.478622,18.7963,39.9,18.7963,-52.9,True,cross_sectional,-2.1,29.4,0.2,27.5,0.9,False,False,cross_sectional_primary
20260822,STOXX600,SU.PA,Industrials,ev_ebitda,21.531,15.308,,15.308,,False,cross_sectional,-2.5,28.4,0.4,26.3,0.9,False,True,cross_sectional_primary
20260822,STOXX600,RR.L,Industrials,ev_ebitda,24.103,15.308,,15.308,,False,cross_sectional,-2.5,-25.0,-0.3,-27.8,0.9,True,True,cross_sectional_primary
20260822,STOXX600,ABBN.SW,Industrials,ev_ebitda,20.895,15.308,,15.308,,False,cross_sectional,-2.5,8.2,1.0,6.7,0.9,False,True,cross_sectional_primary
20260822,STOXX600,NOVO-B.CO,Healthcare,fwd_pe,13.792544,16.5183,30.3,16.5183,-45.5,True,cross_sectional,9.4,-20.6,0.5,-10.6,0.9,False,False,cross_sectional_primary
20260822,STOXX600,SAF.PA,Industrials,ev_ebitda,23.106,15.308,,15.308,,False,cross_sectional,-2.5,-25.0,1.6,-25.9,0.9,True,True,cross_sectional_primary
20260822,STOXX600,ENR.DE,Industrials,ev_ebitda,26.592,15.308,,15.308,,False,cross_sectional,-2.5,43.7,-3.2,38.0,0.9,True,True,cross_sectional_primary
20260822,STOXX600,AIR.PA,Industrials,ev_ebitda,18.043,15.308,,15.308,,False,cross_sectional,-2.0,46.3,-0.1,44.3,0.9,True,False,cross_sectional_primary
20260822,STOXX600,MC.PA,Consumer Cyclical,fwd_pe,17.75408,14.8614,23.6,14.8614,-37.0,True,cross_sectional,-2.1,0.8,0.2,-1.1,0.9,False,False,cross_sectional_primary
20260822,STOXX600,CFR.SW,Consumer Cyclical,fwd_pe,23.313684,14.8614,37.0,14.8614,-59.8,True,cross_sectional,-2.5,-25.0,-0.9,-28.4,0.9,True,True,cross_sectional_primary
20260822,STOXX600,DTE.DE,Communication Services,fwd_pe,11.38214,13.9581,11.2,13.9581,24.6,False,cross_sectional,10.0,-5.0,1.1,6.1,1.0,False,True,cross_sectional_primary
20260822,STOXX600,GSK.L,Healthcare,fwd_pe,9.992812,16.5183,12.7,16.5183,30.1,True,cross_sectional,10.0,-25.0,-0.1,-15.1,0.9,True,True,cross_sectional_primary
20260822,STOXX600,SAN.PA,Healthcare,fwd_pe,8.705809,16.5183,16.4,16.5183,0.7,False,cross_sectional,10.0,-25.0,1.3,-13.7,1.0,True,True,cross_sectional_primary
20260822,STOXX600,BA.L,Industrials,ev_ebitda,18.32,15.308,,15.308,,False,cross_sectional,-2.1,5.6,0.7,4.1,0.9,False,False,cross_sectional_primary
20260822,STOXX600,IFX.DE,Technology,fwd_pe,20.114716,18.7963,24.3,18.7963,-22.6,False,cross_sectional,0.0,34.8,-0.1,34.8,1.0,False,False,cross_sectional_primary
20260822,STOXX600,DG.PA,Industrials,ev_ebitda,7.476,15.308,,15.308,,False,cross_sectional,10.0,10.8,0.7,21.5,0.9,False,True,cross_sectional_primary
20260822,STOXX600,ABI.BR,Consumer Defensive,fwd_pe,15.967797,14.3632,17.2,14.3632,-16.5,False,cross_sectional,-1.3,46.3,-0.0,45.0,1.0,True,False,cross_sectional_primary
20260822,STOXX600,ITX.MC,Consumer Cyclical,fwd_pe,24.37554,14.8614,27.3,14.8614,-45.6,True,cross_sectional,-2.5,5.3,-0.0,2.8,0.9,False,True,cross_sectional_primary
20260822,STOXX600,REL.L,Industrials,ev_ebitda,16.527,15.308,,15.308,,False,cross_sectional,0.0,24.2,1.6,25.7,0.9,False,False,cross_sectional_primary
20260822,STOXX600,ARGX.BR,Healthcare,fwd_pe,29.443825,16.5183,41.8,16.5183,-60.5,True,cross_sectional,-2.5,44.9,-7.5,34.9,0.9,True,True,cross_sectional_primary
20260822,STOXX600,RMS.PA,Consumer Cyclical,fwd_pe,30.794577,14.8614,46.7,14.8614,-68.2,True,cross_sectional,-2.5,-0.3,-0.1,-2.9,0.9,False,True,cross_sectional_primary
20260822,STOXX600,RHM.DE,Industrials,ev_ebitda,24.866,15.308,,15.308,,False,cross_sectional,-2.5,-5.7,-0.3,-8.5,0.9,False,True,cross_sectional_primary
20260822,STOXX600,DB1.DE,Financial Services,fwd_pe,20.799925,15.3457,19.3,15.3457,-20.5,False,cross_sectional,-2.5,13.7,0.4,11.6,1.0,False,True,cross_sectional_primary
20260822,STOXX600,EL.PA,Healthcare,fwd_pe,20.102457,16.5183,38.6,16.5183,-57.2,True,cross_sectional,-2.3,12.3,-1.5,8.4,0.9,False,False,cross_sectional_primary
20260822,STOXX600,VOLV-B.ST,Industrials,ev_ebitda,16.21,15.308,,15.308,,False,cross_sectional,0.0,35.0,0.0,35.0,0.9,False,False,cross_sectional_primary
20260822,STOXX600,LSEG.L,Financial Services,fwd_pe,15.898158,15.3457,52.0,15.3457,-70.5,True,cross_sectional,0.0,31.5,2.2,33.8,0.9,False,False,cross_sectional_primary
20260822,STOXX600,PRX.AS,Consumer Cyclical,fwd_pe,8.8031645,14.8614,8.9,14.8614,67.0,True,cross_sectional,10.0,13.3,6.5,29.8,0.7,False,True,cross_sectional_primary
20260822,STOXX600,CPG.L,Consumer Cyclical,fwd_pe,18.907948,14.8614,0.3,14.8614,4853.8,True,cross_sectional,-2.5,16.3,1.3,15.1,0.9,False,True,cross_sectional_primary
20260822,STOXX600,ATCO-A.ST,Industrials,ev_ebitda,24.155,15.308,,15.308,,False,cross_sectional,-2.5,8.0,0.1,5.6,0.9,False,True,cross_sectional_primary
20260822,STOXX600,LONN.SW,Healthcare,fwd_pe,26.938875,16.5183,38.5,16.5183,-57.1,True,cross_sectional,-2.5,34.6,2.4,34.5,0.9,False,True,cross_sectional_primary
20260822,STOXX600,RACE.MI,Consumer Cyclical,fwd_pe,33.687305,14.8614,41.0,14.8614,-63.8,True,cross_sectional,-2.5,10.1,0.9,8.5,0.9,False,True,cross_sectional_primary
20260822,STOXX600,ASM.AS,Technology,fwd_pe,27.208952,18.7963,32.4,18.7963,-42.0,True,cross_sectional,-2.5,35.7,0.3,33.5,0.9,False,True,cross_sectional_primary
20260822,STOXX600,HLN.L,Healthcare,fwd_pe,15.836532,16.5183,26.0,16.5183,-36.5,True,cross_sectional,0.0,-4.5,0.3,-4.2,0.9,False,False,cross_sectional_primary
20260822,STOXX600,DSV.CO,Industrials,ev_ebitda,16.384,15.308,,15.308,,False,cross_sectional,0.0,-4.0,-4.7,-8.7,0.9,False,False,cross_sectional_primary
20260822,STOXX600,PRY.MI,Industrials,ev_ebitda,15.589,15.308,,15.308,,False,cross_sectional,0.0,12.9,-1.4,11.5,0.9,False,False,cross_sectional_primary
20260822,STOXX600,SAND.ST,Industrials,ev_ebitda,17.643,15.308,,15.308,,False,cross_sectional,-1.7,41.5,0.0,39.9,0.9,True,False,cross_sectional_primary
20260822,STOXX600,LR.PA,Industrials,ev_ebitda,18.526,15.308,,15.308,,False,cross_sectional,-2.3,8.5,0.1,6.3,0.9,False,False,cross_sectional_primary
20260822,STOXX600,SDZ.SW,Healthcare,fwd_pe,20.257986,16.5183,27.0,16.5183,-38.8,True,cross_sectional,-2.4,-25.0,-0.6,-28.1,0.9,True,False,cross_sectional_primary
20260822,STOXX600,GALD.SW,Healthcare,fwd_pe,32.066257,16.5183,,16.5183,,False,cross_sectional,-2.5,46.5,-0.0,43.9,0.9,True,True,cross_sectional_primary
20260822,STOXX600,ADYEN.AS,Technology,fwd_pe,22.974962,18.7963,50.1,18.7963,-62.5,True,cross_sectional,-2.4,12.9,-0.7,9.8,0.9,False,False,cross_sectional_primary
20260822,STOXX600,TSCO.L,Consumer Defensive,fwd_pe,13.625391,14.3632,22.2,14.3632,-35.3,True,cross_sectional,0.0,39.7,4.1,43.7,0.9,True,False,cross_sectional_primary
20260822,STOXX600,ORA.PA,Communication Services,fwd_pe,13.634811,13.9581,10.7,13.9581,30.4,True,cross_sectional,0.0,-9.0,0.0,-9.0,0.7,False,False,cross_sectional_primary
20260822,STOXX600,SIKA.SW,Basic Materials,ev_ebitda,18.186,13.932,,13.932,,False,cross_sectional,-2.5,-0.6,-0.0,-3.1,0.9,False,True,cross_sectional_primary
20260822,STOXX600,ALC.SW,Healthcare,fwd_pe,16.803646,16.5183,34.7,16.5183,-52.4,True,cross_sectional,0.0,20.1,0.0,20.1,0.7,False,False,cross_sectional_primary
20260822,STOXX600,ASSA-B.ST,Industrials,ev_ebitda,15.93,15.308,,15.308,,False,cross_sectional,0.0,15.9,0.0,15.9,0.9,False,False,cross_sectional_primary
20260822,STOXX600,EXPN.L,Industrials,ev_ebitda,12.528,15.308,,15.308,,False,cross_sectional,10.0,23.0,-0.1,33.0,0.9,False,True,cross_sectional_primary
20260822,STOXX600,OR.PA,Consumer Defensive,fwd_pe,25.924109,14.3632,30.6,14.3632,-53.1,True,cross_sectional,-2.5,5.4,0.2,3.1,0.9,False,True,cross_sectional_primary
20260822,STOXX600,VWS.CO,Industrials,ev_ebitda,,15.308,,15.308,,False,UNMEASURED,,49.5,0.3,49.8,0.7,True,False,cross_sectional_primary
20260822,STOXX600,AD.AS,Consumer Defensive,fwd_pe,10.611023,14.3632,12.9,14.3632,11.3,False,cross_sectional,10.0,-0.2,3.2,13.0,1.0,False,True,cross_sectional_primary
20260822,STOXX600,ADS.DE,Consumer Cyclical,fwd_pe,13.240906,14.8614,36.9,14.8614,-59.7,True,cross_sectional,5.9,-2.4,-0.0,3.5,0.9,False,False,cross_sectional_primary
20260822,STOXX600,GIVN.SW,Basic Materials,ev_ebitda,21.984,13.932,,13.932,,False,cross_sectional,-2.5,-20.0,-0.1,-22.6,0.9,False,True,cross_sectional_primary
20260822,STOXX600,UCB.BR,Healthcare,fwd_pe,15.913703,16.5183,31.4,16.5183,-47.4,True,cross_sectional,0.0,46.6,0.3,46.9,0.9,True,False,cross_sectional_primary
20260822,STOXX600,FER.MC,Industrials,ev_ebitda,30.513,15.308,,15.308,,False,cross_sectional,-2.5,-25.0,0.7,-26.8,0.9,True,True,cross_sectional_primary
20260822,STOXX600,VOD.L,Communication Services,fwd_pe,10.935141,13.9581,8.9,13.9581,56.8,True,cross_sectional,10.0,13.4,5.9,29.3,0.7,False,True,cross_sectional_primary
20260822,STOXX600,HO.PA,Industrials,ev_ebitda,17.124,15.308,,15.308,,False,cross_sectional,-1.4,-25.0,0.8,-25.6,0.9,True,False,cross_sectional_primary
20260822,STOXX600,AMS.MC,Technology,fwd_pe,14.775134,18.7963,24.1,18.7963,-22.0,False,cross_sectional,10.0,-2.6,2.1,9.5,1.0,False,True,cross_sectional_primary
20260822,STOXX600,LDO.MI,Industrials,ev_ebitda,15.955,15.308,,15.308,,False,cross_sectional,0.0,44.8,-0.1,44.7,0.9,True,False,cross_sectional_primary
20260822,STOXX600,VIE.PA,Industrials,ev_ebitda,8.986,15.308,,15.308,,False,cross_sectional,10.0,5.6,-0.1,15.5,0.9,False,True,cross_sectional_primary
20260822,STOXX600,ACS.MC,Industrials,ev_ebitda,12.359,15.308,,15.308,,False,cross_sectional,10.0,5.0,2.4,17.4,0.9,False,True,cross_sectional_primary
20260822,STOXX600,NSIS-B.CO,Basic Materials,ev_ebitda,,13.932,,13.932,,False,UNMEASURED,,26.3,-10.0,16.3,0.7,False,False,cross_sectional_primary
20260822,STOXX600,HEI.DE,Basic Materials,ev_ebitda,9.069,13.932,,13.932,,False,cross_sectional,10.0,8.8,2.0,20.8,0.9,False,True,cross_sectional_primary
20260822,STOXX600,KNEBV.HE,Industrials,ev_ebitda,17.29,15.308,,15.308,,False,cross_sectional,-1.5,-13.2,-0.1,-14.8,0.9,False,False,cross_sectional_primary
20260822,STOXX600,IHG.L,Consumer Cyclical,fwd_pe,24.607582,14.8614,0.3,14.8614,4853.8,True,cross_sectional,-2.5,-5.4,4.3,-3.6,0.9,False,True,cross_sectional_primary
20260822,STOXX600,SAAB-B.ST,Industrials,ev_ebitda,32.785,15.308,,15.308,,False,cross_sectional,-2.5,35.0,-0.2,32.2,0.9,False,True,cross_sectional_primary
20260822,STOXX600,NXT.L,Consumer Cyclical,fwd_pe,17.417355,14.8614,14.5,14.8614,2.5,False,cross_sectional,-1.9,24.7,1.3,24.1,1.0,False,False,cross_sectional_primary
20260822,STOXX600,HEIA.AS,Consumer Defensive,fwd_pe,12.667305,14.3632,20.8,14.3632,-30.9,True,cross_sectional,6.5,39.8,0.6,46.9,0.9,True,False,cross_sectional_primary
20260822,STOXX600,AENA.MC,Industrials,ev_ebitda,12.314,15.308,,15.308,,False,cross_sectional,10.0,11.9,0.0,21.9,0.9,False,True,cross_sectional_primary
20260822,STOXX600,MTX.DE,Industrials,ev_ebitda,13.547,15.308,,15.308,,False,cross_sectional,6.3,-15.4,-0.0,-9.1,0.9,False,False,cross_sectional_primary
20260822,STOXX600,RYA.IR,Industrials,ev_ebitda,6.234,15.308,,15.308,,False,cross_sectional,10.0,-25.0,3.6,-11.4,0.9,True,True,cross_sectional_primary
20260822,STOXX600,FRE.DE,Healthcare,fwd_pe,11.771689,16.5183,20.7,16.5183,-20.2,False,cross_sectional,10.0,17.2,0.0,27.2,1.0,False,True,cross_sectional_primary
20260822,STOXX600,HEXA-B.ST,Technology,fwd_pe,18.78987,18.7963,335.3,18.7963,-94.4,True,cross_sectional,0.0,6.9,0.0,6.9,0.7,False,False,cross_sectional_primary
20260822,STOXX600,CAP.PA,Technology,fwd_pe,8.106671,18.7963,16.1,18.7963,16.7,False,cross_sectional,10.0,-25.0,0.6,-14.4,1.0,True,True,cross_sectional_primary
20260822,STOXX600,PHIA.AS,Healthcare,fwd_pe,14.026687,16.5183,,16.5183,,False,cross_sectional,8.5,41.3,-0.7,49.1,0.9,True,False,cross_sectional_primary
20260822,STOXX600,GMAB.CO,Healthcare,fwd_pe,19.892868,16.5183,178.7,16.5183,-90.8,True,cross_sectional,-2.2,-9.4,2.5,-9.2,0.9,False,False,cross_sectional_primary
20260822,STOXX600,SCMN.SW,Communication Services,fwd_pe,20.263111,13.9581,14.9,13.9581,-6.3,False,cross_sectional,-2.5,29.3,0.0,26.8,1.0,False,True,cross_sectional_primary
20260822,STOXX600,SGSN.SW,Industrials,ev_ebitda,17.128,15.308,,15.308,,False,cross_sectional,-1.4,-3.7,-0.1,-5.1,0.9,False,False,cross_sectional_primary
20260822,STOXX600,WKL.AS,Industrials,ev_ebitda,10.247,15.308,,15.308,,False,cross_sectional,10.0,8.9,2.9,21.8,0.9,False,True,cross_sectional_primary
20260822,STOXX600,UMG.AS,Communication Services,fwd_pe,13.399435,13.9581,30.9,13.9581,-54.8,True,cross_sectional,0.0,-25.0,-0.3,-25.3,0.9,True,False,cross_sectional_primary
20260822,STOXX600,DSY.PA,Technology,fwd_pe,15.977832,18.7963,41.6,18.7963,-54.8,True,cross_sectional,8.5,30.3,0.3,39.1,0.9,False,False,cross_sectional_primary
20260822,STOXX600,KRX.IR,Industrials,ev_ebitda,17.079,15.308,,15.308,,False,cross_sectional,-1.3,4.9,0.1,3.7,0.9,False,False,cross_sectional_primary
20260822,STOXX600,KPN.AS,Communication Services,fwd_pe,14.964483,13.9581,14.2,13.9581,-1.7,False,cross_sectional,0.0,0.0,1.9,1.9,1.0,False,False,cross_sectional_primary
20260822,STOXX600,HLMA.L,Industrials,ev_ebitda,22.522,15.308,,15.308,,False,cross_sectional,-2.5,16.0,-0.1,13.4,0.9,False,True,cross_sectional_primary
20260822,STOXX600,DSFIR.AS,Basic Materials,ev_ebitda,20.85,13.932,,13.932,,False,cross_sectional,-2.5,-25.0,-5.4,-32.9,0.9,True,True,cross_sectional_primary
20260822,STOXX600,VOW3.DE,Consumer Cyclical,fwd_pe,3.186347,14.8614,3.3,14.8614,350.3,True,cross_sectional,10.0,-25.0,0.0,-15.0,0.9,True,True,cross_sectional_primary
20260822,STOXX600,EPI-A.ST,Industrials,ev_ebitda,22.41,15.308,,15.308,,False,cross_sectional,-2.5,15.8,-0.1,13.2,0.9,False,True,cross_sectional_primary
20260822,STOXX600,WRT1V.HE,Industrials,ev_ebitda,18.158,15.308,,15.308,,False,cross_sectional,-2.0,7.8,-0.2,5.5,0.9,False,False,cross_sectional_primary
20260822,STOXX600,ALFA.ST,Industrials,ev_ebitda,18.022,15.308,,15.308,,False,cross_sectional,-2.0,0.7,0.0,-1.3,0.9,False,False,cross_sectional_primary
20260822,STOXX600,ESSITY-B.ST,Consumer Defensive,fwd_pe,20.68835,14.3632,15.3,14.3632,-6.1,False,cross_sectional,-2.5,-10.3,1.0,-11.8,1.0,False,True,cross_sectional_primary
20260822,STOXX600,RI.PA,Consumer Defensive,fwd_pe,11.69049,14.3632,16.3,14.3632,-11.9,False,cross_sectional,10.0,-18.0,1.0,-7.0,1.0,False,True,cross_sectional_primary
20260822,STOXX600,INF.L,Communication Services,fwd_pe,13.611362,13.9581,30.9,13.9581,-54.8,True,cross_sectional,0.0,13.2,3.4,16.6,0.7,False,False,cross_sectional_primary
20260822,STOXX600,ENX.PA,Financial Services,fwd_pe,18.300539,15.3457,17.0,15.3457,-9.7,False,cross_sectional,-2.1,18.1,1.6,17.6,1.0,False,False,cross_sectional_primary
20260822,STOXX600,EN.PA,Industrials,ev_ebitda,6.402,15.308,,15.308,,False,cross_sectional,10.0,12.6,-0.9,21.7,0.9,False,True,cross_sectional_primary
20260822,STOXX600,PST.MI,Industrials,ev_ebitda,24.341,15.308,,15.308,,False,cross_sectional,-2.5,-5.8,0.0,-8.3,0.9,False,True,cross_sectional_primary
20260822,STOXX600,STMN.SW,Healthcare,fwd_pe,24.499556,16.5183,60.9,16.5183,-72.9,True,cross_sectional,-2.5,5.8,0.0,3.3,0.7,False,True,cross_sectional_primary
20260822,STOXX600,UU.L,Utilities,ev_ebitda,12.692,12.648,,12.648,,False,cross_sectional,0.0,45.9,-0.0,45.9,0.9,True,False,cross_sectional_primary
20260822,STOXX600,SRG.MI,Utilities,ev_ebitda,12.604,12.648,,12.648,,False,cross_sectional,0.0,26.3,-0.1,26.2,0.9,False,False,cross_sectional_primary
20260822,STOXX600,SY1.DE,Basic Materials,ev_ebitda,19.573,13.932,,13.932,,False,cross_sectional,-2.5,-0.4,0.0,-2.9,0.9,False,True,cross_sectional_primary
20260822,STOXX600,LOGN.SW,Technology,fwd_pe,15.990043,18.7963,19.2,18.7963,-2.1,False,cross_sectional,8.4,42.1,3.2,53.7,1.0,True,False,cross_sectional_primary
20260822,STOXX600,FGR.PA,Industrials,ev_ebitda,5.92,15.308,,15.308,,False,cross_sectional,10.0,7.0,0.9,17.9,0.9,False,True,cross_sectional_primary
20260822,STOXX600,SGE.L,Technology,fwd_pe,19.063494,18.7963,34.9,18.7963,-46.1,True,cross_sectional,0.0,14.3,2.1,16.4,0.9,False,False,cross_sectional_primary
20260822,STOXX600,IAG.L,Industrials,ev_ebitda,3.683,15.308,,15.308,,False,cross_sectional,10.0,-25.0,2.3,-12.7,0.9,True,True,cross_sectional_primary
20260822,STOXX600,DPLM.L,Industrials,ev_ebitda,25.257,15.308,,15.308,,False,cross_sectional,-2.5,4.5,-1.7,0.3,0.9,False,True,cross_sectional_primary
20260822,STOXX600,SN.L,Healthcare,fwd_pe,12.0209055,16.5183,28.3,16.5183,-41.6,True,cross_sectional,10.0,5.7,0.0,15.7,0.9,False,True,cross_sectional_primary
20260822,STOXX600,CCH.L,Consumer Defensive,fwd_pe,16.350298,14.3632,14.8,14.3632,-3.0,False,cross_sectional,-1.6,11.1,0.6,10.1,1.0,False,False,cross_sectional_primary
20260822,STOXX600,MONC.MI,Consumer Cyclical,fwd_pe,18.119425,14.8614,21.8,14.8614,-31.8,True,cross_sectional,-2.4,7.1,-0.3,4.5,0.9,False,False,cross_sectional_primary
20260822,STOXX600,CARL-B.CO,Consumer Defensive,fwd_pe,12.648907,14.3632,13.7,14.3632,4.8,False,cross_sectional,6.6,13.0,1.4,21.0,1.0,False,False,cross_sectional_primary
20260822,STOXX600,METSO.HE,Industrials,ev_ebitda,18.089,15.308,,15.308,,False,cross_sectional,-2.0,44.4,-0.1,42.3,0.9,True,False,cross_sectional_primary
20260822,STOXX600,NHY.OL,Basic Materials,ev_ebitda,3.921,13.932,,13.932,,False,cross_sectional,10.0,47.5,1.5,59.0,0.9,True,True,cross_sectional_primary
20260822,STOXX600,RTO.L,Industrials,ev_ebitda,9.873,15.308,,15.308,,False,cross_sectional,10.0,4.2,-0.2,14.0,0.9,False,True,cross_sectional_primary
20260822,STOXX600,CA.PA,Consumer Defensive,fwd_pe,8.480372,14.3632,8.9,14.3632,61.4,True,cross_sectional,10.0,7.0,2.4,19.4,0.7,False,True,cross_sectional_primary
20260822,STOXX600,BVI.PA,Industrials,ev_ebitda,11.743,15.308,,15.308,,False,cross_sectional,10.0,-25.0,0.3,-14.7,0.9,False,True,cross_sectional_primary
20260822,STOXX600,LISP.SW,Consumer Defensive,fwd_pe,26.647863,14.3632,34.8,14.3632,-58.7,True,cross_sectional,-2.5,4.1,0.6,2.2,0.9,False,True,cross_sectional_primary
20260822,STOXX600,SOBI.ST,Healthcare,fwd_pe,29.581993,16.5183,32.6,16.5183,-49.3,True,cross_sectional,-2.5,42.8,-3.3,37.0,0.9,True,True,cross_sectional_primary
20260822,STOXX600,G1A.DE,Industrials,ev_ebitda,14.153,15.308,,15.308,,False,cross_sectional,0.0,13.8,2.7,16.5,0.9,False,False,cross_sectional_primary
20260822,STOXX600,ALE.WA,Consumer Cyclical,fwd_pe,22.890863,14.8614,29.1,14.8614,-48.9,True,cross_sectional,-2.5,18.8,0.6,16.9,0.7,False,True,cross_sectional_primary
20260822,STOXX600,EVO.ST,Consumer Cyclical,fwd_pe,11.434946,14.8614,194.7,14.8614,-92.4,True,cross_sectional,10.0,4.3,3.3,17.6,0.9,False,True,cross_sectional_primary
20260822,STOXX600,AC.PA,Consumer Cyclical,fwd_pe,17.213219,14.8614,17.1,14.8614,-13.1,False,cross_sectional,-1.8,-25.0,2.5,-24.3,1.0,True,False,cross_sectional_primary
20260822,STOXX600,MKS.L,Consumer Cyclical,fwd_pe,10.851943,14.8614,18.0,14.8614,-17.4,False,cross_sectional,10.0,49.8,-0.9,58.8,1.0,True,True,cross_sectional_primary
20260822,STOXX600,COLO-B.CO,Healthcare,fwd_pe,16.86827,16.5183,33.4,16.5183,-50.5,True,cross_sectional,0.0,43.9,-2.8,41.1,0.9,True,False,cross_sectional_primary
20260822,STOXX600,WISE.L,Technology,fwd_pe,18.80213,18.7963,22.3,18.7963,-15.7,False,cross_sectional,0.0,-4.5,0.9,-3.6,1.0,False,False,cross_sectional_primary
20260822,STOXX600,ORNBV.HE,Healthcare,fwd_pe,16.890848,16.5183,18.0,16.5183,-8.2,False,cross_sectional,0.0,42.5,-0.1,42.4,1.0,True,False,cross_sectional_primary
20260822,STOXX600,BEAN.SW,Industrials,ev_ebitda,35.747,15.308,,15.308,,False,cross_sectional,-2.5,23.2,-0.0,20.7,0.9,False,True,cross_sectional_primary
20260822,STOXX600,SKA-B.ST,Industrials,ev_ebitda,12.863,15.308,,15.308,,False,cross_sectional,9.1,39.3,-0.0,48.4,0.9,True,False,cross_sectional_primary
20260822,STOXX600,WEIR.L,Industrials,ev_ebitda,16.719,15.308,,15.308,,False,cross_sectional,0.0,15.6,0.0,15.6,0.9,False,False,cross_sectional_primary
20260822,STOXX600,MICC.AS,Consumer Defensive,fwd_pe,15.821144,14.3632,15.9,14.3632,-9.7,False,cross_sectional,0.0,8.0,-0.3,7.7,0.8,False,False,cross_sectional_primary
20260822,STOXX600,IMI.L,Industrials,ev_ebitda,14.424,15.308,,15.308,,False,cross_sectional,0.0,25.7,1.9,27.6,0.9,False,False,cross_sectional_primary
20260822,STOXX600,TEL2-B.ST,Communication Services,fwd_pe,25.295006,13.9581,16.5,13.9581,-15.4,False,cross_sectional,-2.5,1.2,-0.1,-1.4,1.0,False,True,cross_sectional_primary
20260822,STOXX600,MOWI.OL,Consumer Defensive,fwd_pe,13.836429,14.3632,184.9,14.3632,-92.2,True,cross_sectional,0.0,13.2,-0.2,13.0,0.7,False,False,cross_sectional_primary
20260822,STOXX600,RXL.PA,Technology,fwd_pe,12.1652775,18.7963,12.5,18.7963,50.4,True,cross_sectional,10.0,29.6,1.1,40.7,0.9,False,True,cross_sectional_primary
20260822,STOXX600,ERF.PA,Healthcare,fwd_pe,15.500575,16.5183,23.6,16.5183,-30.0,True,cross_sectional,0.0,27.7,2.9,30.6,0.9,False,False,cross_sectional_primary
20260822,STOXX600,FME.DE,Healthcare,fwd_pe,9.257316,16.5183,16.2,16.5183,2.0,False,cross_sectional,10.0,5.5,0.4,15.9,1.0,False,True,cross_sectional_primary
20260822,STOXX600,PNDORA.CO,Consumer Cyclical,fwd_pe,16.52155,14.8614,12.7,14.8614,17.0,False,cross_sectional,-1.3,13.6,5.3,17.6,1.0,False,False,cross_sectional_primary
20260822,STOXX600,TREL-B.ST,Industrials,ev_ebitda,13.983,15.308,,15.308,,False,cross_sectional,0.0,20.1,4.5,24.6,0.9,False,False,cross_sectional_primary
20260822,STOXX600,SPIE.PA,Industrials,ev_ebitda,12.809,15.308,,15.308,,False,cross_sectional,9.3,9.9,-1.1,18.1,0.7,False,False,cross_sectional_primary
20260822,STOXX600,HEIO.AS,Consumer Defensive,fwd_pe,10.725552,14.3632,17.4,14.3632,-17.5,False,cross_sectional,10.0,5.9,0.5,16.4,1.0,False,True,cross_sectional_primary
20260822,STOXX600,GTT.PA,Energy,ev_ebitda,13.531,9.014,,9.014,,False,cross_sectional,-2.5,16.6,-0.1,14.0,0.9,False,True,cross_sectional_primary
20260822,STOXX600,ACLN.SW,Industrials,ev_ebitda,20.551,15.308,,15.308,,False,cross_sectional,-2.5,36.7,-0.1,34.1,0.9,False,True,cross_sectional_primary
20260822,STOXX600,TEN.MI,Energy,ev_ebitda,7.479,9.014,,9.014,,False,cross_sectional,9.8,-4.9,5.4,10.2,0.9,False,False,cross_sectional_primary
20260822,STOXX600,HOT.DE,Industrials,ev_ebitda,19.868,15.308,,15.308,,False,cross_sectional,-2.5,38.3,-0.0,35.8,0.9,False,True,cross_sectional_primary
20260822,STOXX600,HM-B.ST,Consumer Cyclical,fwd_pe,20.632769,14.8614,26.7,14.8614,-44.3,True,cross_sectional,-2.5,0.7,0.8,-1.0,0.9,False,True,cross_sectional_primary
20260822,STOXX600,SUBC.OL,Energy,price_fcf,84.13713515676221,20.7168,,20.7168,,False,cross_sectional,-2.5,44.5,0.2,42.2,0.9,True,True,cross_sectional_primary
20260822,STOXX600,GAW.L,Consumer Cyclical,fwd_pe,28.56583,14.8614,29.0,14.8614,-48.8,True,cross_sectional,-2.5,-0.6,-0.2,-3.3,0.9,False,True,cross_sectional_primary
20260822,STOXX600,DHER.DE,Consumer Cyclical,fwd_pe,48.045815,14.8614,,14.8614,,False,cross_sectional,-2.5,9.8,-5.5,1.8,0.7,False,True,cross_sectional_primary
20260822,STOXX600,BEI.DE,Consumer Defensive,fwd_pe,19.56322,14.3632,31.3,14.3632,-54.1,True,cross_sectional,-2.5,1.9,0.4,-0.2,0.9,False,True,cross_sectional_primary
20260822,STOXX600,MRO.L,Industrials,ev_ebitda,12.081,15.308,,15.308,,False,cross_sectional,10.0,-25.0,4.7,-10.3,0.9,True,True,cross_sectional_primary
20260822,STOXX600,NKT.CO,Industrials,ev_ebitda,,15.308,,15.308,,False,UNMEASURED,,-2.0,-3.4,-5.4,0.7,False,False,cross_sectional_primary
20260822,STOXX600,SECU-B.ST,Industrials,ev_ebitda,9.114,15.308,,15.308,,False,cross_sectional,10.0,12.3,0.0,22.3,0.9,False,True,cross_sectional_primary
20260822,STOXX600,SBRY.L,Consumer Defensive,fwd_pe,12.403302,14.3632,33.9,14.3632,-57.6,True,cross_sectional,7.6,28.9,0.4,37.0,0.9,False,False,cross_sectional_primary
20260822,STOXX600,ORK.OL,Consumer Defensive,fwd_pe,14.100612,14.3632,11.4,14.3632,26.0,True,cross_sectional,0.0,-25.0,-0.1,-25.1,0.9,True,False,cross_sectional_primary
20260822,STOXX600,ELI.BR,Utilities,ev_ebitda,10.982,12.648,,12.648,,False,cross_sectional,7.3,10.0,-10.0,7.3,0.9,False,False,cross_sectional_primary
20260822,STOXX600,KBX.DE,Consumer Cyclical,fwd_pe,18.982937,14.8614,20.2,14.8614,-26.4,True,cross_sectional,-2.5,28.0,0.0,25.5,0.9,False,True,cross_sectional_primary
20260822,STOXX600,EDEN.PA,Financial Services,fwd_pe,11.8561535,15.3457,21.6,15.3457,-29.0,True,cross_sectional,10.0,-6.3,2.7,6.4,0.9,False,True,cross_sectional_primary
20260822,STOXX600,LIFCO-B.ST,Industrials,ev_ebitda,21.739,15.308,,15.308,,False,cross_sectional,-2.5,17.8,0.0,15.3,0.9,False,True,cross_sectional_primary
20260822,STOXX600,LPP.WA,Consumer Cyclical,fwd_pe,16.332428,14.8614,22.1,14.8614,-32.8,True,cross_sectional,0.0,35.9,-0.1,35.9,0.9,False,False,cross_sectional_primary
20260822,STOXX600,IDR.MC,Technology,fwd_pe,18.790457,18.7963,11.9,18.7963,58.0,True,cross_sectional,0.0,-6.9,3.5,-3.4,0.9,False,False,cross_sectional_primary
20260822,STOXX600,SPX.L,Industrials,ev_ebitda,15.308,15.308,,15.308,,False,cross_sectional,0.0,40.1,-0.1,40.1,0.9,True,False,cross_sectional_primary
20260822,STOXX600,RNO.PA,Consumer Cyclical,fwd_pe,4.247932,14.8614,10.0,14.8614,48.6,True,cross_sectional,10.0,1.8,0.3,12.1,0.7,False,True,cross_sectional_primary
20260822,STOXX600,REC.MI,Healthcare,fwd_pe,13.981482,16.5183,24.2,16.5183,-31.7,True,cross_sectional,8.7,27.9,-0.0,36.6,0.9,False,False,cross_sectional_primary
20260822,STOXX600,IPN.PA,Healthcare,fwd_pe,11.755548,16.5183,17.9,16.5183,-7.7,False,cross_sectional,10.0,21.5,-0.0,31.5,1.0,False,True,cross_sectional_primary
20260822,STOXX600,KCR.HE,Industrials,ev_ebitda,11.187,15.308,,15.308,,False,cross_sectional,10.0,-9.5,0.0,0.5,0.9,False,True,cross_sectional_primary
20260822,STOXX600,SPM.MI,Energy,ev_ebitda,9.014,9.014,,9.014,,False,cross_sectional,0.0,-25.0,-10.0,-35.0,0.9,True,False,cross_sectional_primary
20260822,STOXX600,INDT.ST,Industrials,ev_ebitda,19.066,15.308,,15.308,,False,cross_sectional,-2.5,22.7,-0.0,20.2,0.9,False,True,cross_sectional_primary
20260822,STOXX600,G24.DE,Communication Services,fwd_pe,16.25936,13.9581,26.3,13.9581,-46.9,True,cross_sectional,-1.8,42.1,1.1,41.4,0.9,True,False,cross_sectional_primary
20260822,STOXX600,LTMC.MI,Consumer Cyclical,fwd_pe,10.841743,14.8614,31.4,14.8614,-52.7,True,cross_sectional,10.0,48.1,-3.3,54.8,0.9,True,True,cross_sectional_primary
20260822,STOXX600,IG.MI,Utilities,ev_ebitda,10.005,12.648,,12.648,,False,cross_sectional,10.0,1.4,-4.5,6.9,0.9,False,True,cross_sectional_primary
20260822,STOXX600,FRO,Energy,ev_ebitda,10.155,9.014,,9.014,,False,cross_sectional,-1.4,49.7,0.0,48.3,0.9,True,False,cross_sectional_primary
20260822,STOXX600,ACKB.BR,Industrials,ev_ebitda,8.353,15.308,,15.308,,False,cross_sectional,10.0,23.0,0.7,33.7,0.9,False,True,cross_sectional_primary
20260822,STOXX600,ISS.CO,Industrials,ev_ebitda,12.98,15.308,,15.308,,False,cross_sectional,8.6,26.6,5.2,40.5,0.9,False,False,cross_sectional_primary
20260822,STOXX600,ALO.PA,Industrials,ev_ebitda,7.59,15.308,,15.308,,False,cross_sectional,10.0,-25.0,-10.0,-25.0,0.9,True,True,cross_sectional_primary
20260822,STOXX600,IMCD.AS,Basic Materials,ev_ebitda,13.932,13.932,,13.932,,False,cross_sectional,0.0,10.0,-0.3,9.7,0.9,False,False,cross_sectional_primary
20260822,STOXX600,CTEC.L,Healthcare,fwd_pe,13.520161,16.5183,33.3,16.5183,-50.4,True,cross_sectional,10.0,-25.0,0.4,-14.6,0.9,True,True,cross_sectional_primary
20260822,STOXX600,AM.PA,Industrials,ev_ebitda,13.937,15.308,,15.308,,False,cross_sectional,0.0,9.0,1.8,10.8,0.9,False,False,cross_sectional_primary
20260822,STOXX600,ZAL.DE,Consumer Cyclical,fwd_pe,12.317775,14.8614,49.5,14.8614,-70.0,True,cross_sectional,9.8,-21.6,-0.2,-12.0,0.9,False,False,cross_sectional_primary
20260822,STOXX600,ANDR.VI,Industrials,ev_ebitda,9.578,15.308,,15.308,,False,cross_sectional,10.0,6.7,0.7,17.4,0.9,False,True,cross_sectional_primary
20260822,STOXX600,ELISA.HE,Communication Services,fwd_pe,14.281464,13.9581,17.2,13.9581,-18.8,False,cross_sectional,0.0,-1.8,-0.0,-1.8,1.0,False,False,cross_sectional_primary
20260822,STOXX600,HAG.DE,Industrials,ev_ebitda,35.643,15.308,,15.308,,False,cross_sectional,-2.5,25.1,-4.6,17.9,0.7,False,True,cross_sectional_primary
20260822,STOXX600,BTRW.L,Consumer Cyclical,fwd_pe,13.042751,14.8614,19.6,14.8614,-24.2,False,cross_sectional,6.7,28.3,-10.0,25.0,1.0,False,False,cross_sectional_primary
20260822,STOXX600,HWDN.L,Consumer Cyclical,fwd_pe,14.161743,14.8614,17.2,14.8614,-13.6,False,cross_sectional,0.0,-1.6,0.3,-1.3,1.0,False,False,cross_sectional_primary
20260822,STOXX600,ANA.MC,Industrials,ev_ebitda,15.182,15.308,,15.308,,False,cross_sectional,0.0,-25.0,0.2,-24.8,0.9,True,False,cross_sectional_primary
20260822,STOXX600,BBY.L,Industrials,ev_ebitda,17.351,15.308,,15.308,,False,cross_sectional,-1.5,1.0,7.7,7.2,0.9,False,False,cross_sectional_primary
20260822,STOXX600,LOTB.BR,Consumer Defensive,fwd_pe,45.84964,14.3632,49.4,14.3632,-70.9,True,cross_sectional,-2.5,23.3,-0.0,20.8,0.9,False,True,cross_sectional_primary
20260822,STOXX600,GETI-B.ST,Healthcare,fwd_pe,22.330896,16.5183,25.1,16.5183,-34.2,True,cross_sectional,-2.5,41.1,-0.0,38.6,0.9,True,True,cross_sectional_primary
20260822,STOXX600,NIBE-B.ST,Industrials,ev_ebitda,17.968,15.308,,15.308,,False,cross_sectional,-1.9,28.0,0.0,26.1,0.9,False,False,cross_sectional_primary
20260822,STOXX600,BEIJ-B.ST,Industrials,ev_ebitda,19.857,15.308,,15.308,,False,cross_sectional,-2.5,4.5,-2.0,-0.0,0.9,False,True,cross_sectional_primary
20260822,STOXX600,NDX1.DE,Industrials,ev_ebitda,9.721,15.308,,15.308,,False,cross_sectional,10.0,48.3,-3.2,55.0,0.9,True,True,cross_sectional_primary
20260822,STOXX600,JMT.LS,Consumer Defensive,fwd_pe,13.17252,14.3632,18.6,14.3632,-22.8,False,cross_sectional,0.0,-2.5,0.1,-2.4,1.0,False,False,cross_sectional_primary
20260822,STOXX600,WTB.L,Consumer Cyclical,fwd_pe,12.566358,14.8614,18.4,14.8614,-19.2,False,cross_sectional,8.7,8.3,5.6,22.7,0.8,False,False,cross_sectional_primary
20260822,STOXX600,LHA.DE,Industrials,ev_ebitda,5.011,15.308,,15.308,,False,cross_sectional,10.0,-25.0,-0.1,-15.1,0.9,True,True,cross_sectional_primary
20260822,STOXX600,AVOL.SW,Consumer Cyclical,fwd_pe,11.489448,14.8614,49.2,14.8614,-69.8,True,cross_sectional,10.0,30.1,-2.4,37.8,0.9,False,True,cross_sectional_primary
20260822,STOXX600,FHZN.SW,Industrials,ev_ebitda,10.878,15.308,,15.308,,False,cross_sectional,10.0,5.8,0.0,15.8,0.9,False,True,cross_sectional_primary
20260822,STOXX600,SBMO.AS,Energy,ev_ebitda,7.608,9.014,,9.014,,False,cross_sectional,8.8,4.4,1.6,14.9,0.9,False,False,cross_sectional_primary
20260822,STOXX600,TPRO.MI,Technology,fwd_pe,35.087276,18.7963,56.3,18.7963,-66.6,True,cross_sectional,-2.5,48.7,-3.3,43.0,0.9,True,True,cross_sectional_primary
20260822,STOXX600,GALE.SW,Healthcare,fwd_pe,19.294157,16.5183,19.9,16.5183,-17.0,False,cross_sectional,-1.9,-24.9,0.0,-26.8,1.0,False,False,cross_sectional_primary
20260822,STOXX600,ROR.L,Industrials,ev_ebitda,19.604,15.308,,15.308,,False,cross_sectional,-2.5,19.5,0.2,17.2,0.9,False,True,cross_sectional_primary
20260822,STOXX600,MYCR.ST,Industrials,ev_ebitda,23.091,15.308,,15.308,,False,cross_sectional,-2.5,18.4,-0.0,15.9,0.9,False,True,cross_sectional_primary
20260822,STOXX600,TE.PA,Energy,ev_ebitda,5.912,9.014,,9.014,,False,cross_sectional,10.0,-25.0,0.5,-14.5,0.9,True,True,cross_sectional_primary
20260822,STOXX600,ENG.MC,Utilities,ev_ebitda,15.308,12.648,,12.648,,False,cross_sectional,-2.3,-25.0,-0.2,-27.5,0.9,True,False,cross_sectional_primary
20260822,STOXX600,BFT.WA,Consumer Cyclical,fwd_pe,124.02299,14.8614,17.0,14.8614,-12.6,False,cross_sectional,-2.5,48.4,-4.2,41.7,1.0,True,True,cross_sectional_primary
20260822,STOXX600,DIE.BR,Consumer Cyclical,fwd_pe,11.584218,14.8614,18.5,14.8614,-19.7,False,cross_sectional,10.0,-11.8,0.1,-1.7,1.0,False,True,cross_sectional_primary
20260822,STOXX600,AYV.PA,Industrials,ev_ebitda,13.472,15.308,,15.308,,False,cross_sectional,6.6,-2.6,-6.1,-2.1,0.9,False,False,cross_sectional_primary
20260822,STOXX600,CCC.L,Technology,fwd_pe,21.112904,18.7963,14.9,18.7963,26.1,True,cross_sectional,-1.4,-2.0,3.8,0.4,0.9,False,False,cross_sectional_primary
20260822,STOXX600,BIM.PA,Healthcare,fwd_pe,15.970742,16.5183,30.2,16.5183,-45.3,True,cross_sectional,0.0,35.8,-0.1,35.8,0.9,False,False,cross_sectional_primary
20260822,STOXX600,ZAB.WA,Consumer Defensive,fwd_pe,20.0197,14.3632,44.5,14.3632,-67.7,True,cross_sectional,-2.5,20.8,-0.1,18.2,0.7,False,True,cross_sectional_primary
20260822,STOXX600,CPR.MI,Consumer Defensive,fwd_pe,16.764765,14.3632,32.5,14.3632,-55.8,True,cross_sectional,-1.9,-25.0,-5.5,-32.3,0.9,True,False,cross_sectional_primary
20260822,STOXX600,ALK-B.CO,Healthcare,fwd_pe,29.500137,16.5183,45.1,16.5183,-63.4,True,cross_sectional,-2.5,24.8,-0.1,22.2,0.9,False,True,cross_sectional_primary
20260822,STOXX600,SALM.OL,Consumer Defensive,fwd_pe,14.363217,14.3632,21.6,14.3632,-33.5,True,cross_sectional,0.0,24.4,-1.0,23.4,0.7,False,False,cross_sectional_primary
20260822,STOXX600,SECT-B.ST,Healthcare,fwd_pe,82.7381,16.5183,89.2,16.5183,-81.5,True,cross_sectional,-2.5,20.0,0.0,17.5,0.9,False,True,cross_sectional_primary
20260822,STOXX600,DNP.WA,Consumer Defensive,fwd_pe,1.9130912,14.3632,29.0,14.3632,-50.5,True,cross_sectional,10.0,0.8,0.0,10.8,0.9,False,True,cross_sectional_primary
20260822,STOXX600,INCH.L,Consumer Cyclical,fwd_pe,8.255303,14.8614,10.7,14.8614,38.9,True,cross_sectional,10.0,-25.0,4.6,-10.4,0.9,True,True,cross_sectional_primary
20260822,STOXX600,EVD.DE,Communication Services,fwd_pe,16.168203,13.9581,25.3,13.9581,-44.8,True,cross_sectional,-1.8,34.1,0.0,32.4,0.9,False,False,cross_sectional_primary
20260822,STOXX600,SFZN.SW,Healthcare,fwd_pe,16.986752,16.5183,23.0,16.5183,-28.2,True,cross_sectional,0.0,16.0,-0.9,15.1,0.9,False,False,cross_sectional_primary
20260822,STOXX600,CWK.L,Consumer Defensive,fwd_pe,15.834003,14.3632,20.1,14.3632,-28.5,True,cross_sectional,0.0,16.0,-0.5,15.5,0.9,False,False,cross_sectional_primary
20260822,STOXX600,TEP.PA,Industrials,ev_ebitda,5.173,15.308,,15.308,,False,cross_sectional,10.0,-11.6,-0.0,-1.6,0.9,False,True,cross_sectional_primary
20260822,STOXX600,DEMANT.CO,Healthcare,fwd_pe,18.122383,16.5183,28.0,16.5183,-41.0,True,cross_sectional,0.0,6.4,2.0,8.4,0.9,False,False,cross_sectional_primary
20260822,STOXX600,FTK.DE,Financial Services,fwd_pe,14.793204,15.3457,15.4,15.3457,-0.4,False,cross_sectional,0.0,11.6,0.1,11.7,0.8,False,False,cross_sectional_primary
20260822,STOXX600,MTO.L,Industrials,ev_ebitda,10.935,15.308,,15.308,,False,cross_sectional,10.0,-25.0,1.6,-13.4,0.9,True,True,cross_sectional_primary
20260822,STOXX600,OCTV-SDB.ST,Technology,fwd_pe,119.40141,18.7963,168.7,18.7963,-88.9,True,cross_sectional,-2.5,8.4,0.0,5.9,0.5,False,True,cross_sectional_primary
20260822,STOXX600,FR.PA,Consumer Cyclical,fwd_pe,6.9629717,14.8614,13.9,14.8614,6.9,False,cross_sectional,10.0,1.2,-0.2,11.0,1.0,False,True,cross_sectional_primary
20260822,STOXX600,AKER.OL,Industrials,ev_ebitda,5.44,15.308,,15.308,,False,cross_sectional,10.0,2.9,0.0,12.9,0.7,False,True,cross_sectional_primary
20260822,STOXX600,ADP.PA,Industrials,ev_ebitda,9.815,15.308,,15.308,,False,cross_sectional,10.0,48.1,-0.1,57.9,0.9,True,True,cross_sectional_primary
20260822,STOXX600,ARCAD.AS,Industrials,ev_ebitda,13.973,15.308,,15.308,,False,cross_sectional,0.0,0.9,0.4,1.3,0.9,False,False,cross_sectional_primary
20260822,STOXX600,LOOMIS.ST,Industrials,ev_ebitda,8.162,15.308,,15.308,,False,cross_sectional,10.0,28.7,2.3,40.9,0.9,False,True,cross_sectional_primary
20260822,STOXX600,HIK.L,Healthcare,fwd_pe,8.950295,16.5183,12.4,16.5183,33.2,True,cross_sectional,10.0,-4.7,-0.1,5.2,0.9,False,True,cross_sectional_primary
20260822,STOXX600,SRP.L,Industrials,ev_ebitda,12.291,15.308,,15.308,,False,cross_sectional,10.0,10.5,4.3,24.8,0.9,False,True,cross_sectional_primary
20260822,STOXX600,RAA.DE,Industrials,ev_ebitda,18.027,15.308,,15.308,,False,cross_sectional,-2.0,15.3,0.0,13.3,0.9,False,False,cross_sectional_primary
20260822,STOXX600,IFCN.SW,Technology,fwd_pe,30.380344,18.7963,23.8,18.7963,-21.0,False,cross_sectional,-2.5,27.5,-0.0,25.0,1.0,False,True,cross_sectional_primary
20260822,STOXX600,TUI1.DE,Consumer Cyclical,fwd_pe,4.9915967,14.8614,8.4,14.8614,76.9,True,cross_sectional,10.0,-25.0,-10.0,-25.0,0.9,True,True,cross_sectional_primary
20260822,STOXX600,BZU.MI,Basic Materials,ev_ebitda,5.562,13.932,,13.932,,False,cross_sectional,10.0,-15.3,1.1,-4.2,0.9,False,True,cross_sectional_primary
20260822,STOXX600,PIRC.MI,Consumer Cyclical,fwd_pe,11.38079,14.8614,9.9,14.8614,50.1,True,cross_sectional,10.0,-6.1,-0.3,3.6,0.9,False,True,cross_sectional_primary
20260822,STOXX600,SOP.PA,Technology,fwd_pe,9.2364855,18.7963,11.8,18.7963,59.3,True,cross_sectional,10.0,5.3,2.4,17.7,0.9,False,True,cross_sectional_primary
20260822,STOXX600,NEXI.MI,Technology,fwd_pe,6.3349643,18.7963,47.4,18.7963,-60.3,True,cross_sectional,10.0,29.2,1.1,40.3,0.9,False,True,cross_sectional_primary
20260822,STOXX600,BAMNB.AS,Industrials,ev_ebitda,8.109,15.308,,15.308,,False,cross_sectional,10.0,28.1,2.0,40.1,0.9,False,True,cross_sectional_primary
20260822,STOXX600,GRF.MC,Healthcare,fwd_pe,8.776263,16.5183,37.2,16.5183,-55.6,True,cross_sectional,10.0,31.0,-0.1,40.9,0.9,False,True,cross_sectional_primary
20260822,STOXX600,BC.MI,Consumer Cyclical,fwd_pe,33.753696,14.8614,54.5,14.8614,-72.7,True,cross_sectional,-2.5,3.8,0.0,1.3,0.9,False,True,cross_sectional_primary
20260822,STOXX600,ZEAL.CO,Healthcare,fwd_pe,59.69861,16.5183,,16.5183,,False,cross_sectional,-2.5,-25.0,-10.0,-37.5,0.9,True,True,cross_sectional_primary
20260822,STOXX600,AAF.L,Communication Services,fwd_pe,13.01246,13.9581,7.3,13.9581,91.2,True,cross_sectional,0.0,27.0,0.7,27.6,0.9,False,False,cross_sectional_primary
20260822,STOXX600,SUN.SW,Industrials,ev_ebitda,10.456,15.308,,15.308,,False,cross_sectional,10.0,8.3,0.3,18.6,0.9,False,True,cross_sectional_primary
20260822,STOXX600,KGX.DE,Industrials,ev_ebitda,7.384,15.308,,15.308,,False,cross_sectional,10.0,18.9,0.0,28.9,0.9,False,True,cross_sectional_primary
20260822,STOXX600,REY.MI,Technology,fwd_pe,14.590084,18.7963,21.3,18.7963,-11.8,False,cross_sectional,10.0,-13.6,0.0,-3.6,1.0,False,True,cross_sectional_primary
20260822,STOXX600,BC8.DE,Technology,fwd_pe,16.355227,18.7963,18.3,18.7963,2.7,False,cross_sectional,7.2,21.3,0.0,28.5,1.0,False,False,cross_sectional_primary
20260822,STOXX600,DLG.MI,Consumer Cyclical,fwd_pe,15.363722,14.8614,16.8,14.8614,-11.5,False,cross_sectional,0.0,4.9,0.2,5.1,0.8,False,False,cross_sectional_primary
20260822,STOXX600,FDJU.PA,Consumer Cyclical,fwd_pe,8.333333,14.8614,16.8,14.8614,-11.5,False,cross_sectional,10.0,14.4,1.4,25.8,0.8,False,True,cross_sectional_primary
20260822,STOXX600,TCAP.L,Financial Services,fwd_pe,8.825264,15.3457,12.7,15.3457,20.8,False,cross_sectional,10.0,7.8,1.7,19.5,1.0,False,True,cross_sectional_primary
20260822,STOXX600,RBREW.CO,Consumer Defensive,fwd_pe,11.679136,14.3632,16.8,14.3632,-14.5,False,cross_sectional,10.0,3.8,-0.1,13.7,1.0,False,True,cross_sectional_primary
20260822,STOXX600,SFSN.SW,Industrials,ev_ebitda,10.706,15.308,,15.308,,False,cross_sectional,10.0,31.5,0.0,41.5,0.9,False,True,cross_sectional_primary
20260822,STOXX600,FPE3.DE,Basic Materials,ev_ebitda,9.205,13.932,,13.932,,False,cross_sectional,10.0,31.0,1.4,42.4,0.9,False,True,cross_sectional_primary
20260822,STOXX600,TGS.OL,Energy,ev_ebitda,44.239,9.014,,9.014,,False,cross_sectional,-2.5,16.0,-10.0,3.5,0.7,False,True,cross_sectional_primary
20260822,STOXX600,GBF.DE,Industrials,ev_ebitda,7.899,15.308,,15.308,,False,cross_sectional,10.0,14.4,0.3,24.7,0.9,False,True,cross_sectional_primary
20260822,STOXX600,LATO-B.ST,Industrials,ev_ebitda,30.079,15.308,,15.308,,False,cross_sectional,-2.5,47.0,0.0,44.5,0.9,True,True,cross_sectional_primary
20260822,STOXX600,TOM.OL,Industrials,price_fcf,187.38649952018724,20.7168,,20.7168,,False,cross_sectional,-2.5,-0.4,-0.0,-2.9,0.9,False,True,cross_sectional_primary
20260822,STOXX600,FRA.DE,Industrials,ev_ebitda,11.332,15.308,,15.308,,False,cross_sectional,10.0,-25.0,-0.0,-15.0,0.9,True,True,cross_sectional_primary
20260822,STOXX600,PNN.L,Utilities,ev_ebitda,13.366,12.648,,12.648,,False,cross_sectional,0.0,8.2,-10.0,-1.8,0.7,False,False,cross_sectional_primary
20260822,STOXX600,AXFO.ST,Consumer Defensive,fwd_pe,19.512,14.3632,23.5,14.3632,-38.9,True,cross_sectional,-2.5,3.5,0.0,1.0,0.9,False,True,cross_sectional_primary
20260822,STOXX600,VIS.MC,Consumer Cyclical,fwd_pe,14.861393,14.8614,15.9,14.8614,-6.5,False,cross_sectional,0.0,-1.3,0.7,-0.6,1.0,False,False,cross_sectional_primary
20260822,STOXX600,PUIG.MC,Consumer Defensive,fwd_pe,14.494586,14.3632,14.4,14.3632,-0.3,False,cross_sectional,0.0,-4.4,-10.0,-14.4,1.0,False,False,cross_sectional_primary
20260822,STOXX600,JD.L,Consumer Cyclical,fwd_pe,6.813895,14.8614,9.2,14.8614,61.5,True,cross_sectional,10.0,-14.4,0.4,-4.0,0.9,False,True,cross_sectional_primary
20260822,STOXX600,KMAR.OL,Industrials,ev_ebitda,13.621,15.308,,15.308,,False,cross_sectional,6.0,14.8,0.0,20.8,0.7,False,False,cross_sectional_primary
20260822,STOXX600,THULE.ST,Consumer Cyclical,fwd_pe,14.71831,14.8614,22.9,14.8614,-35.1,True,cross_sectional,0.0,4.9,-1.2,3.7,0.9,False,False,cross_sectional_primary
20260822,STOXX600,SESG.PA,Communication Services,price_fcf,5.663511111111111,20.7168,,20.7168,,False,cross_sectional,10.0,23.8,2.9,36.7,0.7,False,True,cross_sectional_primary
20260827,STOXX600,ASML.AS,Technology,fwd_pe,29.406473,18.9306,33.2,18.9306,-43.0,True,cross_sectional,-2.5,27.8,0.7,26.0,0.9,False,True,cross_sectional_primary
20260827,STOXX600,NOVN.SW,Healthcare,fwd_pe,15.971928,16.0073,14.5,16.0073,10.4,False,cross_sectional,0.0,-17.0,3.4,-13.6,1.0,False,False,cross_sectional_primary
20260827,STOXX600,AZN.L,Healthcare,fwd_pe,14.530759,16.0073,25.8,16.0073,-38.0,True,cross_sectional,0.0,2.5,0.0,2.5,0.9,False,False,cross_sectional_primary
20260827,STOXX600,SIE.DE,Industrials,ev_ebitda,21.481,15.326,,15.326,,False,cross_sectional,-2.5,12.8,0.5,10.8,0.9,False,True,cross_sectional_primary
20260827,STOXX600,SAP.DE,Technology,fwd_pe,21.799915,18.9306,39.9,18.9306,-52.6,True,cross_sectional,-1.7,29.5,0.2,28.0,0.9,False,False,cross_sectional_primary
20260827,STOXX600,SU.PA,Industrials,ev_ebitda,21.689,15.326,,15.326,,False,cross_sectional,-2.5,28.5,0.4,26.4,0.9,False,True,cross_sectional_primary
20260827,STOXX600,RR.L,Industrials,ev_ebitda,24.769,15.326,,15.326,,False,cross_sectional,-2.5,-25.0,-0.3,-27.8,0.9,True,True,cross_sectional_primary
20260827,STOXX600,ABBN.SW,Industrials,ev_ebitda,20.768,15.326,,15.326,,False,cross_sectional,-2.5,8.2,1.0,6.7,0.9,False,True,cross_sectional_primary
20260827,STOXX600,NOVO-B.CO,Healthcare,fwd_pe,13.680309,16.0073,30.3,16.0073,-47.2,True,cross_sectional,8.2,-20.6,0.5,-11.9,0.9,False,False,cross_sectional_primary
20260827,STOXX600,SAF.PA,Industrials,ev_ebitda,23.566,15.326,,15.326,,False,cross_sectional,-2.5,-25.0,1.6,-25.9,0.9,True,True,cross_sectional_primary
20260827,STOXX600,ENR.DE,Industrials,ev_ebitda,26.176,15.326,,15.326,,False,cross_sectional,-2.5,43.8,-3.2,38.1,0.9,True,True,cross_sectional_primary
20260827,STOXX600,AIR.PA,Industrials,ev_ebitda,18.232,15.326,,15.326,,False,cross_sectional,-2.1,46.4,-0.1,44.2,0.9,True,False,cross_sectional_primary
20260827,STOXX600,MC.PA,Consumer Cyclical,fwd_pe,17.6658,14.8614,23.6,14.8614,-37.0,True,cross_sectional,-2.1,0.8,0.2,-1.0,0.9,False,False,cross_sectional_primary
20260827,STOXX600,CFR.SW,Consumer Cyclical,fwd_pe,23.801353,14.8614,34.7,14.8614,-57.2,True,cross_sectional,-2.5,-25.0,-0.9,-28.4,0.9,True,True,cross_sectional_primary
20260827,STOXX600,DTE.DE,Communication Services,fwd_pe,11.17525,13.9348,11.2,13.9348,24.4,False,cross_sectional,10.0,-5.0,1.1,6.1,1.0,False,True,cross_sectional_primary
20260827,STOXX600,GSK.L,Healthcare,fwd_pe,9.886074,16.0073,12.7,16.0073,26.0,True,cross_sectional,10.0,-25.0,-0.1,-15.1,0.9,True,True,cross_sectional_primary
20260827,STOXX600,SAN.PA,Healthcare,fwd_pe,8.570313,16.0073,16.4,16.0073,-2.4,False,cross_sectional,10.0,-25.0,1.3,-13.7,1.0,True,True,cross_sectional_primary
20260827,STOXX600,BA.L,Industrials,ev_ebitda,18.017,15.326,,15.326,,False,cross_sectional,-1.9,5.6,0.7,4.3,0.9,False,False,cross_sectional_primary
20260827,STOXX600,IFX.DE,Technology,fwd_pe,20.34848,18.9306,24.3,18.9306,-22.1,False,cross_sectional,0.0,34.9,-0.1,34.8,1.0,False,False,cross_sectional_primary
20260827,STOXX600,ABI.BR,Consumer Defensive,fwd_pe,16.044895,15.5731,17.2,15.5731,-9.5,False,cross_sectional,0.0,46.3,-0.0,46.3,1.0,True,False,cross_sectional_primary
20260827,STOXX600,DG.PA,Industrials,ev_ebitda,7.485,15.326,,15.326,,False,cross_sectional,10.0,10.8,0.7,21.5,0.9,False,True,cross_sectional_primary
20260827,STOXX600,ITX.MC,Consumer Cyclical,fwd_pe,24.37554,14.8614,28.2,14.8614,-47.3,True,cross_sectional,-2.5,5.3,-0.0,2.8,0.9,False,True,cross_sectional_primary
20260827,STOXX600,REL.L,Industrials,ev_ebitda,16.389,15.326,,15.326,,False,cross_sectional,0.0,24.2,1.6,25.7,0.9,False,False,cross_sectional_primary
20260827,STOXX600,RMS.PA,Consumer Cyclical,fwd_pe,30.334518,14.8614,46.7,14.8614,-68.2,True,cross_sectional,-2.5,-0.3,-0.1,-2.9,0.9,False,True,cross_sectional_primary
20260827,STOXX600,ARGX.BR,Healthcare,fwd_pe,29.504326,16.0073,41.8,16.0073,-61.7,True,cross_sectional,-2.5,45.0,-7.5,35.0,0.9,True,True,cross_sectional_primary
20260827,STOXX600,DB1.DE,Financial Services,fwd_pe,21.101374,15.7557,19.3,15.7557,-18.4,False,cross_sectional,-2.5,13.7,0.4,11.6,1.0,False,True,cross_sectional_primary
20260827,STOXX600,RHM.DE,Industrials,ev_ebitda,24.531,15.326,,15.326,,False,cross_sectional,-2.5,-5.7,-0.3,-8.5,0.9,False,True,cross_sectional_primary
20260827,STOXX600,EL.PA,Healthcare,fwd_pe,19.468098,16.0073,38.6,16.0073,-58.5,True,cross_sectional,-2.3,12.3,-1.5,8.4,0.9,False,False,cross_sectional_primary
20260827,STOXX600,VOLV-B.ST,Industrials,ev_ebitda,16.518,15.326,,15.326,,False,cross_sectional,0.0,35.1,0.0,35.1,0.9,False,False,cross_sectional_primary
20260827,STOXX600,LSEG.L,Financial Services,fwd_pe,16.222332,15.7557,52.0,15.7557,-69.7,True,cross_sectional,0.0,31.6,2.2,33.8,0.9,False,False,cross_sectional_primary
20260827,STOXX600,CPG.L,Consumer Cyclical,fwd_pe,18.475088,14.8614,0.2,14.8614,7330.7,True,cross_sectional,-2.5,16.3,1.3,15.1,0.9,False,True,cross_sectional_primary
20260827,STOXX600,PRX.AS,Consumer Cyclical,fwd_pe,8.710064,14.8614,8.9,14.8614,67.0,True,cross_sectional,10.0,13.3,6.5,29.8,0.7,False,True,cross_sectional_primary
20260827,STOXX600,ATCO-A.ST,Industrials,ev_ebitda,24.374,15.326,,15.326,,False,cross_sectional,-2.5,8.0,0.1,5.6,0.9,False,True,cross_sectional_primary
20260827,STOXX600,LONN.SW,Healthcare,fwd_pe,26.602251,16.0073,38.5,16.0073,-58.4,True,cross_sectional,-2.5,34.7,2.4,34.5,0.9,False,True,cross_sectional_primary
20260827,STOXX600,RACE.MI,Consumer Cyclical,fwd_pe,32.04898,14.8614,41.0,14.8614,-63.8,True,cross_sectional,-2.5,10.1,0.9,8.5,0.9,False,True,cross_sectional_primary
20260827,STOXX600,ASM.AS,Technology,fwd_pe,27.59559,18.9306,32.4,18.9306,-41.6,True,cross_sectional,-2.5,35.7,0.3,33.6,0.9,False,True,cross_sectional_primary
20260827,STOXX600,HLN.L,Healthcare,fwd_pe,16.042686,16.0073,26.0,16.0073,-38.4,True,cross_sectional,0.0,-4.5,0.3,-4.2,0.9,False,False,cross_sectional_primary
20260827,STOXX600,SAND.ST,Industrials,ev_ebitda,18.229,15.326,,15.326,,False,cross_sectional,-2.1,41.6,0.0,39.5,0.9,True,False,cross_sectional_primary
20260827,STOXX600,DSV.CO,Industrials,ev_ebitda,16.165,15.326,,15.326,,False,cross_sectional,0.0,-4.0,-4.7,-8.7,0.9,False,False,cross_sectional_primary
20260827,STOXX600,LR.PA,Industrials,ev_ebitda,18.845,15.326,,15.326,,False,cross_sectional,-2.5,8.5,0.1,6.1,0.9,False,False,cross_sectional_primary
20260827,STOXX600,PRY.MI,Industrials,ev_ebitda,15.326,15.326,,15.326,,False,cross_sectional,0.0,12.9,-1.4,11.5,0.9,False,False,cross_sectional_primary
20260827,STOXX600,GALD.SW,Healthcare,fwd_pe,31.698765,16.0073,,16.0073,,False,cross_sectional,-2.5,46.5,-0.0,44.0,0.9,True,True,cross_sectional_primary
20260827,STOXX600,SDZ.SW,Healthcare,fwd_pe,19.09003,16.0073,27.0,16.0073,-40.7,True,cross_sectional,-2.1,-25.0,-0.6,-27.8,0.9,True,False,cross_sectional_primary
20260827,STOXX600,TSCO.L,Consumer Defensive,fwd_pe,13.676053,15.5731,20.5,15.5731,-24.0,False,cross_sectional,6.7,39.7,4.1,50.5,1.0,True,False,cross_sectional_primary
20260827,STOXX600,ADYEN.AS,Technology,fwd_pe,22.932178,18.9306,50.1,18.9306,-62.2,True,cross_sectional,-2.3,12.9,-0.7,9.9,0.9,False,False,cross_sectional_primary
20260827,STOXX600,SIKA.SW,Basic Materials,ev_ebitda,18.79,14.182,,14.182,,False,cross_sectional,-2.5,-0.6,-0.0,-3.1,0.9,False,True,cross_sectional_primary
20260827,STOXX600,ORA.PA,Communication Services,fwd_pe,13.182168,13.9348,10.7,13.9348,30.2,True,cross_sectional,0.0,-9.0,0.0,-9.0,0.7,False,False,cross_sectional_primary
20260827,STOXX600,OR.PA,Consumer Defensive,fwd_pe,25.699842,15.5731,30.6,15.5731,-49.1,True,cross_sectional,-2.5,5.4,0.2,3.1,0.9,False,True,cross_sectional_primary
20260827,STOXX600,ALC.SW,Healthcare,fwd_pe,16.523333,16.0073,34.7,16.0073,-53.9,True,cross_sectional,0.0,20.1,0.0,20.1,0.7,False,False,cross_sectional_primary
20260827,STOXX600,ASSA-B.ST,Industrials,ev_ebitda,15.98,15.326,,15.326,,False,cross_sectional,0.0,15.9,0.0,15.9,0.9,False,False,cross_sectional_primary
20260827,STOXX600,EXPN.L,Industrials,ev_ebitda,12.592,15.326,,15.326,,False,cross_sectional,10.0,23.0,-0.1,33.0,0.9,False,True,cross_sectional_primary
20260827,STOXX600,ADS.DE,Consumer Cyclical,fwd_pe,12.927994,14.8614,36.9,14.8614,-59.7,True,cross_sectional,7.2,-2.4,-0.0,4.8,0.9,False,False,cross_sectional_primary
20260827,STOXX600,VWS.CO,Industrials,ev_ebitda,,15.326,,15.326,,False,UNMEASURED,,49.5,0.3,49.8,0.7,True,False,cross_sectional_primary
20260827,STOXX600,AD.AS,Consumer Defensive,fwd_pe,10.487956,15.5731,12.9,15.5731,20.7,False,cross_sectional,10.0,-0.2,3.2,13.0,1.0,False,True,cross_sectional_primary
20260827,STOXX600,UCB.BR,Healthcare,fwd_pe,15.933879,16.0073,31.4,16.0073,-49.0,True,cross_sectional,0.0,46.6,0.3,46.9,0.9,True,False,cross_sectional_primary
20260827,STOXX600,GIVN.SW,Basic Materials,ev_ebitda,22.608,14.182,,14.182,,False,cross_sectional,-2.5,-20.0,-0.1,-22.6,0.9,False,True,cross_sectional_primary
20260827,STOXX600,VOD.L,Communication Services,fwd_pe,10.8860855,13.9348,8.9,13.9348,56.6,True,cross_sectional,10.0,13.4,5.9,29.3,0.7,False,True,cross_sectional_primary
20260827,STOXX600,FER.AS,Industrials,ev_ebitda,29.451,15.326,,15.326,,False,cross_sectional,-2.5,-25.0,0.7,-26.8,0.9,True,True,cross_sectional_primary
20260827,STOXX600,AMS.MC,Technology,fwd_pe,14.811259,18.9306,24.1,18.9306,-21.4,False,cross_sectional,10.0,-2.6,2.1,9.5,1.0,False,True,cross_sectional_primary
20260827,STOXX600,HO.PA,Industrials,ev_ebitda,16.903,15.326,,15.326,,False,cross_sectional,0.0,-25.0,0.8,-24.2,0.9,True,False,cross_sectional_primary
20260827,STOXX600,VIE.PA,Industrials,ev_ebitda,8.963,15.326,,15.326,,False,cross_sectional,10.0,5.6,-0.1,15.5,0.9,False,True,cross_sectional_primary
20260827,STOXX600,LDO.MI,Industrials,ev_ebitda,15.427,15.326,,15.326,,False,cross_sectional,0.0,44.9,-0.1,44.7,0.9,True,False,cross_sectional_primary
20260827,STOXX600,ACS.MC,Industrials,ev_ebitda,12.256,15.326,,15.326,,False,cross_sectional,10.0,5.0,2.4,17.4,0.9,False,True,cross_sectional_primary
20260827,STOXX600,NSIS-B.CO,Basic Materials,ev_ebitda,,14.182,,14.182,,False,UNMEASURED,,26.3,-10.0,16.3,0.7,False,False,cross_sectional_primary
20260827,STOXX600,KNEBV.HE,Industrials,ev_ebitda,17.615,15.326,,15.326,,False,cross_sectional,-1.7,-13.2,-0.1,-15.0,0.9,False,False,cross_sectional_primary
20260827,STOXX600,IHG.L,Consumer Cyclical,fwd_pe,25.28978,14.8614,0.3,14.8614,4853.8,True,cross_sectional,-2.5,-5.4,4.3,-3.6,0.9,False,True,cross_sectional_primary
20260827,STOXX600,HEIA.AS,Consumer Defensive,fwd_pe,12.63582,15.5731,20.8,15.5731,-25.1,True,cross_sectional,10.0,39.8,0.6,50.5,0.9,True,True,cross_sectional_primary
20260827,STOXX600,HEI.DE,Basic Materials,ev_ebitda,9.547,14.182,,14.182,,False,cross_sectional,10.0,8.8,2.0,20.8,0.9,False,True,cross_sectional_primary
20260827,STOXX600,NXT.L,Consumer Cyclical,fwd_pe,17.714716,14.8614,17.7,14.8614,-16.0,False,cross_sectional,-2.1,24.7,1.3,23.9,1.0,False,False,cross_sectional_primary
20260827,STOXX600,AENA.MC,Industrials,ev_ebitda,12.581,15.326,,15.326,,False,cross_sectional,10.0,11.9,0.0,21.9,0.9,False,True,cross_sectional_primary
20260827,STOXX600,RYA.IR,Industrials,ev_ebitda,6.505,15.326,,15.326,,False,cross_sectional,10.0,-25.0,3.6,-11.4,0.9,True,True,cross_sectional_primary
20260827,STOXX600,HEXA-B.ST,Technology,fwd_pe,18.930582,18.9306,335.3,18.9306,-94.4,True,cross_sectional,0.0,6.9,0.0,6.9,0.7,False,False,cross_sectional_primary
20260827,STOXX600,SAAB-B.ST,Industrials,ev_ebitda,32.083,15.326,,15.326,,False,cross_sectional,-2.5,35.0,-0.2,32.3,0.9,False,True,cross_sectional_primary
20260827,STOXX600,MTX.DE,Industrials,ev_ebitda,14.056,15.326,,15.326,,False,cross_sectional,0.0,-15.4,-0.0,-15.4,0.9,False,False,cross_sectional_primary
20260827,STOXX600,CAP.PA,Technology,fwd_pe,7.8222265,18.9306,16.1,18.9306,17.6,False,cross_sectional,10.0,-25.0,0.6,-14.4,1.0,True,True,cross_sectional_primary
20260827,STOXX600,FRE.F,Healthcare,fwd_pe,11.632436,16.0073,20.7,16.0073,-22.7,False,cross_sectional,10.0,17.2,0.0,27.2,1.0,False,True,cross_sectional_primary
20260827,STOXX600,PHIA.AS,Healthcare,fwd_pe,13.658345,16.0073,,16.0073,,False,cross_sectional,8.3,41.3,-0.7,48.9,0.9,True,False,cross_sectional_primary
20260827,STOXX600,GMAB.CO,Healthcare,fwd_pe,20.022343,16.0073,178.7,16.0073,-91.0,True,cross_sectional,-2.5,-9.4,2.5,-9.4,0.9,False,True,cross_sectional_primary
20260827,STOXX600,SCMN.SW,Communication Services,fwd_pe,20.39197,13.9348,14.9,13.9348,-6.5,False,cross_sectional,-2.5,29.3,0.0,26.8,1.0,False,True,cross_sectional_primary
20260827,STOXX600,SGSN.SW,Industrials,ev_ebitda,17.286,15.326,,15.326,,False,cross_sectional,-1.5,-3.7,-0.1,-5.2,0.9,False,False,cross_sectional_primary
20260827,STOXX600,WKL.AS,Industrials,ev_ebitda,9.997,15.326,,15.326,,False,cross_sectional,10.0,8.9,2.9,21.8,0.9,False,True,cross_sectional_primary
20260827,STOXX600,DSY.PA,Technology,fwd_pe,16.127422,18.9306,41.6,18.9306,-54.5,True,cross_sectional,8.3,30.3,0.3,39.0,0.9,False,False,cross_sectional_primary
20260827,STOXX600,UMG.AS,Communication Services,fwd_pe,13.285727,13.9348,30.9,13.9348,-54.9,True,cross_sectional,0.0,-25.0,-0.3,-25.3,0.9,True,False,cross_sectional_primary
20260827,STOXX600,HLMA.L,Industrials,ev_ebitda,23.164,15.326,,15.326,,False,cross_sectional,-2.5,16.0,-0.1,13.4,0.9,False,True,cross_sectional_primary
20260827,STOXX600,KPN.AS,Communication Services,fwd_pe,15.027051,13.9348,14.2,13.9348,-1.9,False,cross_sectional,0.0,0.0,1.9,1.9,1.0,False,False,cross_sectional_primary
20260827,STOXX600,KRX.IR,Industrials,ev_ebitda,17.409,15.326,,15.326,,False,cross_sectional,-1.5,4.9,0.1,3.5,0.9,False,False,cross_sectional_primary
20260827,STOXX600,DSFIR.AS,Basic Materials,ev_ebitda,21.327,14.182,,14.182,,False,cross_sectional,-2.5,-25.0,-5.4,-32.9,0.9,True,True,cross_sectional_primary
20260827,STOXX600,VOW3.DE,Consumer Cyclical,fwd_pe,3.0651574,14.8614,3.3,14.8614,350.3,True,cross_sectional,10.0,-25.0,0.0,-15.0,0.9,True,True,cross_sectional_primary
20260827,STOXX600,EPI-A.ST,Industrials,ev_ebitda,23.274,15.326,,15.326,,False,cross_sectional,-2.5,15.8,-0.1,13.2,0.9,False,True,cross_sectional_primary
20260827,STOXX600,ALFA.ST,Industrials,ev_ebitda,18.502,15.326,,15.326,,False,cross_sectional,-2.2,0.7,0.0,-1.5,0.9,False,False,cross_sectional_primary
20260827,STOXX600,ESSITY-B.ST,Consumer Defensive,fwd_pe,21.111952,15.5731,15.3,15.5731,1.8,False,cross_sectional,-2.5,-10.3,1.0,-11.8,1.0,False,True,cross_sectional_primary
20260827,STOXX600,WRT1V.HE,Industrials,ev_ebitda,18.52,15.326,,15.326,,False,cross_sectional,-2.3,7.8,-0.2,5.3,0.9,False,False,cross_sectional_primary
20260827,STOXX600,RI.PA,Consumer Defensive,fwd_pe,11.348473,15.5731,16.3,15.5731,-4.5,False,cross_sectional,10.0,-18.0,1.0,-7.0,1.0,False,True,cross_sectional_primary
20260827,STOXX600,INF.L,Communication Services,fwd_pe,13.530265,13.9348,30.9,13.9348,-54.9,True,cross_sectional,0.0,13.2,3.4,16.6,0.7,False,False,cross_sectional_primary
20260827,STOXX600,ENX.PA,Financial Services,fwd_pe,18.45753,15.7557,17.0,15.7557,-7.3,False,cross_sectional,-1.9,18.1,1.6,17.8,1.0,False,False,cross_sectional_primary
20260827,STOXX600,EN.PA,Industrials,ev_ebitda,6.358,15.326,,15.326,,False,cross_sectional,10.0,12.6,-0.9,21.7,0.9,False,True,cross_sectional_primary
20260827,STOXX600,PST.MI,Industrials,ev_ebitda,24.537,15.326,,15.326,,False,cross_sectional,-2.5,-5.8,0.0,-8.3,0.9,False,True,cross_sectional_primary
20260827,STOXX600,UU.L,Utilities,ev_ebitda,12.747,12.69,,12.69,,False,cross_sectional,0.0,46.0,-0.0,46.0,0.9,True,False,cross_sectional_primary
20260827,STOXX600,SY1.DE,Basic Materials,ev_ebitda,20.091,14.182,,14.182,,False,cross_sectional,-2.5,-0.4,0.0,-2.9,0.9,False,True,cross_sectional_primary
20260827,STOXX600,SRG.MI,Utilities,ev_ebitda,12.633,12.69,,12.69,,False,cross_sectional,0.0,26.3,-0.1,26.2,0.9,False,False,cross_sectional_primary
20260827,STOXX600,LOGN.SW,Technology,fwd_pe,16.62917,18.9306,19.2,18.9306,-1.4,False,cross_sectional,6.7,42.1,3.2,52.0,1.0,True,False,cross_sectional_primary
20260827,STOXX600,STMN.SW,Healthcare,fwd_pe,24.377111,16.0073,60.9,16.0073,-73.7,True,cross_sectional,-2.5,5.8,0.0,3.3,0.7,False,True,cross_sectional_primary
20260827,STOXX600,IAG.L,Industrials,ev_ebitda,3.818,15.326,,15.326,,False,cross_sectional,10.0,-25.0,2.3,-12.7,0.9,True,True,cross_sectional_primary
20260827,STOXX600,SGE.L,Technology,fwd_pe,18.6034,18.9306,34.9,18.9306,-45.8,True,cross_sectional,0.0,14.3,2.1,16.4,0.9,False,False,cross_sectional_primary
20260827,STOXX600,FGR.PA,Industrials,ev_ebitda,5.907,15.326,,15.326,,False,cross_sectional,10.0,7.0,0.9,17.9,0.9,False,True,cross_sectional_primary
20260827,STOXX600,DPLM.L,Industrials,ev_ebitda,25.777,15.326,,15.326,,False,cross_sectional,-2.5,4.5,-1.7,0.3,0.9,False,True,cross_sectional_primary
20260827,STOXX600,CCH.L,Consumer Defensive,fwd_pe,16.660732,15.5731,14.8,15.5731,5.2,False,cross_sectional,0.0,11.1,0.6,11.7,1.0,False,False,cross_sectional_primary
20260827,STOXX600,METSO.HE,Industrials,ev_ebitda,18.755,15.326,,15.326,,False,cross_sectional,-2.4,44.4,-0.1,41.9,0.9,True,False,cross_sectional_primary
20260827,STOXX600,NHY.OL,Basic Materials,ev_ebitda,3.95,14.182,,14.182,,False,cross_sectional,10.0,47.5,1.5,59.0,0.9,True,True,cross_sectional_primary
20260827,STOXX600,SN.L,Healthcare,fwd_pe,11.985809,16.0073,28.3,16.0073,-43.4,True,cross_sectional,10.0,5.7,0.0,15.7,0.9,False,True,cross_sectional_primary
20260827,STOXX600,MONC.MI,Consumer Cyclical,fwd_pe,18.177132,14.8614,21.8,14.8614,-31.8,True,cross_sectional,-2.4,7.1,-0.3,4.4,0.9,False,False,cross_sectional_primary
20260827,STOXX600,CARL-B.CO,Consumer Defensive,fwd_pe,12.662017,15.5731,13.7,15.5731,13.7,False,cross_sectional,10.0,13.0,1.4,24.4,1.0,False,True,cross_sectional_primary
20260827,STOXX600,RTO.L,Industrials,ev_ebitda,9.892,15.326,,15.326,,False,cross_sectional,10.0,4.2,-0.2,14.0,0.9,False,True,cross_sectional_primary
20260827,STOXX600,CA.PA,Consumer Defensive,fwd_pe,8.475255,15.5731,8.9,15.5731,75.0,True,cross_sectional,10.0,6.6,2.4,18.9,0.7,False,True,cross_sectional_primary
20260827,STOXX600,BVI.PA,Industrials,ev_ebitda,11.801,15.326,,15.326,,False,cross_sectional,10.0,-25.0,0.3,-14.7,0.9,False,True,cross_sectional_primary
20260827,STOXX600,LISP.SW,Consumer Defensive,fwd_pe,26.13987,15.5731,34.8,15.5731,-55.2,True,cross_sectional,-2.5,4.1,0.6,2.2,0.9,False,True,cross_sectional_primary
20260827,STOXX600,G1A.DE,Industrials,ev_ebitda,14.489,15.326,,15.326,,False,cross_sectional,0.0,13.8,2.7,16.5,0.9,False,False,cross_sectional_primary
20260827,STOXX600,ALE.WA,Consumer Cyclical,fwd_pe,22.497461,14.8614,29.1,14.8614,-48.9,True,cross_sectional,-2.5,18.8,0.6,16.9,0.7,False,True,cross_sectional_primary
20260827,STOXX600,EVO.ST,Consumer Cyclical,fwd_pe,11.688746,14.8614,194.7,14.8614,-92.4,True,cross_sectional,10.0,4.3,3.3,17.6,0.9,False,True,cross_sectional_primary
20260827,STOXX600,SOBI.ST,Healthcare,fwd_pe,29.993568,16.0073,32.6,16.0073,-50.9,True,cross_sectional,-2.5,42.9,-3.3,37.1,0.9,True,True,cross_sectional_primary
20260827,STOXX600,COLO-B.CO,Healthcare,fwd_pe,17.42201,16.0073,33.4,16.0073,-52.1,True,cross_sectional,0.0,43.9,-2.8,41.1,0.9,True,False,cross_sectional_primary
20260827,STOXX600,MKS.L,Consumer Cyclical,fwd_pe,11.093777,14.8614,20.8,14.8614,-28.6,True,cross_sectional,10.0,49.8,-0.9,58.8,0.9,True,True,cross_sectional_primary
20260827,STOXX600,AC.PA,Consumer Cyclical,fwd_pe,17.886173,14.8614,17.1,14.8614,-13.1,False,cross_sectional,-2.2,-25.0,2.5,-24.7,1.0,True,False,cross_sectional_primary
20260827,STOXX600,WSE,Technology,fwd_pe,19.063675,18.9306,30.7,18.9306,-38.3,True,cross_sectional,0.0,-4.5,0.9,-3.6,0.9,False,False,cross_sectional_primary
20260827,STOXX600,WEIR.L,Industrials,ev_ebitda,17.134,15.326,,15.326,,False,cross_sectional,-1.4,15.6,0.0,14.3,0.9,False,False,cross_sectional_primary
20260827,STOXX600,ORNBV.HE,Healthcare,fwd_pe,17.125296,16.0073,18.0,16.0073,-11.1,False,cross_sectional,0.0,42.6,-0.1,42.5,1.0,True,False,cross_sectional_primary
20260827,STOXX600,MOWI.OL,Consumer Defensive,fwd_pe,14.355589,15.5731,184.9,15.5731,-91.6,True,cross_sectional,0.0,13.2,-0.2,13.0,0.7,False,False,cross_sectional_primary
20260827,STOXX600,MICC.AS,Consumer Defensive,fwd_pe,16.130413,15.5731,15.9,15.5731,-2.1,False,cross_sectional,0.0,7.9,-0.3,7.6,0.8,False,False,cross_sectional_primary
20260827,STOXX600,BEAN.SW,Industrials,ev_ebitda,35.597,15.326,,15.326,,False,cross_sectional,-2.5,23.2,-0.0,20.7,0.9,False,True,cross_sectional_primary
20260827,STOXX600,SKA-B.ST,Industrials,ev_ebitda,13.039,15.326,,15.326,,False,cross_sectional,8.4,39.4,-0.0,47.8,0.9,True,False,cross_sectional_primary
20260827,STOXX600,IMI.L,Industrials,ev_ebitda,14.787,15.326,,15.326,,False,cross_sectional,0.0,25.7,1.9,27.7,0.9,False,False,cross_sectional_primary
20260827,STOXX600,TEL2-B.ST,Communication Services,fwd_pe,25.80938,13.9348,16.5,13.9348,-15.5,False,cross_sectional,-2.5,1.2,-0.1,-1.4,1.0,False,True,cross_sectional_primary
20260827,STOXX600,RXL.PA,Technology,fwd_pe,12.624151,18.9306,12.5,18.9306,51.4,True,cross_sectional,10.0,29.7,1.1,40.7,0.9,False,True,cross_sectional_primary
20260827,STOXX600,PNDORA.CO,Consumer Cyclical,fwd_pe,17.519415,14.8614,12.7,14.8614,17.0,False,cross_sectional,-2.0,13.6,5.3,16.9,1.0,False,False,cross_sectional_primary
20260827,STOXX600,ERF.PA,Healthcare,fwd_pe,15.428224,16.0073,23.6,16.0073,-32.2,True,cross_sectional,0.0,27.7,2.9,30.7,0.9,False,False,cross_sectional_primary
20260827,STOXX600,TREL-B.ST,Industrials,ev_ebitda,14.373,15.326,,15.326,,False,cross_sectional,0.0,20.1,4.5,24.6,0.9,False,False,cross_sectional_primary
20260827,STOXX600,FME.DE,Healthcare,fwd_pe,9.231947,16.0073,16.2,16.0073,-1.2,False,cross_sectional,10.0,5.5,0.4,15.9,1.0,False,True,cross_sectional_primary
20260827,STOXX600,HEIO.AS,Consumer Defensive,fwd_pe,10.694007,15.5731,17.4,15.5731,-10.5,False,cross_sectional,10.0,5.9,0.5,16.4,1.0,False,True,cross_sectional_primary
20260827,STOXX600,SPIE.PA,Industrials,ev_ebitda,12.694,15.326,,15.326,,False,cross_sectional,9.9,9.9,-1.1,18.7,0.7,False,False,cross_sectional_primary
20260827,STOXX600,GTT.PA,Energy,ev_ebitda,13.641,9.01,,9.01,,False,cross_sectional,-2.5,16.6,-0.1,14.0,0.9,False,True,cross_sectional_primary
20260827,STOXX600,ACLN.SW,Industrials,ev_ebitda,21.25,15.326,,15.326,,False,cross_sectional,-2.5,36.8,-0.1,34.1,0.9,False,True,cross_sectional_primary
20260827,STOXX600,HM-B.ST,Consumer Cyclical,fwd_pe,19.881355,14.8614,26.7,14.8614,-44.3,True,cross_sectional,-2.5,0.7,0.8,-1.0,0.9,False,True,cross_sectional_primary
20260827,STOXX600,HOT.DE,Industrials,ev_ebitda,19.733,15.326,,15.326,,False,cross_sectional,-2.5,38.4,-0.0,35.8,0.9,False,True,cross_sectional_primary
20260827,STOXX600,TEN.MI,Energy,ev_ebitda,7.766,9.01,,9.01,,False,cross_sectional,7.7,-4.9,5.4,8.2,0.9,False,False,cross_sectional_primary
20260827,STOXX600,BEI.DE,Consumer Defensive,fwd_pe,19.71068,15.5731,31.3,15.5731,-50.2,True,cross_sectional,-2.5,1.9,0.4,-0.2,0.9,False,True,cross_sectional_primary
20260827,STOXX600,SUBC.OL,Energy,price_fcf,84.2367033840464,20.5057,,20.5057,,False,cross_sectional,-2.5,44.5,0.2,42.3,0.9,True,True,cross_sectional_primary
20260827,STOXX600,DHER.DE,Consumer Cyclical,fwd_pe,48.45022,14.8614,,14.8614,,False,cross_sectional,-2.5,9.8,-5.5,1.8,0.7,False,True,cross_sectional_primary
20260827,STOXX600,GAW.L,Consumer Cyclical,fwd_pe,28.35151,14.8614,29.4,14.8614,-49.5,True,cross_sectional,-2.5,-0.6,-0.2,-3.3,0.9,False,True,cross_sectional_primary
20260827,STOXX600,SBRY.L,Consumer Defensive,fwd_pe,12.328919,15.5731,26.8,15.5731,-41.9,True,cross_sectional,10.0,28.9,0.4,39.4,0.9,False,True,cross_sectional_primary
20260827,STOXX600,KBX.DE,Consumer Cyclical,fwd_pe,19.573845,14.8614,20.2,14.8614,-26.4,True,cross_sectional,-2.5,28.0,0.0,25.5,0.9,False,True,cross_sectional_primary
20260827,STOXX600,EDEN.PA,Financial Services,fwd_pe,12.302178,15.7557,21.6,15.7557,-27.1,True,cross_sectional,10.0,-6.3,2.7,6.4,0.9,False,True,cross_sectional_primary
20260827,STOXX600,SECU-B.ST,Industrials,ev_ebitda,9.238,15.326,,15.326,,False,cross_sectional,10.0,12.3,0.0,22.3,0.9,False,True,cross_sectional_primary
20260827,STOXX600,ORK.OL,Consumer Defensive,fwd_pe,13.895896,15.5731,11.4,15.5731,36.6,True,cross_sectional,5.9,-25.0,-0.1,-19.2,0.9,True,False,cross_sectional_primary
20260827,STOXX600,NKT.CO,Industrials,ev_ebitda,,15.326,,15.326,,False,UNMEASURED,,-2.0,-3.4,-5.4,0.7,False,False,cross_sectional_primary
20260827,STOXX600,MRO.L,Industrials,ev_ebitda,12.876,15.326,,15.326,,False,cross_sectional,9.1,-25.0,4.7,-11.2,0.9,True,False,cross_sectional_primary
20260827,STOXX600,LIFCO-B.ST,Industrials,ev_ebitda,21.816,15.326,,15.326,,False,cross_sectional,-2.5,17.8,0.0,15.3,0.9,False,True,cross_sectional_primary
20260827,STOXX600,ELI.BR,Utilities,ev_ebitda,11.056,12.69,,12.69,,False,cross_sectional,7.1,10.0,-10.0,7.1,0.9,False,False,cross_sectional_primary
20260827,STOXX600,KCR.HE,Industrials,ev_ebitda,11.866,15.326,,15.326,,False,cross_sectional,10.0,-9.5,0.0,0.5,0.9,False,True,cross_sectional_primary
20260827,STOXX600,LPP.WA,Consumer Cyclical,fwd_pe,16.536583,14.8614,24.1,14.8614,-38.3,True,cross_sectional,-1.3,36.0,-0.1,34.6,0.9,False,False,cross_sectional_primary
20260827,STOXX600,IDR.MC,Technology,fwd_pe,18.75366,18.9306,11.9,18.9306,59.1,True,cross_sectional,0.0,-6.9,3.5,-3.4,0.9,False,False,cross_sectional_primary
20260827,STOXX600,SPX.L,Industrials,ev_ebitda,15.585,15.326,,15.326,,False,cross_sectional,0.0,40.2,-0.1,40.1,0.9,True,False,cross_sectional_primary
20260827,STOXX600,KESKOB.HE,Consumer Defensive,fwd_pe,16.982725,15.5731,15.2,15.5731,2.5,False,cross_sectional,0.0,10.3,-0.0,10.3,1.0,False,False,cross_sectional_primary
20260827,STOXX600,REC.MI,Healthcare,fwd_pe,13.941799,16.0073,24.2,16.0073,-33.9,True,cross_sectional,7.2,27.9,-0.0,35.1,0.9,False,False,cross_sectional_primary
20260827,STOXX600,INDT.ST,Industrials,ev_ebitda,19.419,15.326,,15.326,,False,cross_sectional,-2.5,22.7,-0.0,20.2,0.9,False,True,cross_sectional_primary
20260827,STOXX600,RNO.PA,Consumer Cyclical,fwd_pe,4.1396194,14.8614,10.0,14.8614,48.6,True,cross_sectional,10.0,1.8,0.3,12.1,0.7,False,True,cross_sectional_primary
20260827,STOXX600,IPN.PA,Healthcare,fwd_pe,11.935406,16.0073,17.9,16.0073,-10.6,False,cross_sectional,10.0,21.5,-0.0,31.5,1.0,False,True,cross_sectional_primary
20260827,STOXX600,G24.DE,Communication Services,fwd_pe,16.721214,13.9348,26.3,13.9348,-47.0,True,cross_sectional,-2.2,42.2,1.1,41.1,0.9,True,False,cross_sectional_primary
20260827,STOXX600,LTMC.MI,Consumer Cyclical,fwd_pe,11.116779,14.8614,31.4,14.8614,-52.7,True,cross_sectional,10.0,48.1,-3.3,54.8,0.9,True,True,cross_sectional_primary
20260827,STOXX600,SPM.MI,Energy,ev_ebitda,9.01,9.01,,9.01,,False,cross_sectional,0.0,-25.0,-10.0,-35.0,0.9,True,False,cross_sectional_primary
20260827,STOXX600,FRO,Energy,ev_ebitda,9.685,9.01,,9.01,,False,cross_sectional,0.0,49.7,0.0,49.7,0.9,True,False,cross_sectional_primary
20260827,STOXX600,IMCD.AS,Basic Materials,ev_ebitda,14.182,14.182,,14.182,,False,cross_sectional,0.0,10.0,-0.3,9.7,0.9,False,False,cross_sectional_primary
20260827,STOXX600,ISS.CO,Industrials,ev_ebitda,13.013,15.326,,15.326,,False,cross_sectional,8.5,26.7,5.2,40.4,0.9,False,False,cross_sectional_primary
20260827,STOXX600,ALO.PA,Industrials,ev_ebitda,7.956,15.326,,15.326,,False,cross_sectional,10.0,-25.0,-10.0,-25.0,0.9,True,True,cross_sectional_primary
20260827,STOXX600,IG.MI,Utilities,ev_ebitda,10.059,12.69,,12.69,,False,cross_sectional,10.0,1.4,-4.5,6.9,0.9,False,True,cross_sectional_primary
20260827,STOXX600,ACKB.BR,Industrials,ev_ebitda,8.488,15.326,,15.326,,False,cross_sectional,10.0,23.0,0.7,33.7,0.9,False,True,cross_sectional_primary
20260827,STOXX600,CTEC.L,Healthcare,fwd_pe,13.690879,16.0073,33.3,16.0073,-51.9,True,cross_sectional,8.1,-25.0,0.4,-16.4,0.9,True,False,cross_sectional_primary
20260827,STOXX600,ZAL.DE,Consumer Cyclical,fwd_pe,12.544881,14.8614,49.5,14.8614,-70.0,True,cross_sectional,8.8,-21.6,-0.2,-13.0,0.9,False,False,cross_sectional_primary
20260827,STOXX600,ANDR.VI,Industrials,ev_ebitda,9.83,15.326,,15.326,,False,cross_sectional,10.0,6.7,0.7,17.4,0.9,False,True,cross_sectional_primary
20260827,STOXX600,NIBE-B.ST,Industrials,ev_ebitda,18.319,15.326,,15.326,,False,cross_sectional,-2.1,16.2,0.0,14.0,0.7,False,False,cross_sectional_primary
20260827,STOXX600,ELISA.HE,Communication Services,fwd_pe,14.321134,13.9348,17.2,13.9348,-19.0,False,cross_sectional,0.0,-1.8,-0.0,-1.8,1.0,False,False,cross_sectional_primary
20260827,STOXX600,BTRW.L,Consumer Cyclical,fwd_pe,13.502005,14.8614,19.6,14.8614,-24.2,False,cross_sectional,0.0,28.3,-10.0,18.3,1.0,False,False,cross_sectional_primary
20260827,STOXX600,HWDN.L,Consumer Cyclical,fwd_pe,14.5078,14.8614,17.2,14.8614,-13.6,False,cross_sectional,0.0,-1.6,0.3,-1.3,1.0,False,False,cross_sectional_primary
20260827,STOXX600,AM.PA,Industrials,ev_ebitda,13.332,15.326,,15.326,,False,cross_sectional,7.2,9.0,1.8,18.0,0.9,False,False,cross_sectional_primary
20260827,STOXX600,LOTB.BR,Consumer Defensive,fwd_pe,46.350338,15.5731,49.4,15.5731,-68.5,True,cross_sectional,-2.5,23.3,-0.0,20.8,0.9,False,True,cross_sectional_primary
20260827,STOXX600,HAG.DE,Industrials,ev_ebitda,34.902,15.326,,15.326,,False,cross_sectional,-2.5,25.1,-4.6,18.0,0.7,False,True,cross_sectional_primary
20260827,STOXX600,ANA.MC,Industrials,ev_ebitda,15.204,15.326,,15.326,,False,cross_sectional,0.0,-25.0,0.2,-24.8,0.9,True,False,cross_sectional_primary
20260827,STOXX600,BBY.L,Industrials,ev_ebitda,17.428,15.326,,15.326,,False,cross_sectional,-1.6,1.0,7.7,7.2,0.9,False,False,cross_sectional_primary
20260827,STOXX600,JMT.LS,Consumer Defensive,fwd_pe,13.555528,15.5731,18.6,15.5731,-16.3,False,cross_sectional,7.2,-2.5,0.1,4.8,1.0,False,False,cross_sectional_primary
20260827,STOXX600,GETI-B.ST,Healthcare,fwd_pe,22.340036,16.0073,25.1,16.0073,-36.2,True,cross_sectional,-2.5,41.2,-0.0,38.7,0.9,True,True,cross_sectional_primary
20260827,STOXX600,BEIJ-B.ST,Industrials,ev_ebitda,20.453,15.326,,15.326,,False,cross_sectional,-2.5,4.5,-2.0,-0.0,0.9,False,True,cross_sectional_primary
20260827,STOXX600,NDX1.DE,Industrials,ev_ebitda,9.579,15.326,,15.326,,False,cross_sectional,10.0,48.3,-3.2,55.0,0.9,True,True,cross_sectional_primary
20260827,STOXX600,WTB.L,Consumer Cyclical,fwd_pe,12.86496,14.8614,19.4,14.8614,-23.4,False,cross_sectional,7.5,8.2,5.6,21.3,0.8,False,False,cross_sectional_primary
20260827,STOXX600,LHA.DE,Industrials,ev_ebitda,5.179,15.326,,15.326,,False,cross_sectional,10.0,-25.0,-0.1,-15.1,0.9,True,True,cross_sectional_primary
20260827,STOXX600,FHZN.SW,Industrials,ev_ebitda,11.007,15.326,,15.326,,False,cross_sectional,10.0,5.8,0.0,15.8,0.9,False,True,cross_sectional_primary
20260827,STOXX600,ROR.L,Industrials,ev_ebitda,19.572,15.326,,15.326,,False,cross_sectional,-2.5,19.5,0.2,17.2,0.9,False,True,cross_sectional_primary
20260827,STOXX600,AVOL.SW,Consumer Cyclical,fwd_pe,11.445445,14.8614,49.2,14.8614,-69.8,True,cross_sectional,10.0,30.2,-2.4,37.8,0.9,False,True,cross_sectional_primary
20260827,STOXX600,GALE.SW,Healthcare,fwd_pe,19.635544,16.0073,19.9,16.0073,-19.6,False,cross_sectional,-2.4,-24.9,0.0,-27.3,1.0,False,False,cross_sectional_primary
20260827,STOXX600,MYCR.ST,Industrials,ev_ebitda,24.026,15.326,,15.326,,False,cross_sectional,-2.5,18.4,-0.0,15.9,0.9,False,True,cross_sectional_primary
20260827,STOXX600,TPRO.MI,Technology,fwd_pe,35.51517,18.9306,56.3,18.9306,-66.4,True,cross_sectional,-2.5,48.7,-3.3,43.0,0.9,True,True,cross_sectional_primary
20260827,STOXX600,SIGN.SW,Consumer Cyclical,fwd_pe,18.239231,14.8614,38.9,14.8614,-61.8,True,cross_sectional,-2.4,37.8,-2.4,33.0,0.9,False,False,cross_sectional_primary
20260827,STOXX600,SBMO.AS,Energy,ev_ebitda,7.579,9.01,,9.01,,False,cross_sectional,9.0,4.4,1.6,15.1,0.9,False,False,cross_sectional_primary
20260827,STOXX600,ELIS.PA,Industrials,ev_ebitda,6.335,15.326,,15.326,,False,cross_sectional,10.0,7.5,0.7,18.2,0.9,False,True,cross_sectional_primary
20260827,STOXX600,VALMT.HE,Industrials,ev_ebitda,9.195,15.326,,15.326,,False,cross_sectional,10.0,47.4,-0.0,57.3,0.9,True,True,cross_sectional_primary
20260827,STOXX600,NEM.DE,Technology,fwd_pe,23.195518,18.9306,50.4,18.9306,-62.4,True,cross_sectional,-2.4,26.3,0.0,23.9,0.9,False,False,cross_sectional_primary
20260827,STOXX600,TEMN.SW,Technology,fwd_pe,18.549437,18.9306,28.2,18.9306,-32.9,True,cross_sectional,0.0,-25.0,1.7,-23.3,0.9,True,False,cross_sectional_primary
20260827,STOXX600,AIXA.DE,Technology,fwd_pe,28.225925,18.9306,26.8,18.9306,-29.4,True,cross_sectional,-2.5,-5.6,-0.1,-8.2,0.9,False,True,cross_sectional_primary
20260827,STOXX600,LAGR-B.ST,Industrials,ev_ebitda,24.159,15.326,,15.326,,False,cross_sectional,-2.5,20.3,-0.1,17.7,0.9,False,True,cross_sectional_primary
20260827,STOXX600,ENT.L,Consumer Cyclical,fwd_pe,7.969194,14.8614,,14.8614,,False,cross_sectional,10.0,12.9,-2.3,20.6,0.7,False,True,cross_sectional_primary
20260827,STOXX600,AYV.PA,Industrials,ev_ebitda,13.472,15.326,,15.326,,False,cross_sectional,6.7,-2.6,-6.1,-2.0,0.9,False,False,cross_sectional_primary
20260827,STOXX600,DIE.BR,Consumer Cyclical,fwd_pe,11.265862,14.8614,18.5,14.8614,-19.7,False,cross_sectional,10.0,-11.8,0.1,-1.7,1.0,False,True,cross_sectional_primary
20260827,STOXX600,ENG.MC,Utilities,ev_ebitda,15.332,12.69,,12.69,,False,cross_sectional,-2.3,-25.0,-0.2,-27.5,0.9,True,False,cross_sectional_primary
20260827,STOXX600,BFT.WA,Consumer Cyclical,fwd_pe,124.13793,14.8614,17.0,14.8614,-12.6,False,cross_sectional,-2.5,37.4,-4.2,30.7,1.0,False,True,cross_sectional_primary
20260827,STOXX600,CCC.L,Technology,fwd_pe,22.326471,18.9306,14.9,18.9306,27.1,True,cross_sectional,-2.0,-2.0,3.8,-0.2,0.9,False,False,cross_sectional_primary
20260827,STOXX600,R3NK.DE,Industrials,ev_ebitda,21.024,15.326,,15.326,,False,cross_sectional,-2.5,-25.0,-0.0,-27.5,0.9,True,True,cross_sectional_primary
20260827,STOXX600,TE.PA,Energy,ev_ebitda,6.243,9.01,,9.01,,False,cross_sectional,10.0,-25.0,0.5,-14.5,0.9,True,True,cross_sectional_primary
20260827,STOXX600,DNP.WA,Consumer Defensive,fwd_pe,1.9856985,15.5731,29.0,15.5731,-46.3,True,cross_sectional,10.0,0.0,0.0,10.0,0.9,False,True,cross_sectional_primary
20260827,STOXX600,ALK-B.CO,Healthcare,fwd_pe,28.762634,16.0073,45.1,16.0073,-64.5,True,cross_sectional,-2.5,24.8,-0.1,22.2,0.9,False,True,cross_sectional_primary
20260827,STOXX600,CPR.MI,Consumer Defensive,fwd_pe,16.691793,15.5731,32.5,15.5731,-52.1,True,cross_sectional,0.0,-25.0,-5.5,-30.5,0.9,True,False,cross_sectional_primary
20260827,STOXX600,SALM.OL,Consumer Defensive,fwd_pe,16.081835,15.5731,21.6,15.5731,-27.9,True,cross_sectional,0.0,43.8,-1.0,42.8,0.9,True,False,cross_sectional_primary
20260827,STOXX600,BIM.PA,Healthcare,fwd_pe,15.852837,16.0073,30.2,16.0073,-47.0,True,cross_sectional,0.0,35.9,-0.1,35.8,0.9,False,False,cross_sectional_primary
20260827,STOXX600,ZAB.WA,Consumer Defensive,fwd_pe,20.154018,15.5731,44.5,15.5731,-65.0,True,cross_sectional,-2.5,20.8,-0.1,18.2,0.7,False,True,cross_sectional_primary
20260827,STOXX600,EVD.DE,Communication Services,fwd_pe,16.11866,13.9348,25.3,13.9348,-44.9,True,cross_sectional,-1.8,29.8,0.0,28.1,0.9,False,False,cross_sectional_primary
20260827,STOXX600,SECT-B.ST,Healthcare,fwd_pe,82.38095,16.0073,91.8,16.0073,-82.6,True,cross_sectional,-2.5,20.0,0.0,17.5,0.9,False,True,cross_sectional_primary
20260827,STOXX600,INCH.L,Consumer Cyclical,fwd_pe,8.314944,14.8614,10.7,14.8614,38.9,True,cross_sectional,10.0,-25.0,4.6,-10.4,0.9,True,True,cross_sectional_primary
20260827,STOXX600,TEP.PA,Industrials,ev_ebitda,5.126,15.326,,15.326,,False,cross_sectional,10.0,-11.6,-0.0,-1.6,0.9,False,True,cross_sectional_primary
20260827,STOXX600,CWK.L,Consumer Defensive,fwd_pe,15.9521675,15.5731,19.4,15.5731,-19.7,False,cross_sectional,0.0,16.0,-0.5,15.5,1.0,False,False,cross_sectional_primary
20260827,STOXX600,FTK.DE,Financial Services,fwd_pe,15.289066,15.7557,15.4,15.7557,2.3,False,cross_sectional,0.0,40.2,1.2,41.5,1.0,True,False,cross_sectional_primary
20260827,STOXX600,DEMANT.CO,Healthcare,fwd_pe,17.895266,16.0073,28.0,16.0073,-42.8,True,cross_sectional,-1.4,6.4,2.0,7.0,0.9,False,False,cross_sectional_primary
20260827,STOXX600,OCTV-SDB.ST,Technology,fwd_pe,125.28169,18.9306,168.7,18.9306,-88.8,True,cross_sectional,-2.5,8.4,0.0,5.9,0.5,False,True,cross_sectional_primary
20260827,STOXX600,SFZN.SW,Healthcare,fwd_pe,15.87693,16.0073,23.0,16.0073,-30.4,True,cross_sectional,0.0,4.0,-0.9,3.1,0.9,False,False,cross_sectional_primary
20260827,STOXX600,MTO.L,Industrials,ev_ebitda,10.98,15.326,,15.326,,False,cross_sectional,10.0,-25.0,1.6,-13.4,0.9,True,True,cross_sectional_primary
20260827,STOXX600,FR.PA,Consumer Cyclical,fwd_pe,6.7895083,14.8614,13.9,14.8614,6.9,False,cross_sectional,10.0,1.2,-0.2,11.0,1.0,False,True,cross_sectional_primary
20260827,STOXX600,AKER.OL,Industrials,ev_ebitda,5.429,15.326,,15.326,,False,cross_sectional,10.0,2.9,0.0,12.9,0.7,False,True,cross_sectional_primary
20260827,STOXX600,ADP.PA,Industrials,ev_ebitda,10.048,15.326,,15.326,,False,cross_sectional,10.0,48.1,0.0,58.1,0.9,True,True,cross_sectional_primary
20260827,STOXX600,NEXI.MI,Technology,fwd_pe,6.723372,18.9306,47.4,18.9306,-60.1,True,cross_sectional,10.0,29.2,1.1,40.3,0.9,False,True,cross_sectional_primary
20260827,STOXX600,ARCAD.AS,Industrials,ev_ebitda,14.008,15.326,,15.326,,False,cross_sectional,0.0,0.9,0.4,1.3,0.9,False,False,cross_sectional_primary
20260827,STOXX600,LOOMIS.ST,Industrials,ev_ebitda,8.227,15.326,,15.326,,False,cross_sectional,10.0,28.7,2.3,41.0,0.9,False,True,cross_sectional_primary
20260827,STOXX600,SRP.L,Industrials,ev_ebitda,12.321,15.326,,15.326,,False,cross_sectional,10.0,10.5,4.3,24.8,0.9,False,True,cross_sectional_primary
20260827,STOXX600,HIK.L,Healthcare,fwd_pe,8.985228,16.0073,12.4,16.0073,29.1,True,cross_sectional,10.0,-4.7,-0.1,5.2,0.9,False,True,cross_sectional_primary
20260827,STOXX600,RAA.DE,Industrials,ev_ebitda,19.063,15.326,,15.326,,False,cross_sectional,-2.5,15.3,0.0,12.8,0.9,False,True,cross_sectional_primary
20260827,STOXX600,TUI1.DE,Consumer Cyclical,fwd_pe,5.2862597,14.8614,8.4,14.8614,76.9,True,cross_sectional,10.0,-25.0,-10.0,-25.0,0.9,True,True,cross_sectional_primary
20260827,STOXX600,PIRC.MI,Consumer Cyclical,fwd_pe,11.475129,14.8614,9.9,14.8614,50.1,True,cross_sectional,10.0,-6.1,-0.3,3.6,0.9,False,True,cross_sectional_primary
20260827,STOXX600,BZU.MI,Basic Materials,ev_ebitda,5.886,14.182,,14.182,,False,cross_sectional,10.0,-15.3,1.1,-4.2,0.9,False,True,cross_sectional_primary
20260827,STOXX600,IFCN.SW,Technology,fwd_pe,30.966831,18.9306,23.8,18.9306,-20.5,False,cross_sectional,-2.5,27.5,-0.0,25.0,1.0,False,True,cross_sectional_primary
20260827,STOXX600,BC.MI,Consumer Cyclical,fwd_pe,33.509712,14.8614,54.5,14.8614,-72.7,True,cross_sectional,-2.5,3.8,0.0,1.3,0.9,False,True,cross_sectional_primary
20260827,STOXX600,SUN.SW,Industrials,ev_ebitda,11.019,15.326,,15.326,,False,cross_sectional,10.0,8.3,0.3,18.6,0.9,False,True,cross_sectional_primary
20260827,STOXX600,AAF.L,Communication Services,fwd_pe,13.548544,13.9348,7.3,13.9348,90.9,True,cross_sectional,0.0,27.0,0.7,27.7,0.9,False,False,cross_sectional_primary
20260827,STOXX600,SOP.PA,Technology,fwd_pe,8.922576,18.9306,11.8,18.9306,60.4,True,cross_sectional,10.0,5.3,2.4,17.7,0.9,False,True,cross_sectional_primary
20260827,STOXX600,BAMNB.AS,Industrials,ev_ebitda,8.015,15.326,,15.326,,False,cross_sectional,10.0,28.1,2.0,40.1,0.9,False,True,cross_sectional_primary
20260827,STOXX600,GRF.MC,Healthcare,fwd_pe,8.876315,16.0073,37.2,16.0073,-57.0,True,cross_sectional,10.0,31.1,-0.1,40.9,0.9,False,True,cross_sectional_primary
20260827,STOXX600,REY.MI,Technology,fwd_pe,14.626139,18.9306,21.3,18.9306,-11.1,False,cross_sectional,10.0,-13.6,0.0,-3.6,1.0,False,True,cross_sectional_primary
20260827,STOXX600,KGX.DE,Industrials,ev_ebitda,7.614,15.326,,15.326,,False,cross_sectional,10.0,18.9,0.0,28.9,0.9,False,True,cross_sectional_primary
20260827,STOXX600,DLG.MI,Consumer Cyclical,fwd_pe,15.811357,14.8614,16.8,14.8614,-11.5,False,cross_sectional,0.0,4.9,0.2,5.1,0.8,False,False,cross_sectional_primary
20260827,STOXX600,ZEAL.CO,Healthcare,fwd_pe,46.876335,16.0073,,16.0073,,False,cross_sectional,-2.5,-25.0,-10.0,-37.5,0.9,True,True,cross_sectional_primary
20260827,STOXX600,BC8.DE,Technology,fwd_pe,16.974104,18.9306,18.3,18.9306,3.4,False,cross_sectional,5.6,21.3,0.0,26.9,1.0,False,False,cross_sectional_primary
20260827,STOXX600,TCAP.L,Financial Services,fwd_pe,9.082623,15.7557,12.7,15.7557,24.1,False,cross_sectional,10.0,7.8,1.7,19.5,1.0,False,True,cross_sectional_primary
20260827,STOXX600,FDJU.PA,Consumer Cyclical,fwd_pe,8.457487,14.8614,16.8,14.8614,-11.5,False,cross_sectional,10.0,14.4,1.4,25.8,0.8,False,True,cross_sectional_primary
20260827,STOXX600,RBREW.CO,Consumer Defensive,fwd_pe,11.488538,15.5731,16.8,15.5731,-7.3,False,cross_sectional,10.0,3.8,-0.1,13.7,1.0,False,True,cross_sectional_primary
20260827,STOXX600,SFSN.SW,Industrials,ev_ebitda,11.049,15.326,,15.326,,False,cross_sectional,10.0,31.5,0.0,41.6,0.9,False,True,cross_sectional_primary
20260827,STOXX600,FPE3.DE,Basic Materials,ev_ebitda,9.099,14.182,,14.182,,False,cross_sectional,10.0,31.0,1.4,42.4,0.9,False,True,cross_sectional_primary
20260827,STOXX600,LATO-B.ST,Industrials,ev_ebitda,30.63,15.326,,15.326,,False,cross_sectional,-2.5,47.0,0.0,44.5,0.9,True,True,cross_sectional_primary
20260827,STOXX600,TOM.OL,Industrials,price_fcf,188.77069107080163,20.5057,,20.5057,,False,cross_sectional,-2.5,-0.4,-0.0,-2.9,0.9,False,True,cross_sectional_primary
20260827,STOXX600,GBF.DE,Industrials,ev_ebitda,8.407,15.326,,15.326,,False,cross_sectional,10.0,14.4,0.3,24.7,0.9,False,True,cross_sectional_primary
20260827,STOXX600,TGS.OL,Energy,ev_ebitda,41.722,9.01,,9.01,,False,cross_sectional,-2.5,16.0,-10.0,3.5,0.7,False,True,cross_sectional_primary
20260827,STOXX600,FRA.DE,Industrials,ev_ebitda,11.51,15.326,,15.326,,False,cross_sectional,10.0,-25.0,-0.0,-15.0,0.9,True,True,cross_sectional_primary
20260827,STOXX600,PNN.L,Utilities,ev_ebitda,13.489,12.69,,12.69,,False,cross_sectional,0.0,8.1,-10.0,-1.9,0.7,False,False,cross_sectional_primary
20260827,STOXX600,JD.L,Consumer Cyclical,fwd_pe,7.097244,14.8614,9.7,14.8614,53.2,True,cross_sectional,10.0,-14.4,0.4,-4.0,0.9,False,True,cross_sectional_primary
20260827,STOXX600,AXFO.ST,Consumer Defensive,fwd_pe,19.792,15.5731,23.5,15.5731,-33.7,True,cross_sectional,-2.5,3.5,0.0,1.0,0.9,False,True,cross_sectional_primary
20260827,STOXX600,VIS.MC,Consumer Cyclical,fwd_pe,14.861393,14.8614,15.9,14.8614,-6.5,False,cross_sectional,0.0,-1.3,0.7,-0.6,1.0,False,False,cross_sectional_primary
20260827,STOXX600,PUIG.MC,Consumer Defensive,fwd_pe,15.194034,15.5731,14.4,15.5731,8.1,False,cross_sectional,0.0,-4.4,-10.0,-14.4,1.0,False,False,cross_sectional_primary
20260827,STOXX600,KMAR.OL,Industrials,ev_ebitda,13.983,15.326,,15.326,,False,cross_sectional,0.0,14.8,0.0,14.8,0.7,False,False,cross_sectional_primary
20260827,STOXX600,THULE.ST,Consumer Cyclical,fwd_pe,14.394366,14.8614,22.9,14.8614,-35.1,True,cross_sectional,0.0,4.9,-1.2,3.7,0.9,False,False,cross_sectional_primary
20260827,STOXX600,SESG.PA,Communication Services,price_fcf,5.587568355555556,20.5057,,20.5057,,False,cross_sectional,10.0,23.8,2.9,36.7,0.7,False,True,cross_sectional_primary
20260827,NASDAQ,AAL,Industrials,ev_ebitda,10.833,18.754,,18.754,,False,cross_sectional,10.0,-25.0,4.2,-10.8,0.9,True,True,cross_sectional_primary
20260827,NASDAQ,AAON,Industrials,ev_ebitda,23.43,18.754,,18.754,,False,cross_sectional,-2.5,49.8,0.1,47.4,0.9,True,True,cross_sectional_primary
20260827,NASDAQ,AAPL,Technology,fwd_pe,32.861526,20.9944,33.1,20.9944,-36.6,True,cross_sectional,-2.5,28.7,2.6,28.8,0.9,False,True,cross_sectional_primary
20260827,NASDAQ,ABNB,Consumer Cyclical,fwd_pe,30.636131,16.5108,31.2,16.5108,-47.1,True,cross_sectional,-2.5,33.4,3.0,33.9,0.9,False,True,cross_sectional_primary
20260827,NASDAQ,ACAD,Healthcare,fwd_pe,33.23745,19.0787,12.6,19.0787,51.4,True,cross_sectional,-2.5,13.3,-1.8,9.0,0.9,False,True,cross_sectional_primary
20260827,NASDAQ,ACHC,Healthcare,fwd_pe,16.782465,19.0787,20.8,19.0787,-8.3,False,cross_sectional,6.6,-25.0,0.1,-18.2,1.0,True,False,cross_sectional_primary
20260827,NASDAQ,ACIW,Technology,fwd_pe,13.634961,20.9944,24.6,20.9944,-14.7,False,cross_sectional,10.0,49.7,1.9,61.6,1.0,True,True,cross_sectional_primary
20260827,NASDAQ,ADBE,Technology,fwd_pe,9.94784,20.9944,34.7,20.9944,-39.5,True,cross_sectional,10.0,7.9,3.5,21.4,0.9,False,True,cross_sectional_primary
20260827,NASDAQ,ADMA,Healthcare,fwd_pe,9.801527,19.0787,25.8,19.0787,-26.1,True,cross_sectional,10.0,18.6,-4.6,24.1,0.7,False,True,cross_sectional_primary
20260827,NASDAQ,ADP,Technology,fwd_pe,21.0017,20.9944,28.9,20.9944,-27.4,True,cross_sectional,0.0,9.8,0.8,10.6,0.9,False,False,cross_sectional_primary
20260827,NASDAQ,ADSK,Technology,fwd_pe,17.905424,20.9944,59.9,20.9944,-65.0,True,cross_sectional,8.3,49.8,0.2,58.3,0.9,True,False,cross_sectional_primary
20260827,NASDAQ,ADUS,Healthcare,fwd_pe,16.054766,19.0787,27.6,19.0787,-30.9,True,cross_sectional,9.0,24.2,-6.6,26.7,0.9,False,False,cross_sectional_primary
20260827,NASDAQ,AEP,Utilities,ev_ebitda,13.433,13.5275,,13.5275,,False,cross_sectional,0.0,-25.0,-1.6,-26.6,0.9,True,False,cross_sectional_primary
20260827,NASDAQ,AFRM,Financial Services,fwd_pe,20.33873,15.3748,,15.3748,,False,cross_sectional,-2.5,50.0,-7.5,40.0,0.9,True,True,cross_sectional_primary
20260827,NASDAQ,AGYS,Technology,fwd_pe,35.80164,20.9944,114.3,20.9944,-81.6,True,cross_sectional,-2.5,49.2,-2.8,43.8,0.9,True,True,cross_sectional_primary
20260827,NASDAQ,AKAM,Technology,fwd_pe,15.081246,20.9944,28.8,20.9944,-27.1,True,cross_sectional,10.0,-25.0,2.7,-12.3,0.9,True,True,cross_sectional_primary
20260827,NASDAQ,ALAB,Technology,fwd_pe,45.405632,20.9944,,20.9944,,False,cross_sectional,-2.5,49.7,-8.5,38.7,0.9,True,True,cross_sectional_primary
20260827,NASDAQ,ALGN,Healthcare,fwd_pe,12.681944,19.0787,41.6,19.0787,-54.1,True,cross_sectional,10.0,-12.1,2.6,0.5,0.9,False,True,cross_sectional_primary
20260827,NASDAQ,ALGT,Industrials,ev_ebitda,10.592,18.754,,18.754,,False,cross_sectional,10.0,48.4,-0.1,58.4,0.7,True,True,cross_sectional_primary
20260827,NASDAQ,ALHC,Healthcare,fwd_pe,18.47176,19.0787,,19.0787,,False,cross_sectional,0.0,49.6,-3.1,46.5,0.9,True,False,cross_sectional_primary
20260827,NASDAQ,ALKS,Healthcare,fwd_pe,26.889248,19.0787,13.6,19.0787,40.3,True,cross_sectional,-2.5,-25.0,0.3,-27.2,0.9,True,True,cross_sectional_primary
20260827,NASDAQ,ALKT,Technology,fwd_pe,18.726593,20.9944,,20.9944,,False,cross_sectional,5.9,34.5,-5.1,35.3,0.7,False,False,cross_sectional_primary
20260827,NASDAQ,ALNY,Healthcare,fwd_pe,18.987558,19.0787,,19.0787,,False,cross_sectional,0.0,33.0,-3.8,29.1,0.7,False,False,cross_sectional_primary
20260827,NASDAQ,ALRM,Technology,fwd_pe,18.472313,20.9944,34.0,20.9944,-38.3,True,cross_sectional,6.6,-23.4,-3.9,-20.7,0.9,False,False,cross_sectional_primary
20260827,NASDAQ,AMAT,Technology,fwd_pe,25.991573,20.9944,18.6,20.9944,12.9,False,cross_sectional,-2.5,42.6,2.2,42.4,1.0,False,True,cross_sectional_primary
20260827,NASDAQ,AMBA,Technology,fwd_pe,60.699562,20.9944,,20.9944,,False,cross_sectional,-2.5,36.2,-3.5,30.2,0.7,False,True,cross_sectional_primary
20260827,NASDAQ,AMD,Technology,fwd_pe,31.071903,20.9944,100.8,20.9944,-79.2,True,cross_sectional,-2.5,49.7,-0.3,46.8,0.9,True,True,cross_sectional_primary
20260827,NASDAQ,AMGN,Healthcare,fwd_pe,18.048504,19.0787,22.2,19.0787,-14.1,False,cross_sectional,0.0,48.4,-0.4,48.0,1.0,True,False,cross_sectional_primary
20260827,NASDAQ,AMRX,Healthcare,fwd_pe,15.495262,19.0787,,19.0787,,False,cross_sectional,10.0,49.7,-10.0,49.7,0.9,True,True,cross_sectional_primary
20260827,NASDAQ,AMZN,Consumer Cyclical,fwd_pe,25.049782,16.5108,39.7,16.5108,-58.4,True,cross_sectional,-2.5,49.8,-1.6,45.7,0.9,True,True,cross_sectional_primary
20260827,NASDAQ,APLD,Technology,fwd_pe,,20.9944,,20.9944,,False,UNMEASURED,,47.9,-10.0,37.9,0.5,True,False,cross_sectional_primary
20260827,NASDAQ,APP,Communication Services,fwd_pe,14.674148,12.8974,69.1,12.8974,-81.3,True,cross_sectional,-1.6,47.7,2.9,49.0,0.9,True,False,cross_sectional_primary
20260827,NASDAQ,APPF,Technology,fwd_pe,26.470726,20.9944,60.0,20.9944,-65.0,True,cross_sectional,-2.5,18.2,0.1,15.8,0.9,False,True,cross_sectional_primary
20260827,NASDAQ,APPN,Technology,fwd_pe,27.119291,20.9944,,20.9944,,False,cross_sectional,-2.5,24.9,-1.1,21.3,0.7,False,True,cross_sectional_primary
20260827,NASDAQ,ARGX,Healthcare,fwd_pe,26.689184,19.0787,45.5,19.0787,-58.1,True,cross_sectional,-2.5,49.3,-7.5,39.3,0.9,True,True,cross_sectional_primary
20260827,NASDAQ,ARM,Technology,fwd_pe,82.02324,20.9944,237.3,20.9944,-91.2,True,cross_sectional,-2.5,49.4,-1.1,45.8,0.9,True,True,cross_sectional_primary
20260827,NASDAQ,ARXS,Industrials,ev_ebitda,45.662,18.754,,18.754,,False,cross_sectional,-2.5,21.4,0.0,18.9,0.7,False,True,cross_sectional_primary
20260827,NASDAQ,ASML,Technology,fwd_pe,28.944185,20.9944,34.8,20.9944,-39.7,True,cross_sectional,-2.5,28.5,0.7,26.7,0.9,False,True,cross_sectional_primary
20260827,NASDAQ,ASND,Healthcare,fwd_pe,26.273602,19.0787,,19.0787,,False,cross_sectional,-2.5,-22.4,-3.8,-28.7,0.7,False,True,cross_sectional_primary
20260827,NASDAQ,ATAT,Consumer Cyclical,fwd_pe,12.8448305,16.5108,3.2,16.5108,416.0,True,cross_sectional,10.0,31.7,-0.5,41.2,0.9,False,True,cross_sectional_primary
20260827,NASDAQ,ATRC,Healthcare,fwd_pe,111.566605,19.0787,,19.0787,,False,cross_sectional,-2.5,41.5,-1.5,37.4,0.7,False,True,cross_sectional_primary
20260827,NASDAQ,ATRO,Industrials,ev_ebitda,24.722,18.754,,18.754,,False,cross_sectional,-2.5,50.0,-5.0,42.5,0.9,True,True,cross_sectional_primary
20260827,NASDAQ,AUPH,Healthcare,fwd_pe,15.506204,19.0787,116.1,19.0787,-83.6,True,cross_sectional,10.0,48.9,1.6,60.5,0.9,True,True,cross_sectional_primary
20260827,NASDAQ,AVAH,Healthcare,fwd_pe,15.396441,19.0787,,19.0787,,False,cross_sectional,10.0,38.5,-6.4,42.1,0.9,False,True,cross_sectional_primary
20260827,NASDAQ,AVGO,Technology,fwd_pe,18.243776,20.9944,52.2,20.9944,-59.8,True,cross_sectional,7.3,49.1,-6.6,49.8,0.9,True,False,cross_sectional_primary
20260827,NASDAQ,AVPT,Technology,fwd_pe,26.653484,20.9944,,20.9944,,False,cross_sectional,-2.5,50.0,-10.0,37.5,0.9,True,True,cross_sectional_primary
20260827,NASDAQ,AXGN,Healthcare,fwd_pe,74.34955,19.0787,,19.0787,,False,cross_sectional,-2.5,39.5,-3.6,33.4,0.7,False,True,cross_sectional_primary
20260827,NASDAQ,BATRA,Communication Services,fwd_pe,,12.8974,,12.8974,,False,UNMEASURED,,-1.8,-0.5,-2.3,0.5,False,False,cross_sectional_primary
20260827,NASDAQ,BATRK,Communication Services,fwd_pe,,12.8974,,12.8974,,False,UNMEASURED,,12.0,-0.5,11.5,0.5,False,False,cross_sectional_primary
20260827,NASDAQ,BCPC,Basic Materials,ev_ebitda,21.658,17.14,,17.14,,False,cross_sectional,-2.5,18.8,-0.2,16.1,0.9,False,True,cross_sectional_primary
20260827,NASDAQ,BCRX,Healthcare,fwd_pe,10.457447,19.0787,,19.0787,,False,cross_sectional,10.0,50.0,-6.6,53.3,0.9,True,True,cross_sectional_primary
20260827,NASDAQ,BELFA,Technology,fwd_pe,26.304619,20.9944,19.9,20.9944,5.5,False,cross_sectional,-2.5,-11.7,0.5,-13.7,1.0,False,True,cross_sectional_primary
20260827,NASDAQ,BELFB,Technology,fwd_pe,23.890707,20.9944,18.8,20.9944,11.7,False,cross_sectional,-1.6,-11.7,0.5,-12.7,1.0,False,False,cross_sectional_primary
20260827,NASDAQ,BGC,Financial Services,fwd_pe,7.555555,15.3748,32.6,15.3748,-52.8,True,cross_sectional,10.0,27.7,0.9,38.6,0.9,False,True,cross_sectional_primary
20260827,NASDAQ,BIDU,Communication Services,fwd_pe,11.628241,12.8974,4.0,12.8974,222.4,True,cross_sectional,5.3,-25.0,1.7,-18.0,0.9,True,False,cross_sectional_primary
20260827,NASDAQ,BILI,Communication Services,fwd_pe,11.863711,12.8974,,12.8974,,False,cross_sectional,0.0,24.4,-3.7,20.7,0.7,False,False,cross_sectional_primary
20260827,NASDAQ,BKR,Energy,ev_ebitda,12.596,7.353,,7.353,,False,cross_sectional,-2.5,-4.2,1.0,-5.7,0.9,False,True,cross_sectional_primary
20260827,NASDAQ,BLKB,Technology,fwd_pe,7.8877726,20.9944,1439.5,20.9944,-98.5,True,cross_sectional,10.0,43.3,5.0,58.3,0.9,False,True,cross_sectional_primary
20260827,NASDAQ,BMRN,Healthcare,fwd_pe,10.137547,19.0787,72.9,19.0787,-73.8,True,cross_sectional,10.0,-25.0,-1.5,-16.5,0.9,True,True,cross_sectional_primary
20260827,NASDAQ,BRKR,Healthcare,fwd_pe,23.71167,19.0787,34.3,19.0787,-44.4,True,cross_sectional,-2.5,10.7,-1.6,6.7,0.7,False,True,cross_sectional_primary
20260827,NASDAQ,BRKRP,Healthcare,fwd_pe,,19.0787,,19.0787,,False,UNMEASURED,,4.2,0.0,4.2,0.3,False,False,cross_sectional_primary
20260827,NASDAQ,BRZE,Technology,fwd_pe,31.797306,20.9944,,20.9944,,False,cross_sectional,-2.5,42.4,-4.9,35.0,0.7,False,True,cross_sectional_primary
20260827,NASDAQ,BSP,Technology,fwd_pe,21.491474,20.9944,287.1,20.9944,-92.7,True,cross_sectional,0.0,49.6,1.1,50.7,0.9,True,False,cross_sectional_primary
20260827,NASDAQ,BSY,Technology,fwd_pe,23.517576,20.9944,56.4,20.9944,-62.8,True,cross_sectional,-1.4,14.8,-0.1,13.3,0.9,False,False,cross_sectional_primary
20260827,NASDAQ,BTSG,Healthcare,fwd_pe,26.9288,19.0787,,19.0787,,False,cross_sectional,-2.5,49.7,-10.0,37.2,0.9,True,True,cross_sectional_primary
20260827,NASDAQ,BTSGU,Healthcare,fwd_pe,,19.0787,,19.0787,,False,UNMEASURED,,49.7,0.0,49.7,0.5,True,False,cross_sectional_primary
20260827,NASDAQ,BULL,Technology,fwd_pe,27.873014,20.9944,,20.9944,,False,cross_sectional,-2.5,27.2,-10.0,14.7,0.7,False,True,cross_sectional_primary
20260827,NASDAQ,BZ,Communication Services,fwd_pe,12.703649,12.8974,5.2,12.8974,148.0,True,cross_sectional,0.0,49.7,-1.3,48.3,0.9,True,False,cross_sectional_primary
20260827,NASDAQ,CACC,Financial Services,fwd_pe,10.705861,15.3748,17.9,15.3748,-14.1,False,cross_sectional,10.0,48.7,5.4,64.1,1.0,True,True,cross_sectional_primary
20260827,NASDAQ,CAE,Industrials,ev_ebitda,11.652,18.754,,18.754,,False,cross_sectional,10.0,-25.0,-0.3,-15.3,0.9,True,True,cross_sectional_primary
20260827,NASDAQ,CAI,Healthcare,fwd_pe,70.97679,19.0787,,19.0787,,False,cross_sectional,-2.5,49.5,15.0,62.0,0.7,True,True,cross_sectional_primary
20260827,NASDAQ,CAKE,Consumer Cyclical,fwd_pe,23.248503,16.5108,16.0,16.5108,3.2,False,cross_sectional,-2.5,23.7,0.5,21.7,1.0,False,True,cross_sectional_primary
20260827,NASDAQ,CAMT,Technology,fwd_pe,29.31846,20.9944,37.3,20.9944,-43.7,True,cross_sectional,-2.5,-10.0,-1.1,-13.6,0.9,False,True,cross_sectional_primary
20260827,NASDAQ,CART,Consumer Cyclical,fwd_pe,10.367594,16.5108,28.1,16.5108,-41.2,True,cross_sectional,10.0,8.1,-10.0,8.1,0.9,False,True,cross_sectional_primary
20260827,NASDAQ,CASY,Consumer Cyclical,fwd_pe,34.208523,16.5108,33.5,16.5108,-50.7,True,cross_sectional,-2.5,48.5,0.1,46.1,0.9,True,True,cross_sectional_primary
20260827,NASDAQ,CCC,Technology,fwd_pe,13.932893,20.9944,219.5,20.9944,-90.4,True,cross_sectional,10.0,49.0,-3.3,55.7,0.9,True,True,cross_sectional_primary
20260827,NASDAQ,CCEP,Consumer Defensive,fwd_pe,19.008013,16.5551,19.1,16.5551,-13.3,False,cross_sectional,-1.7,9.0,0.4,7.7,1.0,False,False,cross_sectional_primary
20260827,NASDAQ,CDNA,Healthcare,fwd_pe,37.608856,19.0787,,19.0787,,False,cross_sectional,-2.5,9.4,0.4,7.3,0.7,False,True,cross_sectional_primary
20260827,NASDAQ,CDNS,Technology,fwd_pe,35.068417,20.9944,72.9,20.9944,-71.2,True,cross_sectional,-2.5,49.5,-0.1,46.9,0.9,True,True,cross_sectional_primary
20260827,NASDAQ,CECO,Industrials,ev_ebitda,54.154,18.754,,18.754,,False,cross_sectional,-2.5,27.9,-1.8,23.6,0.7,False,True,cross_sectional_primary
20260827,NASDAQ,CEG,Utilities,ev_ebitda,15.516,13.5275,,13.5275,,False,cross_sectional,-1.7,-25.0,1.6,-25.1,0.9,True,False,cross_sectional_primary
20260827,NASDAQ,CELH,Consumer Defensive,fwd_pe,20.22992,16.5551,76.7,16.5551,-78.4,True,cross_sectional,-2.4,-25.0,-3.8,-31.2,0.9,True,False,cross_sectional_primary
20260827,NASDAQ,CHA,Consumer Cyclical,fwd_pe,6.6389318,16.5108,2.3,16.5108,617.9,True,cross_sectional,10.0,-25.0,10.3,-4.7,0.9,True,True,cross_sectional_primary
20260827,NASDAQ,CHDN,Consumer Cyclical,fwd_pe,11.931574,16.5108,22.5,16.5108,-26.6,True,cross_sectional,10.0,14.4,2.9,27.3,0.9,False,True,cross_sectional_primary
20260827,NASDAQ,CHEF,Consumer Defensive,fwd_pe,36.442726,16.5551,37.2,16.5551,-55.5,True,cross_sectional,-2.5,47.5,-0.4,44.6,0.9,True,True,cross_sectional_primary
20260827,NASDAQ,CHKP,Technology,fwd_pe,11.418586,20.9944,20.8,20.9944,0.9,False,cross_sectional,10.0,1.6,3.6,15.2,1.0,False,True,cross_sectional_primary
20260827,NASDAQ,CHRD,Energy,ev_ebitda,3.211,7.353,,7.353,,False,cross_sectional,10.0,-22.2,-10.0,-22.2,0.7,False,True,cross_sectional_primary
20260827,NASDAQ,CHTR,Communication Services,fwd_pe,3.4893546,12.8974,10.5,12.8974,22.8,False,cross_sectional,10.0,16.1,4.8,30.9,1.0,False,True,cross_sectional_primary
20260827,NASDAQ,CHTRP,,fwd_pe,,18.7346,,18.7346,,False,UNMEASURED,,0.0,0.0,0.0,0.0,False,False,cross_sectional_primary
20260827,NASDAQ,CHYM,Technology,fwd_pe,20.590063,20.9944,,20.9944,,False,cross_sectional,0.0,21.4,15.0,36.4,0.7,False,False,cross_sectional_primary
20260827,NASDAQ,CLBT,Technology,fwd_pe,17.789072,20.9944,32.9,20.9944,-36.2,True,cross_sectional,8.6,-25.0,-10.0,-26.4,0.9,True,False,cross_sectional_primary
20260827,NASDAQ,CMCSA,Communication Services,fwd_pe,7.5091863,12.8974,9.0,12.8974,43.3,True,cross_sectional,10.0,-25.0,5.4,-9.6,0.9,True,True,cross_sectional_primary
20260827,NASDAQ,CME,Financial Services,fwd_pe,21.730558,15.3748,22.2,15.3748,-30.7,True,cross_sectional,-2.5,2.5,-0.1,-0.1,0.9,False,True,cross_sectional_primary
20260827,NASDAQ,CMPR,Industrials,ev_ebitda,11.201,18.754,,18.754,,False,cross_sectional,10.0,7.0,0.0,17.0,0.5,False,True,cross_sectional_primary
20260827,NASDAQ,COCO,Consumer Defensive,fwd_pe,26.837608,16.5551,41.9,16.5551,-60.5,True,cross_sectional,-2.5,49.5,-1.0,45.9,0.9,True,True,cross_sectional_primary
20260827,NASDAQ,COIN,Financial Services,fwd_pe,64.284096,15.3748,50.8,15.3748,-69.7,True,cross_sectional,-2.5,49.7,-6.3,41.0,0.7,True,True,cross_sectional_primary
20260827,NASDAQ,COKE,Consumer Defensive,fwd_pe,4.9825377,16.5551,19.3,16.5551,-14.2,False,cross_sectional,10.0,49.8,5.5,65.4,1.0,True,True,cross_sectional_primary
20260827,NASDAQ,COO,Healthcare,fwd_pe,14.548861,19.0787,45.4,19.0787,-58.0,True,cross_sectional,10.0,6.4,-0.2,16.2,0.7,False,True,cross_sectional_primary
20260827,NASDAQ,CORT,Healthcare,fwd_pe,27.211811,19.0787,33.3,19.0787,-42.7,True,cross_sectional,-2.5,24.1,-3.6,18.0,0.9,False,True,cross_sectional_primary
20260827,NASDAQ,COST,Consumer Defensive,fwd_pe,42.194675,16.5551,46.2,16.5551,-64.2,True,cross_sectional,-2.5,44.5,-0.0,42.0,0.9,False,True,cross_sectional_primary
20260827,NASDAQ,CPB,Consumer Defensive,fwd_pe,12.109617,16.5551,16.5,16.5551,0.3,False,cross_sectional,10.0,49.1,0.2,59.3,1.0,True,True,cross_sectional_primary
20260827,NASDAQ,CPRT,Industrials,ev_ebitda,13.337,18.754,,18.754,,False,cross_sectional,10.0,2.3,-0.6,11.7,0.9,False,True,cross_sectional_primary
20260827,NASDAQ,CRDO,Technology,fwd_pe,24.833588,20.9944,293.2,20.9944,-92.8,True,cross_sectional,-2.0,49.9,-10.0,37.9,0.9,True,False,cross_sectional_primary
20260827,NASDAQ,CROX,Consumer Cyclical,fwd_pe,8.270201,16.5108,7.3,16.5108,126.2,True,cross_sectional,10.0,5.8,6.5,22.2,0.7,False,True,cross_sectional_primary
20260827,NASDAQ,CRUS,Technology,fwd_pe,12.397474,20.9944,20.0,20.9944,5.0,False,cross_sectional,10.0,28.9,2.9,41.8,1.0,False,True,cross_sectional_primary
20260827,NASDAQ,CRVL,Financial Services,price_fcf,32.22931897028554,24.5753,,24.5753,,False,cross_sectional,-2.5,21.2,0.4,19.1,0.9,False,True,cross_sectional_primary
20260827,NASDAQ,CRWD,Technology,fwd_pe,119.41146,20.9944,,20.9944,,False,cross_sectional,-2.5,21.6,-1.4,17.7,0.7,False,True,cross_sectional_primary
20260827,NASDAQ,CRWV,Technology,fwd_pe,,20.9944,,20.9944,,False,UNMEASURED,,40.4,-3.8,36.6,0.5,False,False,cross_sectional_primary
20260827,NASDAQ,CSCO,Technology,fwd_pe,20.072529,20.9944,18.9,20.9944,11.1,False,cross_sectional,0.0,46.9,1.3,48.2,1.0,True,False,cross_sectional_primary
20260827,NASDAQ,CTAS,Industrials,ev_ebitda,28.302,18.754,,18.754,,False,cross_sectional,-2.5,15.6,0.9,14.0,0.9,False,True,cross_sectional_primary
20260827,NASDAQ,CTSH,Technology,fwd_pe,9.832458,20.9944,16.6,20.9944,26.5,True,cross_sectional,10.0,3.8,1.6,15.4,0.9,False,True,cross_sectional_primary
20260827,NASDAQ,CVCO,Consumer Cyclical,fwd_pe,20.029118,16.5108,24.2,16.5108,-31.8,True,cross_sectional,-2.3,-15.4,3.8,-13.9,0.9,False,False,cross_sectional_primary
20260827,NASDAQ,CVLT,Technology,fwd_pe,21.659025,20.9944,74.6,20.9944,-71.9,True,cross_sectional,0.0,-3.8,0.5,-3.3,0.9,False,False,cross_sectional_primary
20260827,NASDAQ,CWST,Industrials,ev_ebitda,17.626,18.754,,18.754,,False,cross_sectional,0.0,-25.0,-7.2,-32.2,0.9,True,False,cross_sectional_primary
20260827,NASDAQ,CZR,Consumer Cyclical,fwd_pe,41.004795,16.5108,,16.5108,,False,cross_sectional,-2.5,49.7,1.9,49.0,0.7,True,True,cross_sectional_primary
20260827,NASDAQ,DASH,Consumer Cyclical,fwd_pe,29.095585,16.5108,332.7,16.5108,-95.0,True,cross_sectional,-2.5,-25.0,-5.8,-33.3,0.9,True,True,cross_sectional_primary
20260827,NASDAQ,DAVE,Technology,fwd_pe,16.936514,20.9944,18.6,20.9944,12.9,False,cross_sectional,10.0,-21.0,-10.0,-21.0,1.0,False,True,cross_sectional_primary
20260827,NASDAQ,DBX,Technology,fwd_pe,10.60856,20.9944,18.2,20.9944,15.4,False,cross_sectional,10.0,-6.7,11.2,14.5,1.0,False,True,cross_sectional_primary
20260827,NASDAQ,DDOG,Technology,fwd_pe,76.696075,20.9944,438.7,20.9944,-95.2,True,cross_sectional,-2.5,50.0,-1.9,45.6,0.9,True,True,cross_sectional_primary
20260827,NASDAQ,DGII,Technology,fwd_pe,24.29119,20.9944,44.8,20.9944,-53.1,True,cross_sectional,-1.8,45.8,-1.2,42.8,0.9,False,False,cross_sectional_primary
20260827,NASDAQ,DJT,Communication Services,price_fcf,186.1485069723503,24.5753,,24.5753,,False,cross_sectional,-2.5,48.7,-10.0,36.2,0.7,True,True,cross_sectional_primary
20260827,NASDAQ,DKNG,Consumer Cyclical,fwd_pe,15.070427,16.5108,,16.5108,,False,cross_sectional,0.0,48.6,-3.5,45.0,0.7,True,False,cross_sectional_primary
20260827,NASDAQ,DLO,Technology,fwd_pe,13.638422,20.9944,30.1,20.9944,-30.3,True,cross_sectional,10.0,28.6,0.2,38.8,0.9,False,True,cross_sectional_primary
20260827,NASDAQ,DLTR,Consumer Defensive,fwd_pe,17.05797,16.5551,20.5,16.5551,-19.2,False,cross_sectional,0.0,9.5,3.1,12.6,1.0,False,False,cross_sectional_primary
20260827,NASDAQ,DOCU,Technology,fwd_pe,11.63888,20.9944,40.1,20.9944,-47.6,True,cross_sectional,10.0,17.6,-0.0,27.6,0.9,False,True,cross_sectional_primary
20260827,NASDAQ,DORM,Consumer Cyclical,fwd_pe,13.932704,16.5108,20.7,16.5108,-20.2,False,cross_sectional,8.9,47.2,1.2,57.3,1.0,True,False,cross_sectional_primary
20260827,NASDAQ,DPZ,Consumer Cyclical,fwd_pe,16.510818,16.5108,25.1,16.5108,-34.2,True,cross_sectional,0.0,6.8,1.7,8.5,0.9,False,False,cross_sectional_primary
20260827,NASDAQ,DRS,Industrials,ev_ebitda,20.722,18.754,,18.754,,False,cross_sectional,0.0,48.0,-0.9,47.2,0.9,True,False,cross_sectional_primary
20260827,NASDAQ,DSGX,Technology,fwd_pe,24.161186,20.9944,61.2,20.9944,-65.7,True,cross_sectional,-1.7,34.1,-0.4,32.0,0.9,False,False,cross_sectional_primary
20260827,NASDAQ,DUOL,Technology,fwd_pe,18.456121,20.9944,164.5,20.9944,-87.2,True,cross_sectional,6.7,-25.0,-0.8,-19.1,0.9,True,False,cross_sectional_primary
20260827,NASDAQ,DXCM,Healthcare,fwd_pe,28.475765,19.0787,74.7,19.0787,-74.5,True,cross_sectional,-2.5,43.3,2.4,43.2,0.9,False,True,cross_sectional_primary
20260827,NASDAQ,DXPE,Industrials,ev_ebitda,15.4,18.754,,18.754,,False,cross_sectional,10.0,23.0,3.5,36.5,0.9,False,True,cross_sectional_primary
20260827,NASDAQ,EBAY,Consumer Cyclical,fwd_pe,15.476266,16.5108,15.4,16.5108,7.2,False,cross_sectional,0.0,47.4,6.3,53.7,1.0,True,False,cross_sectional_primary
20260827,NASDAQ,ECPG,Financial Services,fwd_pe,7.4990644,15.3748,5.8,15.3748,165.1,True,cross_sectional,10.0,12.9,0.3,23.2,0.9,False,True,cross_sectional_primary
20260827,NASDAQ,EEFT,Technology,fwd_pe,5.910567,20.9944,17.1,20.9944,22.8,False,cross_sectional,10.0,-24.7,5.8,-8.9,1.0,False,True,cross_sectional_primary
20260827,NASDAQ,ENLT,Utilities,ev_ebitda,35.26,13.5275,,13.5275,,False,cross_sectional,-2.5,50.0,-3.5,44.0,0.9,True,True,cross_sectional_primary
20260827,NASDAQ,ENSG,Healthcare,fwd_pe,21.119944,19.0787,27.8,19.0787,-31.4,True,cross_sectional,0.0,16.7,-1.3,15.4,0.9,False,False,cross_sectional_primary
20260827,NASDAQ,EQPT,Industrials,ev_ebitda,23.816,18.754,,18.754,,False,cross_sectional,-2.5,0.0,0.0,-2.5,0.9,False,True,cross_sectional_primary
20260827,NASDAQ,ESLT,Industrials,ev_ebitda,34.249,18.754,,18.754,,False,cross_sectional,-2.5,34.2,-2.6,29.1,0.9,False,True,cross_sectional_primary
20260827,NASDAQ,ETOR,Financial Services,fwd_pe,10.151389,15.3748,22.1,15.3748,-30.4,True,cross_sectional,10.0,49.1,-7.8,51.4,0.9,True,True,cross_sectional_primary
20260827,NASDAQ,EVRG,Utilities,ev_ebitda,12.494,13.5275,,13.5275,,False,cross_sectional,0.0,23.0,-0.7,22.3,0.9,False,False,cross_sectional_primary
20260827,NASDAQ,EXC,Utilities,ev_ebitda,11.578,13.5275,,13.5275,,False,cross_sectional,8.1,-0.2,-0.6,7.2,0.9,False,False,cross_sectional_primary
20260827,NASDAQ,EXE,Energy,ev_ebitda,3.782,7.353,,7.353,,False,cross_sectional,10.0,-25.0,-10.0,-25.0,0.9,True,True,cross_sectional_primary
20260827,NASDAQ,EXEL,Healthcare,fwd_pe,13.49638,19.0787,24.0,19.0787,-20.5,False,cross_sectional,10.0,26.2,6.4,42.6,1.0,False,True,cross_sectional_primary
20260827,NASDAQ,EXLS,Technology,fwd_pe,14.439628,20.9944,32.2,20.9944,-34.8,True,cross_sectional,10.0,5.0,1.7,16.7,0.9,False,True,cross_sectional_primary
20260827,NASDAQ,EXPE,Consumer Cyclical,fwd_pe,13.78438,16.5108,28.2,16.5108,-41.5,True,cross_sectional,9.4,49.7,6.3,65.5,0.9,True,False,cross_sectional_primary
20260827,NASDAQ,EZPW,Financial Services,fwd_pe,15.507776,15.3748,12.8,15.3748,20.1,False,cross_sectional,0.0,41.2,-1.5,39.6,1.0,False,False,cross_sectional_primary
20260827,NASDAQ,FA,Industrials,ev_ebitda,12.645,18.754,,18.754,,False,cross_sectional,10.0,50.0,-8.8,51.2,0.9,True,True,cross_sectional_primary
20260827,NASDAQ,FANG,Energy,ev_ebitda,6.299,7.353,,7.353,,False,cross_sectional,8.0,49.7,-10.0,47.8,0.9,True,False,cross_sectional_primary
20260827,NASDAQ,FAST,Industrials,ev_ebitda,30.149,18.754,,18.754,,False,cross_sectional,-2.5,14.6,-0.2,11.9,0.9,False,True,cross_sectional_primary
20260827,NASDAQ,FCFS,Financial Services,fwd_pe,16.739264,15.3748,19.6,15.3748,-21.6,False,cross_sectional,0.0,47.9,1.3,49.1,1.0,True,False,cross_sectional_primary
20260827,NASDAQ,FELE,Industrials,ev_ebitda,13.441,18.754,,18.754,,False,cross_sectional,10.0,11.4,1.6,23.0,0.9,False,True,cross_sectional_primary
20260827,NASDAQ,FER,Industrials,ev_ebitda,33.392,18.754,,18.754,,False,cross_sectional,-2.5,-25.0,0.7,-26.8,0.9,True,True,cross_sectional_primary
20260827,NASDAQ,FFIV,Technology,fwd_pe,22.105179,20.9944,26.6,20.9944,-21.1,False,cross_sectional,0.0,11.4,1.3,12.7,1.0,False,False,cross_sectional_primary
20260827,NASDAQ,FIGR,Financial Services,fwd_pe,24.941648,15.3748,234.8,15.3748,-93.5,True,cross_sectional,-2.5,49.9,15.0,62.4,0.9,True,True,cross_sectional_primary
20260827,NASDAQ,FISV,,fwd_pe,6.4623046,18.7346,26.3,18.7346,-28.8,True,cross_sectional,10.0,9.4,5.6,25.0,0.7,False,True,cross_sectional_primary
20260827,NASDAQ,FIVE,Consumer Cyclical,fwd_pe,25.827955,16.5108,40.4,16.5108,-59.1,True,cross_sectional,-2.5,49.7,0.2,47.4,0.9,True,True,cross_sectional_primary
20260827,NASDAQ,FIVN,Technology,fwd_pe,8.337437,20.9944,,20.9944,,False,cross_sectional,10.0,49.8,-10.0,49.8,0.9,True,True,cross_sectional_primary
20260827,NASDAQ,FIZZ,Consumer Defensive,fwd_pe,16.05213,16.5551,18.6,16.5551,-11.0,False,cross_sectional,0.0,-8.5,-0.0,-8.5,1.0,False,False,cross_sectional_primary
20260827,NASDAQ,FLYW,Technology,fwd_pe,14.001293,20.9944,579.9,20.9944,-96.4,True,cross_sectional,10.0,22.2,-5.5,26.8,0.7,False,True,cross_sectional_primary
20260827,NASDAQ,FORM,Technology,fwd_pe,31.107914,20.9944,43.9,20.9944,-52.2,True,cross_sectional,-2.5,49.9,-0.1,47.3,0.9,True,True,cross_sectional_primary
20260827,NASDAQ,FROG,Technology,fwd_pe,81.063614,20.9944,,20.9944,,False,cross_sectional,-2.5,13.4,-6.1,4.9,0.7,False,True,cross_sectional_primary
20260827,NASDAQ,FRPT,Consumer Defensive,fwd_pe,38.158176,16.5551,91.2,16.5551,-81.8,True,cross_sectional,-2.5,17.6,-7.9,7.2,0.9,False,True,cross_sectional_primary
20260827,NASDAQ,FRSH,Technology,fwd_pe,15.494664,20.9944,,20.9944,,False,cross_sectional,10.0,19.5,-0.1,29.4,0.7,False,True,cross_sectional_primary
20260827,NASDAQ,FSLR,Technology,fwd_pe,8.910918,20.9944,18.4,20.9944,14.1,False,cross_sectional,10.0,23.3,-0.1,33.2,1.0,False,True,cross_sectional_primary
20260827,NASDAQ,FSLY,Technology,fwd_pe,39.891068,20.9944,,20.9944,,False,cross_sectional,-2.5,8.9,-6.8,-0.4,0.7,False,True,cross_sectional_primary
20260827,NASDAQ,FTDR,Consumer Cyclical,fwd_pe,16.11099,16.5108,17.5,16.5108,-5.7,False,cross_sectional,0.0,18.9,4.0,22.9,1.0,False,False,cross_sectional_primary
20260827,NASDAQ,FTNT,Technology,fwd_pe,41.903835,20.9944,40.7,20.9944,-48.4,True,cross_sectional,-2.5,43.5,1.5,42.5,0.9,False,True,cross_sectional_primary
20260827,NASDAQ,FUTU,Financial Services,fwd_pe,10.305661,15.3748,1.9,15.3748,709.2,True,cross_sectional,10.0,42.8,-0.5,52.3,0.9,False,True,cross_sectional_primary
20260827,NASDAQ,FWONA,Communication Services,fwd_pe,39.438206,12.8974,41.5,12.8974,-68.9,True,cross_sectional,-2.5,-25.0,-4.9,-32.4,0.9,True,True,cross_sectional_primary
20260827,NASDAQ,FWONK,Communication Services,fwd_pe,54.966038,12.8974,45.8,12.8974,-71.8,True,cross_sectional,-2.5,-25.0,-4.9,-32.4,0.9,True,True,cross_sectional_primary
20260827,NASDAQ,GDS,Technology,fwd_pe,,20.9944,4.6,20.9944,356.4,True,UNMEASURED,,-25.0,-5.8,-30.8,0.5,True,False,cross_sectional_primary
20260827,NASDAQ,GEHC,Healthcare,fwd_pe,13.55028,19.0787,18.0,19.0787,6.0,False,cross_sectional,10.0,16.8,0.0,26.8,1.0,False,True,cross_sectional_primary
20260827,NASDAQ,GEN,Technology,fwd_pe,8.97888,20.9944,22.4,20.9944,-6.3,False,cross_sectional,10.0,48.3,1.8,60.2,1.0,True,True,cross_sectional_primary
20260827,NASDAQ,GILD,Healthcare,fwd_pe,14.970244,19.0787,19.4,19.0787,-1.7,False,cross_sectional,10.0,19.4,0.1,29.6,0.8,False,True,cross_sectional_primary
20260827,NASDAQ,GLBE,Consumer Cyclical,fwd_pe,19.54868,16.5108,,16.5108,,False,cross_sectional,-2.0,49.9,-3.5,44.4,0.9,True,False,cross_sectional_primary
20260827,NASDAQ,GLNG,Energy,ev_ebitda,21.854,7.353,,7.353,,False,cross_sectional,-2.5,49.5,-1.3,45.7,0.9,True,True,cross_sectional_primary
20260827,NASDAQ,GMAB,Healthcare,fwd_pe,21.226414,19.0787,26.8,19.0787,-28.8,True,cross_sectional,-1.3,-9.4,2.5,-8.2,0.9,False,False,cross_sectional_primary
20260827,NASDAQ,GNTX,Consumer Cyclical,fwd_pe,10.751235,16.5108,16.2,16.5108,1.9,False,cross_sectional,10.0,25.8,3.3,39.1,1.0,False,True,cross_sectional_primary
20260827,NASDAQ,GOOG,Communication Services,fwd_pe,22.89513,12.8974,23.7,12.8974,-45.6,True,cross_sectional,-2.5,49.8,2.0,49.3,0.9,True,True,cross_sectional_primary
20260827,NASDAQ,GOOGL,Communication Services,fwd_pe,23.090929,12.8974,23.5,12.8974,-45.1,True,cross_sectional,-2.5,49.8,2.0,49.3,0.9,True,True,cross_sectional_primary
20260827,NASDAQ,GOOGM,,fwd_pe,,18.7346,,18.7346,,False,UNMEASURED,,0.0,0.0,0.0,0.0,False,False,cross_sectional_primary
20260827,NASDAQ,GOOGN,,fwd_pe,,18.7346,,18.7346,,False,UNMEASURED,,0.0,0.0,0.0,0.0,False,False,cross_sectional_primary
20260827,NASDAQ,GRAB,Technology,fwd_pe,26.187052,20.9944,,20.9944,,False,cross_sectional,-2.5,3.1,-7.1,-6.5,0.7,False,True,cross_sectional_primary
20260827,NASDAQ,GRFS,Healthcare,fwd_pe,5.542071,19.0787,29.4,19.0787,-35.1,True,cross_sectional,10.0,32.9,-0.1,42.8,0.9,False,True,cross_sectional_primary
20260827,NASDAQ,GTLB,Technology,fwd_pe,40.13602,20.9944,,20.9944,,False,cross_sectional,-2.5,21.4,-4.0,14.9,0.7,False,True,cross_sectional_primary
20260827,NASDAQ,HALO,Healthcare,fwd_pe,10.301105,19.0787,22.0,19.0787,-13.3,False,cross_sectional,10.0,42.7,3.9,56.6,1.0,False,True,cross_sectional_primary
20260827,NASDAQ,HON,Industrials,ev_ebitda,11.28,18.754,,18.754,,False,cross_sectional,10.0,49.8,1.9,61.7,0.9,True,True,cross_sectional_primary
20260827,NASDAQ,HONA,Industrials,ev_ebitda,18.979,18.754,,18.754,,False,cross_sectional,0.0,-25.0,0.0,-25.0,0.9,True,False,cross_sectional_primary
20260827,NASDAQ,HOOD,Financial Services,fwd_pe,33.397232,15.3748,39.5,15.3748,-61.1,True,cross_sectional,-2.5,45.6,-1.6,41.5,0.9,False,True,cross_sectional_primary
20260827,NASDAQ,HQY,Healthcare,fwd_pe,19.169903,19.0787,84.0,19.0787,-77.3,True,cross_sectional,0.0,34.4,-0.3,34.1,0.9,False,False,cross_sectional_primary
20260827,NASDAQ,HRMY,Healthcare,fwd_pe,5.9314785,19.0787,14.1,19.0787,35.3,True,cross_sectional,10.0,49.2,1.5,60.7,0.9,True,True,cross_sectional_primary
20260827,NASDAQ,HSIC,Healthcare,fwd_pe,15.067476,19.0787,22.9,19.0787,-16.7,False,cross_sectional,10.0,17.1,3.9,31.0,1.0,False,True,cross_sectional_primary
20260827,NASDAQ,HTHT,Consumer Cyclical,fwd_pe,15.402717,16.5108,2.9,16.5108,469.3,True,cross_sectional,0.0,0.1,1.6,1.7,0.9,False,False,cross_sectional_primary
20260827,NASDAQ,HTO,Utilities,ev_ebitda,14.056,13.5275,,13.5275,,False,cross_sectional,0.0,-12.6,-5.3,-17.9,0.9,False,False,cross_sectional_primary
20260827,NASDAQ,HURN,Industrials,ev_ebitda,13.011,18.754,,18.754,,False,cross_sectional,10.0,48.9,4.2,63.1,0.9,True,True,cross_sectional_primary
20260827,NASDAQ,HWKN,Basic Materials,ev_ebitda,8.049,17.14,,17.14,,False,cross_sectional,10.0,8.2,0.4,18.6,0.9,False,True,cross_sectional_primary
20260827,NASDAQ,IBKR,Financial Services,fwd_pe,30.500704,15.3748,22.0,15.3748,-30.1,True,cross_sectional,-2.5,35.3,-2.3,30.5,0.9,False,True,cross_sectional_primary
20260827,NASDAQ,ICLR,Healthcare,fwd_pe,14.222618,19.0787,34.8,19.0787,-45.2,True,cross_sectional,10.0,-25.0,2.2,-12.8,0.9,True,True,cross_sectional_primary
20260827,NASDAQ,IDCC,Technology,fwd_pe,29.71478,20.9944,16.6,20.9944,26.5,True,cross_sectional,-2.5,-25.0,-10.0,-37.5,0.9,True,True,cross_sectional_primary
20260827,NASDAQ,IDXX,Healthcare,fwd_pe,33.061523,19.0787,51.1,19.0787,-62.7,True,cross_sectional,-2.5,17.6,1.8,16.9,0.9,False,True,cross_sectional_primary
20260827,NASDAQ,IESC,Industrials,ev_ebitda,23.399,18.754,,18.754,,False,cross_sectional,-2.5,49.3,0.6,47.4,0.9,True,True,cross_sectional_primary
20260827,NASDAQ,IMOS,Technology,fwd_pe,56.60396,20.9944,0.5,20.9944,4098.9,True,cross_sectional,-2.5,23.0,1.5,22.0,0.7,False,True,cross_sectional_primary
20260827,NASDAQ,INCY,Healthcare,fwd_pe,14.331128,19.0787,38.5,19.0787,-50.4,True,cross_sectional,10.0,37.7,5.7,53.4,0.9,False,True,cross_sectional_primary
20260827,NASDAQ,INIO,Industrials,ev_ebitda,43.855,18.754,,18.754,,False,cross_sectional,-2.5,49.2,0.0,46.7,0.7,True,True,cross_sectional_primary
20260827,NASDAQ,INTU,Technology,fwd_pe,12.172144,20.9944,55.7,20.9944,-62.3,True,cross_sectional,10.0,10.7,0.0,20.7,0.9,False,True,cross_sectional_primary
20260827,NASDAQ,IPAR,Consumer Defensive,fwd_pe,22.419292,16.5551,24.1,16.5551,-31.3,True,cross_sectional,-2.5,-4.0,0.0,-6.5,0.9,False,True,cross_sectional_primary
20260827,NASDAQ,IRDM,Communication Services,fwd_pe,27.521866,12.8974,174.9,12.8974,-92.6,True,cross_sectional,-2.5,-25.0,8.4,-19.1,0.9,True,True,cross_sectional_primary
20260827,NASDAQ,IREN,Financial Services,fwd_pe,,15.3748,,15.3748,,False,UNMEASURED,,28.8,-10.0,18.8,0.5,False,False,cross_sectional_primary
20260827,NASDAQ,IRTC,Healthcare,fwd_pe,98.18059,19.0787,,19.0787,,False,cross_sectional,-2.5,49.1,-2.4,44.2,0.7,True,True,cross_sectional_primary
20260827,NASDAQ,ISRG,Healthcare,fwd_pe,30.687202,19.0787,72.4,19.0787,-73.6,True,cross_sectional,-2.5,26.5,-0.7,23.3,0.9,False,True,cross_sectional_primary
20260827,NASDAQ,ITRI,Technology,fwd_pe,14.293294,20.9944,21.0,20.9944,-0.0,False,cross_sectional,10.0,-19.0,-0.5,-9.5,1.0,False,True,cross_sectional_primary
20260827,NASDAQ,JAZZ,Healthcare,fwd_pe,9.656258,19.0787,17.5,19.0787,9.0,False,cross_sectional,10.0,2.6,8.0,20.6,0.8,False,True,cross_sectional_primary
20260827,NASDAQ,JD,Consumer Cyclical,fwd_pe,6.795007,16.5108,1.9,16.5108,769.0,True,cross_sectional,10.0,21.3,3.1,34.4,0.9,False,True,cross_sectional_primary
20260827,NASDAQ,JKHY,Technology,fwd_pe,21.991325,20.9944,32.3,20.9944,-35.0,True,cross_sectional,0.0,-10.2,0.0,-10.2,0.9,False,False,cross_sectional_primary
20260827,NASDAQ,KC,Technology,fwd_pe,,20.9944,,20.9944,,False,UNMEASURED,,48.6,-7.4,41.2,0.5,True,False,cross_sectional_primary
20260827,NASDAQ,KDP,Consumer Defensive,fwd_pe,12.708956,16.5551,24.4,16.5551,-32.2,True,cross_sectional,10.0,-25.0,1.6,-13.4,0.9,True,True,cross_sectional_primary
20260827,NASDAQ,KLAC,Technology,fwd_pe,27.540735,20.9944,35.2,20.9944,-40.4,True,cross_sectional,-2.5,13.8,1.6,12.9,0.9,False,True,cross_sectional_primary
20260827,NASDAQ,KNSA,Healthcare,fwd_pe,48.64297,19.0787,55.0,19.0787,-65.3,True,cross_sectional,-2.5,30.4,-4.8,23.1,0.9,False,True,cross_sectional_primary
20260827,NASDAQ,KSPI,Technology,fwd_pe,0.015827287,20.9944,,20.9944,,False,cross_sectional,10.0,0.2,0.0,10.2,0.9,False,True,cross_sectional_primary
20260827,NASDAQ,KYIV,Communication Services,fwd_pe,0.21727261,12.8974,8.2,12.8974,57.3,True,cross_sectional,10.0,-15.8,3.3,-2.5,0.9,False,True,cross_sectional_primary
20260827,NASDAQ,LASR,Technology,fwd_pe,69.36508,20.9944,,20.9944,,False,cross_sectional,-2.5,21.7,-4.1,15.0,0.7,False,True,cross_sectional_primary
20260827,NASDAQ,LAUR,Consumer Defensive,fwd_pe,15.912466,16.5551,18.6,16.5551,-11.0,False,cross_sectional,0.0,46.6,3.0,49.6,1.0,True,False,cross_sectional_primary
20260827,NASDAQ,LBTYA,Communication Services,fwd_pe,,12.8974,3.2,12.8974,303.0,True,UNMEASURED,,9.8,10.3,20.1,0.5,False,False,cross_sectional_primary
20260827,NASDAQ,LBTYB,Communication Services,fwd_pe,,12.8974,4.7,12.8974,174.4,True,UNMEASURED,,-6.2,10.3,4.2,0.5,False,False,cross_sectional_primary
20260827,NASDAQ,LBTYK,Communication Services,fwd_pe,,12.8974,3.4,12.8974,279.3,True,UNMEASURED,,-6.2,10.3,4.2,0.5,False,False,cross_sectional_primary
20260827,NASDAQ,LECO,Industrials,ev_ebitda,18.952,18.754,,18.754,,False,cross_sectional,0.0,12.5,2.0,14.5,0.9,False,False,cross_sectional_primary
20260827,NASDAQ,LFST,Healthcare,fwd_pe,22.892134,19.0787,,19.0787,,False,cross_sectional,-2.2,27.4,-3.2,22.0,0.7,False,False,cross_sectional_primary
20260827,NASDAQ,LFTO,Communication Services,fwd_pe,14.205049,12.8974,,12.8974,,False,cross_sectional,0.0,48.3,0.3,48.7,0.7,True,False,cross_sectional_primary
20260827,NASDAQ,LGN,Industrials,ev_ebitda,22.229,18.754,,18.754,,False,cross_sectional,-2.0,46.6,15.0,59.5,0.7,True,False,cross_sectional_primary
20260827,NASDAQ,LGND,Healthcare,fwd_pe,24.118261,19.0787,27.7,19.0787,-31.1,True,cross_sectional,-2.5,49.9,-6.9,40.5,0.9,True,True,cross_sectional_primary
20260827,NASDAQ,LI,Consumer Cyclical,fwd_pe,12.579092,16.5108,3.2,16.5108,416.0,True,cross_sectional,10.0,17.5,-0.6,26.9,0.7,False,True,cross_sectional_primary
20260827,NASDAQ,LIF,Technology,fwd_pe,24.327791,20.9944,,20.9944,,False,cross_sectional,-1.8,-25.0,-10.0,-36.8,0.9,True,False,cross_sectional_primary
20260827,NASDAQ,LIFE,Financial Services,fwd_pe,14.863206,15.3748,21.6,15.3748,-28.8,True,cross_sectional,0.0,-5.3,0.0,-5.3,0.9,False,False,cross_sectional_primary
20260827,NASDAQ,LIME,Industrials,ev_ebitda,16.273,18.754,,18.754,,False,cross_sectional,7.4,49.9,0.0,57.3,0.9,True,False,cross_sectional_primary
20260827,NASDAQ,LIN,Basic Materials,ev_ebitda,18.137,17.14,,17.14,,False,cross_sectional,0.0,11.3,2.1,13.4,0.9,False,False,cross_sectional_primary
20260827,NASDAQ,LIND,Consumer Cyclical,fwd_pe,71.373,16.5108,,16.5108,,False,cross_sectional,-2.5,49.4,-1.6,45.3,0.7,True,True,cross_sectional_primary
20260827,NASDAQ,LITE,Technology,fwd_pe,28.444105,20.9944,507.9,20.9944,-95.9,True,cross_sectional,-2.5,2.4,-0.9,-1.0,0.7,False,True,cross_sectional_primary
20260827,NASDAQ,LIVN,Healthcare,fwd_pe,17.099773,19.0787,98.9,19.0787,-80.7,True,cross_sectional,5.6,49.8,-0.3,55.1,0.9,True,False,cross_sectional_primary
20260827,NASDAQ,LKQ,Consumer Cyclical,fwd_pe,8.327108,16.5108,12.4,16.5108,33.2,True,cross_sectional,10.0,-25.0,2.0,-13.0,0.9,True,True,cross_sectional_primary
20260827,NASDAQ,LNT,Utilities,ev_ebitda,16.382,13.5275,,13.5275,,False,cross_sectional,-2.3,-4.0,-0.9,-7.2,0.9,False,False,cross_sectional_primary
20260827,NASDAQ,LNTH,Healthcare,fwd_pe,15.942618,19.0787,20.0,19.0787,-4.6,False,cross_sectional,9.4,-0.9,1.3,9.8,1.0,False,False,cross_sectional_primary
20260827,NASDAQ,LOGI,Technology,fwd_pe,16.479269,20.9944,22.6,20.9944,-7.1,False,cross_sectional,10.0,48.5,3.2,61.7,1.0,True,True,cross_sectional_primary
20260827,NASDAQ,LOPE,Consumer Defensive,fwd_pe,13.138362,16.5551,20.3,16.5551,-18.4,False,cross_sectional,10.0,18.2,3.6,31.8,1.0,False,True,cross_sectional_primary
20260827,NASDAQ,LRCX,Technology,fwd_pe,27.072441,20.9944,32.9,20.9944,-36.2,True,cross_sectional,-2.5,34.8,2.3,34.6,0.9,False,True,cross_sectional_primary
20260827,NASDAQ,LULU,Consumer Cyclical,fwd_pe,10.381756,16.5108,22.8,16.5108,-27.6,True,cross_sectional,10.0,-25.0,3.2,-11.8,0.9,True,True,cross_sectional_primary
20260827,NASDAQ,LYFT,Technology,fwd_pe,8.162441,20.9944,108.9,20.9944,-80.7,True,cross_sectional,10.0,34.5,-4.1,40.4,0.9,False,True,cross_sectional_primary
20260827,NASDAQ,MANH,Technology,fwd_pe,35.18353,20.9944,66.5,20.9944,-68.4,True,cross_sectional,-2.5,-8.6,1.2,-9.9,0.9,False,True,cross_sectional_primary
20260827,NASDAQ,MAR,Consumer Cyclical,fwd_pe,27.243816,16.5108,26.8,16.5108,-38.4,True,cross_sectional,-2.5,4.3,5.0,6.8,0.9,False,True,cross_sectional_primary
20260827,NASDAQ,MBLY,Consumer Cyclical,fwd_pe,17.553236,16.5108,,16.5108,,False,cross_sectional,0.0,-2.3,-0.5,-2.8,0.7,False,False,cross_sectional_primary
20260827,NASDAQ,MCRI,Consumer Cyclical,fwd_pe,18.015953,16.5108,15.7,16.5108,5.2,False,cross_sectional,0.0,23.6,2.5,26.1,1.0,False,False,cross_sectional_primary
20260827,NASDAQ,MDB,Technology,fwd_pe,55.320045,20.9944,,20.9944,,False,cross_sectional,-2.5,15.8,-6.8,6.5,0.7,False,True,cross_sectional_primary
20260827,NASDAQ,MDLZ,Consumer Defensive,fwd_pe,18.742657,16.5551,23.5,16.5551,-29.6,True,cross_sectional,-1.5,49.6,2.7,50.8,0.9,True,False,cross_sectional_primary
20260827,NASDAQ,MEDP,Healthcare,fwd_pe,32.058285,19.0787,31.5,19.0787,-39.4,True,cross_sectional,-2.5,37.1,3.7,38.3,0.9,False,True,cross_sectional_primary
20260827,NASDAQ,MELI,Consumer Cyclical,fwd_pe,34.31995,16.5108,64.9,16.5108,-74.6,True,cross_sectional,-2.5,-10.9,0.3,-13.1,0.9,False,True,cross_sectional_primary
20260827,NASDAQ,META,Communication Services,fwd_pe,16.539118,12.8974,23.8,12.8974,-45.8,True,cross_sectional,-2.5,-13.4,1.1,-14.8,0.9,False,True,cross_sectional_primary
20260827,NASDAQ,MFP,Industrials,ev_ebitda,18.695,18.754,,18.754,,False,cross_sectional,0.0,15.8,0.0,15.8,0.7,False,False,cross_sectional_primary
20260827,NASDAQ,MGEE,Utilities,ev_ebitda,13.587,13.5275,,13.5275,,False,cross_sectional,0.0,23.6,-0.5,23.1,0.9,False,False,cross_sectional_primary
20260827,NASDAQ,MGNI,Communication Services,fwd_pe,18.13809,12.8974,58.3,12.8974,-77.9,True,cross_sectional,-2.5,48.4,-6.1,39.8,0.9,True,True,cross_sectional_primary
20260827,NASDAQ,MGRC,Industrials,ev_ebitda,13.157,18.754,,18.754,,False,cross_sectional,10.0,-6.2,-0.2,3.6,0.9,False,True,cross_sectional_primary
20260827,NASDAQ,MKSI,Technology,fwd_pe,15.435166,20.9944,36.5,20.9944,-42.5,True,cross_sectional,10.0,49.7,-0.7,59.0,0.9,True,True,cross_sectional_primary
20260827,NASDAQ,MKTX,Financial Services,fwd_pe,18.431486,15.3748,35.1,15.3748,-56.2,True,cross_sectional,-2.2,1.0,0.7,-0.5,0.9,False,False,cross_sectional_primary
20260827,NASDAQ,MLCO,Consumer Cyclical,fwd_pe,7.5304136,16.5108,36.6,16.5108,-54.9,True,cross_sectional,10.0,35.7,4.4,50.1,0.9,False,True,cross_sectional_primary
20260827,NASDAQ,MMSI,Healthcare,fwd_pe,19.633526,19.0787,47.4,19.0787,-59.7,True,cross_sectional,0.0,20.4,-1.8,18.6,0.9,False,False,cross_sectional_primary
20260827,NASDAQ,MMYT,Consumer Cyclical,fwd_pe,23.831007,16.5108,98.9,16.5108,-83.3,True,cross_sectional,-2.5,-25.0,3.7,-23.8,0.9,True,True,cross_sectional_primary
20260827,NASDAQ,MNDY,Technology,fwd_pe,13.84824,20.9944,222.8,20.9944,-90.6,True,cross_sectional,10.0,49.7,-4.8,54.9,0.9,True,True,cross_sectional_primary
20260827,NASDAQ,MNST,Consumer Defensive,fwd_pe,36.526855,16.5551,38.8,16.5551,-57.3,True,cross_sectional,-2.5,18.0,3.5,19.0,0.9,False,True,cross_sectional_primary
20260827,NASDAQ,MORN,Financial Services,fwd_pe,15.241807,15.3748,60.7,15.3748,-74.7,True,cross_sectional,0.0,35.4,0.8,36.2,0.9,False,False,cross_sectional_primary
20260827,NASDAQ,MPWR,Technology,fwd_pe,37.47317,20.9944,52.3,20.9944,-59.9,True,cross_sectional,-2.5,49.1,0.5,47.1,0.9,True,True,cross_sectional_primary
20260827,NASDAQ,MRCY,Industrials,price_fcf,79.27826739318813,24.5753,,24.5753,,False,cross_sectional,-2.5,-25.0,-1.5,-29.0,0.9,True,True,cross_sectional_primary
20260827,NASDAQ,MRVL,Technology,fwd_pe,38.81172,20.9944,,20.9944,,False,cross_sectional,-2.5,-25.0,-0.5,-28.0,0.9,True,True,cross_sectional_primary
20260827,NASDAQ,MRX,Financial Services,fwd_pe,11.28296,15.3748,10.7,15.3748,43.7,True,cross_sectional,10.0,49.4,-3.7,55.7,0.9,True,True,cross_sectional_primary
20260827,NASDAQ,MSFT,Technology,fwd_pe,21.056467,20.9944,35.2,20.9944,-40.4,True,cross_sectional,0.0,31.7,0.1,31.8,0.9,False,False,cross_sectional_primary
20260827,NASDAQ,MTCH,Communication Services,fwd_pe,9.190526,12.8974,15.5,12.8974,-16.8,False,cross_sectional,10.0,46.5,5.4,61.9,1.0,True,True,cross_sectional_primary
20260827,NASDAQ,MTSI,Technology,fwd_pe,32.162025,20.9944,70.5,20.9944,-70.2,True,cross_sectional,-2.5,49.7,-1.7,45.5,0.9,True,True,cross_sectional_primary
20260827,NASDAQ,MU,Technology,fwd_pe,6.053208,20.9944,37.6,20.9944,-44.2,True,cross_sectional,10.0,50.0,-1.5,58.5,0.9,True,True,cross_sectional_primary
20260827,NASDAQ,MWH,Utilities,ev_ebitda,11.459,13.5275,,13.5275,,False,cross_sectional,8.7,33.6,0.0,42.3,0.7,False,False,cross_sectional_primary
20260827,NASDAQ,MYRG,Industrials,ev_ebitda,16.503,18.754,,18.754,,False,cross_sectional,6.6,49.1,3.3,59.1,0.9,True,False,cross_sectional_primary
20260827,NASDAQ,MZTI,Consumer Defensive,fwd_pe,15.525146,16.5551,33.9,16.5551,-51.2,True,cross_sectional,0.0,46.1,-0.0,46.1,0.9,False,False,cross_sectional_primary
20260827,NASDAQ,NBIS,Communication Services,fwd_pe,,12.8974,33.2,12.8974,-61.2,True,UNMEASURED,,-25.0,15.0,-10.0,0.5,True,False,cross_sectional_primary
20260827,NASDAQ,NBIX,Healthcare,fwd_pe,13.099688,19.0787,47.4,19.0787,-59.7,True,cross_sectional,10.0,31.1,-0.7,40.4,0.9,False,True,cross_sectional_primary
20260827,NASDAQ,NCNO,Technology,fwd_pe,13.593705,20.9944,,20.9944,,False,cross_sectional,10.0,49.6,-0.7,58.9,0.9,True,True,cross_sectional_primary
20260827,NASDAQ,NDAQ,Financial Services,fwd_pe,21.266088,15.3748,28.8,15.3748,-46.6,True,cross_sectional,-2.5,14.1,-6.7,4.9,0.9,False,True,cross_sectional_primary
20260827,NASDAQ,NDSN,Industrials,ev_ebitda,21.234,18.754,,18.754,,False,cross_sectional,-1.5,23.0,0.6,22.1,0.9,False,False,cross_sectional_primary
20260827,NASDAQ,NEO,Healthcare,fwd_pe,50.547085,19.0787,,19.0787,,False,cross_sectional,-2.5,48.7,-1.0,45.2,0.7,True,True,cross_sectional_primary
20260827,NASDAQ,NEOG,Healthcare,fwd_pe,30.789474,19.0787,,19.0787,,False,cross_sectional,-2.5,18.1,-0.2,15.4,0.7,False,True,cross_sectional_primary
20260827,NASDAQ,NESR,Energy,ev_ebitda,12.173,7.353,,7.353,,False,cross_sectional,-2.5,49.7,-2.3,44.9,0.9,True,True,cross_sectional_primary
20260827,NASDAQ,NFLX,Communication Services,fwd_pe,21.319529,12.8974,38.0,12.8974,-66.1,True,cross_sectional,-2.5,11.1,1.7,10.3,0.9,False,True,cross_sectional_primary
20260827,NASDAQ,NICE,Technology,fwd_pe,7.988028,20.9944,31.4,20.9944,-33.1,True,cross_sectional,10.0,-25.0,2.2,-12.8,0.9,True,True,cross_sectional_primary
20260827,NASDAQ,NOVT,Technology,fwd_pe,32.967915,20.9944,81.1,20.9944,-74.1,True,cross_sectional,-2.5,49.6,-0.9,46.2,0.9,True,True,cross_sectional_primary
20260827,NASDAQ,NOVTU,Technology,fwd_pe,,20.9944,,20.9944,,False,UNMEASURED,,49.6,0.0,49.6,0.5,True,False,cross_sectional_primary
20260827,NASDAQ,NTAP,Technology,fwd_pe,19.30104,20.9944,21.4,20.9944,-1.9,False,cross_sectional,0.0,23.4,2.9,26.3,1.0,False,False,cross_sectional_primary
20260827,NASDAQ,NTES,Communication Services,fwd_pe,11.512008,12.8974,2.1,12.8974,514.2,True,cross_sectional,5.8,-18.7,0.5,-12.3,0.9,False,False,cross_sectional_primary
20260827,NASDAQ,NTNX,Technology,fwd_pe,25.21945,20.9944,,20.9944,,False,cross_sectional,-2.2,17.2,-10.0,5.0,0.9,False,False,cross_sectional_primary
20260827,NASDAQ,NTRA,Healthcare,fwd_pe,,19.0787,,19.0787,,False,UNMEASURED,,48.9,-9.0,39.8,0.5,True,False,cross_sectional_primary
20260827,NASDAQ,NTSK,Technology,fwd_pe,,20.9944,,20.9944,,False,UNMEASURED,,49.1,15.0,64.1,0.5,True,False,cross_sectional_primary
20260827,NASDAQ,NVDA,Technology,fwd_pe,15.178016,20.9944,88.0,20.9944,-76.1,True,cross_sectional,10.0,49.8,0.9,60.6,0.9,True,True,cross_sectional_primary
20260827,NASDAQ,NVMI,Technology,fwd_pe,26.818789,20.9944,33.0,20.9944,-36.4,True,cross_sectional,-2.5,2.9,-1.1,-0.7,0.9,False,True,cross_sectional_primary
20260827,NASDAQ,NWE,Utilities,ev_ebitda,13.468,13.5275,,13.5275,,False,cross_sectional,0.0,15.7,-1.0,14.7,0.9,False,False,cross_sectional_primary
20260827,NASDAQ,NXT,Technology,fwd_pe,15.097599,20.9944,23.9,20.9944,-12.2,False,cross_sectional,10.0,2.9,-1.8,11.1,1.0,False,True,cross_sectional_primary
20260827,NASDAQ,NYAX,Technology,fwd_pe,34.51757,20.9944,,20.9944,,False,cross_sectional,-2.5,47.6,-5.6,39.5,0.7,True,True,cross_sectional_primary
20260827,NASDAQ,OCTV,Technology,fwd_pe,12.461477,20.9944,23.0,20.9944,-8.7,False,cross_sectional,10.0,3.4,0.0,13.4,0.8,False,True,cross_sectional_primary
20260827,NASDAQ,OKTA,Technology,fwd_pe,30.989485,20.9944,771.9,20.9944,-97.3,True,cross_sectional,-2.5,21.2,-4.7,14.0,0.9,False,True,cross_sectional_primary
20260827,NASDAQ,OLED,Technology,fwd_pe,18.2391,20.9944,27.0,20.9944,-22.2,False,cross_sectional,7.3,-24.9,-0.0,-17.6,1.0,False,False,cross_sectional_primary
20260827,NASDAQ,OLLI,Consumer Defensive,fwd_pe,14.800452,16.5551,35.8,16.5551,-53.8,True,cross_sectional,5.8,19.5,0.2,25.5,0.9,False,False,cross_sectional_primary
20260827,NASDAQ,OMAB,Industrials,ev_ebitda,1.705,18.754,,18.754,,False,cross_sectional,10.0,9.8,0.0,19.8,0.9,False,True,cross_sectional_primary
20260827,NASDAQ,ONC,Healthcare,fwd_pe,36.542553,19.0787,,19.0787,,False,cross_sectional,-2.5,49.7,-4.2,42.9,0.9,True,True,cross_sectional_primary
20260827,NASDAQ,OPCH,Healthcare,fwd_pe,11.546867,19.0787,24.1,19.0787,-20.8,False,cross_sectional,10.0,12.9,4.8,27.7,1.0,False,True,cross_sectional_primary
20260827,NASDAQ,ORLY,Consumer Cyclical,fwd_pe,24.525848,16.5108,27.2,16.5108,-39.3,True,cross_sectional,-2.5,10.3,3.3,11.1,0.9,False,True,cross_sectional_primary
20260827,NASDAQ,OSIS,Technology,fwd_pe,16.400806,20.9944,23.9,20.9944,-12.2,False,cross_sectional,10.0,7.8,0.2,18.0,1.0,False,True,cross_sectional_primary
20260827,NASDAQ,OSW,Consumer Cyclical,fwd_pe,20.283525,16.5108,28.4,16.5108,-41.9,True,cross_sectional,-2.4,19.7,-2.9,14.3,0.9,False,False,cross_sectional_primary
20260827,NASDAQ,OTEX,Technology,fwd_pe,5.709565,20.9944,17.0,20.9944,23.5,False,cross_sectional,10.0,49.9,2.7,62.6,1.0,True,True,cross_sectional_primary
20260827,NASDAQ,PANW,Technology,fwd_pe,82.546936,20.9944,115.1,20.9944,-81.8,True,cross_sectional,-2.5,7.1,-1.8,2.8,0.7,False,True,cross_sectional_primary
20260827,NASDAQ,PAYP,Technology,fwd_pe,20.703487,20.9944,0.2,20.9944,10397.2,True,cross_sectional,0.0,48.2,1.8,50.1,0.9,True,False,cross_sectional_primary
20260827,NASDAQ,PAYX,Technology,fwd_pe,19.55595,20.9944,25.2,20.9944,-16.7,False,cross_sectional,0.0,43.1,0.3,43.4,1.0,False,False,cross_sectional_primary
20260827,NASDAQ,PCTY,Technology,fwd_pe,15.696914,20.9944,65.4,20.9944,-67.9,True,cross_sectional,10.0,27.6,0.0,37.6,0.7,False,True,cross_sectional_primary
20260827,NASDAQ,PDD,Consumer Cyclical,fwd_pe,6.973722,16.5108,2.6,16.5108,535.0,True,cross_sectional,10.0,-11.2,-0.8,-2.0,0.9,False,True,cross_sectional_primary
20260827,NASDAQ,PEGA,Technology,fwd_pe,12.796702,20.9944,62.8,20.9944,-66.6,True,cross_sectional,10.0,-25.0,-4.3,-19.3,0.9,True,True,cross_sectional_primary
20260827,NASDAQ,PENN,Consumer Cyclical,fwd_pe,14.937989,16.5108,,16.5108,,False,cross_sectional,5.1,20.1,2.5,27.7,0.7,False,False,cross_sectional_primary
20260827,NASDAQ,PEP,Consumer Defensive,fwd_pe,15.836826,16.5551,23.8,16.5551,-30.4,True,cross_sectional,0.0,49.6,0.4,49.9,0.9,True,False,cross_sectional_primary
20260827,NASDAQ,PGNY,Healthcare,fwd_pe,11.367506,19.0787,49.8,19.0787,-61.7,True,cross_sectional,10.0,49.0,5.5,64.5,0.9,True,True,cross_sectional_primary
20260827,NASDAQ,PI,Technology,fwd_pe,56.808254,20.9944,,20.9944,,False,cross_sectional,-2.5,0.0,-4.6,-7.1,0.9,False,True,cross_sectional_primary
20260827,NASDAQ,PLPC,Industrials,ev_ebitda,21.794,18.754,,18.754,,False,cross_sectional,-1.8,48.9,0.6,47.6,0.9,True,False,cross_sectional_primary
20260827,NASDAQ,PLTR,Technology,fwd_pe,76.69904,20.9944,282.1,20.9944,-92.6,True,cross_sectional,-2.5,49.8,-5.7,41.5,0.9,True,True,cross_sectional_primary
20260827,NASDAQ,PLXS,Technology,fwd_pe,24.28685,20.9944,22.5,20.9944,-6.7,False,cross_sectional,-1.8,-3.7,0.9,-4.6,1.0,False,False,cross_sectional_primary
20260827,NASDAQ,PODD,Healthcare,fwd_pe,18.594555,19.0787,76.4,19.0787,-75.0,True,cross_sectional,0.0,49.9,1.2,51.1,0.9,True,False,cross_sectional_primary
20260827,NASDAQ,POWL,Industrials,ev_ebitda,26.903,18.754,,18.754,,False,cross_sectional,-2.5,7.6,-0.2,4.9,0.9,False,True,cross_sectional_primary
20260827,NASDAQ,PPC,Consumer Defensive,fwd_pe,10.826989,16.5551,8.5,16.5551,94.8,True,cross_sectional,10.0,-25.0,-0.2,-15.2,0.9,True,True,cross_sectional_primary
20260827,NASDAQ,PRDO,Consumer Defensive,fwd_pe,10.139394,16.5551,10.7,16.5551,54.7,True,cross_sectional,10.0,21.0,1.2,32.2,0.9,False,True,cross_sectional_primary
20260827,NASDAQ,PRVA,Healthcare,fwd_pe,19.813805,19.0787,124.8,19.0787,-84.7,True,cross_sectional,0.0,49.8,-1.7,48.1,0.9,True,False,cross_sectional_primary
20260827,NASDAQ,PSKY,Communication Services,fwd_pe,12.623413,12.8974,6.9,12.8974,86.9,True,cross_sectional,0.0,-25.0,-1.1,-26.1,0.9,True,False,cross_sectional_primary
20260827,NASDAQ,PSMT,Consumer Defensive,fwd_pe,27.345284,16.5551,20.1,16.5551,-17.6,False,cross_sectional,-2.5,12.3,1.2,11.0,1.0,False,True,cross_sectional_primary
20260827,NASDAQ,PTC,Technology,fwd_pe,17.057467,20.9944,52.0,20.9944,-59.6,True,cross_sectional,10.0,-12.0,-0.6,-2.6,0.9,False,True,cross_sectional_primary
20260827,NASDAQ,PTEN,Energy,ev_ebitda,6.439,7.353,,7.353,,False,cross_sectional,6.9,13.6,-10.0,10.5,0.7,False,False,cross_sectional_primary
20260827,NASDAQ,PTRN,Technology,fwd_pe,26.839663,20.9944,102.7,20.9944,-79.6,True,cross_sectional,-2.5,-16.7,15.0,-4.2,0.9,False,True,cross_sectional_primary
20260827,NASDAQ,PYPL,Financial Services,fwd_pe,10.666276,15.3748,18.5,15.3748,-16.9,False,cross_sectional,10.0,-3.1,6.5,13.4,1.0,False,True,cross_sectional_primary
20260827,NASDAQ,QCOM,Technology,fwd_pe,16.047913,20.9944,18.7,20.9944,12.3,False,cross_sectional,10.0,-23.0,0.9,-12.1,1.0,False,True,cross_sectional_primary
20260827,NASDAQ,QLYS,Technology,fwd_pe,20.994429,20.9944,35.4,20.9944,-40.7,True,cross_sectional,0.0,16.1,1.5,17.6,0.9,False,False,cross_sectional_primary
20260827,NASDAQ,QRVO,Technology,fwd_pe,11.946606,20.9944,108.9,20.9944,-80.7,True,cross_sectional,10.0,49.8,2.1,61.9,0.9,True,True,cross_sectional_primary
20260827,NASDAQ,RDNT,Healthcare,fwd_pe,86.24404,19.0787,691.2,19.0787,-97.2,True,cross_sectional,-2.5,-25.0,-7.8,-35.3,0.9,True,True,cross_sectional_primary
20260827,NASDAQ,REGN,Healthcare,fwd_pe,13.442682,19.0787,18.6,19.0787,2.6,False,cross_sectional,10.0,-4.5,2.3,7.8,1.0,False,True,cross_sectional_primary
20260827,NASDAQ,RELY,Technology,fwd_pe,15.943088,20.9944,,20.9944,,False,cross_sectional,10.0,50.0,-9.7,50.3,0.9,True,True,cross_sectional_primary
20260827,NASDAQ,RMBS,Technology,fwd_pe,24.354351,20.9944,32.0,20.9944,-34.4,True,cross_sectional,-1.8,15.1,0.7,14.1,0.9,False,False,cross_sectional_primary
20260827,NASDAQ,RNW,Utilities,ev_ebitda,8.275,13.5275,,13.5275,,False,cross_sectional,10.0,18.3,-0.3,28.0,0.9,False,True,cross_sectional_primary
20260827,NASDAQ,ROAD,Industrials,ev_ebitda,16.363,18.754,,18.754,,False,cross_sectional,7.1,34.2,-2.9,38.3,0.9,False,False,cross_sectional_primary
20260827,NASDAQ,ROKU,Communication Services,fwd_pe,40.428246,12.8974,,12.8974,,False,cross_sectional,-2.5,50.0,-4.0,43.5,0.9,True,True,cross_sectional_primary
20260827,NASDAQ,ROP,Technology,fwd_pe,17.012722,20.9944,33.4,20.9944,-37.1,True,cross_sectional,10.0,49.8,-0.4,59.4,0.9,True,True,cross_sectional_primary
20260827,NASDAQ,ROST,Consumer Cyclical,fwd_pe,26.478882,16.5108,29.5,16.5108,-44.0,True,cross_sectional,-2.5,48.7,1.9,48.1,0.9,True,True,cross_sectional_primary
20260827,NASDAQ,RRR,Consumer Cyclical,fwd_pe,15.23457,16.5108,16.8,16.5108,-1.7,False,cross_sectional,0.0,-25.0,0.3,-24.7,1.0,True,False,cross_sectional_primary
20260827,NASDAQ,RUSHA,Consumer Cyclical,fwd_pe,16.726717,16.5108,19.4,16.5108,-14.9,False,cross_sectional,0.0,1.1,1.8,2.9,1.0,False,False,cross_sectional_primary
20260827,NASDAQ,RUSHB,Consumer Cyclical,price_fcf,19.373881941438242,24.5753,,24.5753,,False,cross_sectional,10.0,1.1,1.8,12.9,0.9,False,True,cross_sectional_primary
20260827,NASDAQ,RYAAY,Industrials,ev_ebitda,7.843,18.754,,18.754,,False,cross_sectional,10.0,-25.0,3.6,-11.4,0.9,True,True,cross_sectional_primary
20260827,NASDAQ,SAIA,Industrials,ev_ebitda,15.421,18.754,,18.754,,False,cross_sectional,10.0,31.5,-0.0,41.5,0.9,False,True,cross_sectional_primary
20260827,NASDAQ,SAIL,Technology,fwd_pe,45.567085,20.9944,,20.9944,,False,cross_sectional,-2.5,18.9,1.7,18.1,0.7,False,True,cross_sectional_primary
20260827,NASDAQ,SANM,Technology,fwd_pe,14.272832,20.9944,16.7,20.9944,25.7,True,cross_sectional,10.0,48.6,4.0,62.5,0.9,True,True,cross_sectional_primary
20260827,NASDAQ,SBUX,Consumer Cyclical,fwd_pe,34.821987,16.5108,29.5,16.5108,-44.0,True,cross_sectional,-2.5,49.1,0.5,47.1,0.9,True,True,cross_sectional_primary
20260827,NASDAQ,SEZL,Financial Services,fwd_pe,18.586752,15.3748,17.1,15.3748,-10.1,False,cross_sectional,-2.3,46.4,-2.4,41.7,1.0,False,False,cross_sectional_primary
20260827,NASDAQ,SFM,Consumer Defensive,fwd_pe,14.563562,16.5551,17.3,16.5551,-4.3,False,cross_sectional,6.6,1.5,2.3,10.4,1.0,False,False,cross_sectional_primary
20260827,NASDAQ,SHC,Healthcare,fwd_pe,18.178944,19.0787,85.5,19.0787,-77.7,True,cross_sectional,0.0,49.9,-0.6,49.4,0.9,True,False,cross_sectional_primary
20260827,NASDAQ,SHOO,Consumer Cyclical,fwd_pe,16.26113,16.5108,17.4,16.5108,-5.1,False,cross_sectional,0.0,21.3,2.3,23.6,0.8,False,False,cross_sectional_primary
20260827,NASDAQ,SHOP,Technology,fwd_pe,61.27358,20.9944,170.5,20.9944,-87.7,True,cross_sectional,-2.5,48.6,-0.3,45.8,0.9,True,True,cross_sectional_primary
20260827,NASDAQ,SITM,Technology,fwd_pe,39.998737,20.9944,,20.9944,,False,cross_sectional,-2.5,27.1,-6.1,18.5,0.7,False,True,cross_sectional_primary
20260827,NASDAQ,SKHY,Technology,fwd_pe,4.688104,20.9944,0.1,20.9944,20894.4,True,cross_sectional,10.0,50.0,-1.6,58.3,0.9,True,True,cross_sectional_primary
20260827,NASDAQ,SKYW,Industrials,ev_ebitda,5.968,18.754,,18.754,,False,cross_sectional,10.0,-12.7,3.6,0.9,0.9,False,True,cross_sectional_primary
20260827,NASDAQ,SMCI,Technology,fwd_pe,7.020383,20.9944,16.6,20.9944,26.5,True,cross_sectional,10.0,49.9,-6.0,53.9,0.9,True,True,cross_sectional_primary
20260827,NASDAQ,SMCIP,Technology,fwd_pe,,20.9944,,20.9944,,False,UNMEASURED,,49.9,0.0,49.9,0.5,True,False,cross_sectional_primary
20260827,NASDAQ,SMTC,Technology,fwd_pe,24.733213,20.9944,,20.9944,,False,cross_sectional,-2.0,22.7,-10.0,10.7,0.9,False,False,cross_sectional_primary
20260827,NASDAQ,SNDK,Technology,fwd_pe,5.66395,20.9944,,20.9944,,False,cross_sectional,10.0,18.9,0.0,28.9,0.7,False,True,cross_sectional_primary
20260827,NASDAQ,SNEX,Financial Services,fwd_pe,14.638477,15.3748,7.3,15.3748,110.6,True,cross_sectional,0.0,49.1,-3.9,45.2,0.9,True,False,cross_sectional_primary
20260827,NASDAQ,SNPS,Technology,fwd_pe,23.759176,20.9944,54.6,20.9944,-61.5,True,cross_sectional,-1.5,-25.0,-3.3,-29.8,0.9,True,False,cross_sectional_primary
20260827,NASDAQ,SNY,Healthcare,fwd_pe,8.441249,19.0787,17.2,19.0787,10.9,False,cross_sectional,10.0,-25.0,1.0,-14.0,1.0,True,True,cross_sectional_primary
20260827,NASDAQ,SOLS,Basic Materials,ev_ebitda,11.92,17.14,,17.14,,False,cross_sectional,10.0,22.8,-0.1,32.7,0.9,False,True,cross_sectional_primary
20260827,NASDAQ,SPCX,Industrials,ev_ebitda,,18.754,,18.754,,False,UNMEASURED,,13.8,4.6,18.4,0.5,False,False,cross_sectional_primary
20260827,NASDAQ,SPSC,Technology,fwd_pe,15.113303,20.9944,88.1,20.9944,-76.2,True,cross_sectional,10.0,-25.0,-0.7,-15.7,0.9,True,True,cross_sectional_primary
20260827,NASDAQ,SRAD,Technology,fwd_pe,22.421873,20.9944,141.8,20.9944,-85.2,True,cross_sectional,0.0,48.8,-0.4,48.4,0.7,True,False,cross_sectional_primary
20260827,NASDAQ,SSNC,Technology,fwd_pe,10.744133,20.9944,24.6,20.9944,-14.7,False,cross_sectional,10.0,34.7,0.3,45.0,1.0,False,True,cross_sectional_primary
20260827,NASDAQ,STGW,Communication Services,fwd_pe,6.9818187,12.8974,195.1,12.8974,-93.4,True,cross_sectional,10.0,9.4,-10.0,9.4,0.7,False,True,cross_sectional_primary
20260827,NASDAQ,STNE,Technology,fwd_pe,4.146499,20.9944,2.3,20.9944,812.8,True,cross_sectional,10.0,-16.6,7.4,0.8,0.9,False,True,cross_sectional_primary
20260827,NASDAQ,STRL,Industrials,ev_ebitda,21.177,18.754,,18.754,,False,cross_sectional,-1.5,49.5,0.4,48.4,0.9,True,False,cross_sectional_primary
20260827,NASDAQ,STX,Technology,fwd_pe,15.285328,20.9944,53.5,20.9944,-60.8,True,cross_sectional,10.0,49.6,-3.9,55.7,0.9,True,True,cross_sectional_primary
20260827,NASDAQ,SUPN,Healthcare,fwd_pe,10.06278,19.0787,36.0,19.0787,-47.0,True,cross_sectional,10.0,48.0,-0.8,57.1,0.7,True,True,cross_sectional_primary
20260827,NASDAQ,SYM,Industrials,price_fcf,31.20140056783207,24.5753,,24.5753,,False,cross_sectional,-2.5,27.8,-10.0,15.3,0.7,False,True,cross_sectional_primary
20260827,NASDAQ,TCOM,Consumer Cyclical,fwd_pe,10.633569,16.5108,2.6,16.5108,535.0,True,cross_sectional,10.0,-25.0,-2.0,-17.0,0.9,True,True,cross_sectional_primary
20260827,NASDAQ,TEAM,Technology,fwd_pe,24.959887,20.9944,,20.9944,,False,cross_sectional,-2.1,19.5,-0.5,16.9,0.7,False,False,cross_sectional_primary
20260827,NASDAQ,TECH,Healthcare,fwd_pe,31.238806,19.0787,58.4,19.0787,-67.3,True,cross_sectional,-2.5,11.0,0.7,9.1,0.7,False,True,cross_sectional_primary
20260827,NASDAQ,TENB,Technology,fwd_pe,15.407854,20.9944,,20.9944,,False,cross_sectional,10.0,8.1,-2.0,16.1,0.7,False,True,cross_sectional_primary
20260827,NASDAQ,TER,Technology,fwd_pe,31.160776,20.9944,37.9,20.9944,-44.6,True,cross_sectional,-2.5,49.9,1.4,48.8,0.9,True,True,cross_sectional_primary
20260827,NASDAQ,TIGO,Communication Services,fwd_pe,14.073954,12.8974,11.5,12.8974,12.2,False,cross_sectional,0.0,-25.0,1.0,-24.0,1.0,True,False,cross_sectional_primary
20260827,NASDAQ,TILE,Consumer Cyclical,fwd_pe,15.991735,16.5108,16.4,16.5108,0.7,False,cross_sectional,0.0,48.0,-0.7,47.3,1.0,True,False,cross_sectional_primary
20260827,NASDAQ,TLN,Utilities,ev_ebitda,41.307,13.5275,,13.5275,,False,cross_sectional,-2.5,30.3,-10.0,17.8,0.7,False,True,cross_sectional_primary
20260827,NASDAQ,TMDX,Healthcare,fwd_pe,40.0,19.0787,43.4,19.0787,-56.0,True,cross_sectional,-2.5,-25.0,-10.0,-37.5,0.9,True,True,cross_sectional_primary
20260827,NASDAQ,TMUS,Communication Services,fwd_pe,12.439623,12.8974,22.4,12.8974,-42.4,True,cross_sectional,0.0,5.3,2.9,8.2,0.9,False,False,cross_sectional_primary
20260827,NASDAQ,TRI,Industrials,ev_ebitda,20.452,18.754,,18.754,,False,cross_sectional,0.0,45.4,1.6,47.0,0.9,False,False,cross_sectional_primary
20260827,NASDAQ,TSCO,Consumer Cyclical,fwd_pe,17.066727,16.5108,22.6,16.5108,-26.9,True,cross_sectional,0.0,-15.0,1.5,-13.5,0.9,False,False,cross_sectional_primary
20260827,NASDAQ,TSLA,Consumer Cyclical,fwd_pe,160.20717,16.5108,127.8,16.5108,-87.1,True,cross_sectional,-2.5,-3.0,-0.6,-6.1,0.9,False,True,cross_sectional_primary
20260827,NASDAQ,TTAN,Technology,fwd_pe,56.197372,20.9944,,20.9944,,False,cross_sectional,-2.5,20.2,-5.9,11.8,0.7,False,True,cross_sectional_primary
20260827,NASDAQ,TTD,Communication Services,fwd_pe,13.091136,12.8974,173.4,12.8974,-92.6,True,cross_sectional,0.0,-23.6,0.7,-22.9,0.9,False,False,cross_sectional_primary
20260827,NASDAQ,TTEK,Industrials,ev_ebitda,15.522,18.754,,18.754,,False,cross_sectional,9.9,-2.3,0.2,7.8,0.9,False,False,cross_sectional_primary
20260827,NASDAQ,TTMI,Technology,fwd_pe,17.656874,20.9944,41.1,20.9944,-48.9,True,cross_sectional,9.0,49.2,0.1,58.3,0.9,True,False,cross_sectional_primary
20260827,NASDAQ,TTWO,Communication Services,fwd_pe,22.662716,12.8974,,12.8974,,False,cross_sectional,-2.5,40.0,-4.0,33.5,0.7,False,True,cross_sectional_primary
20260827,NASDAQ,TW,Financial Services,fwd_pe,23.388113,15.3748,47.6,15.3748,-67.7,True,cross_sectional,-2.5,19.7,-0.5,16.7,0.9,False,True,cross_sectional_primary
20260827,NASDAQ,TXG,Healthcare,price_fcf,64.3470062636898,24.5753,,24.5753,,False,cross_sectional,-2.5,48.9,-3.2,43.2,0.7,True,True,cross_sectional_primary
20260827,NASDAQ,TXRH,Consumer Cyclical,fwd_pe,26.19616,16.5108,26.1,16.5108,-36.7,True,cross_sectional,-2.5,-0.5,0.5,-2.5,0.9,False,True,cross_sectional_primary
20260827,NASDAQ,UAL,Industrials,ev_ebitda,7.658,18.754,,18.754,,False,cross_sectional,10.0,-17.2,0.5,-6.7,0.9,False,True,cross_sectional_primary
20260827,NASDAQ,UFPT,Healthcare,fwd_pe,25.6534,19.0787,26.9,19.0787,-29.1,True,cross_sectional,-2.5,21.3,-0.7,18.1,0.9,False,True,cross_sectional_primary
20260827,NASDAQ,URBN,Consumer Cyclical,fwd_pe,12.124622,16.5108,17.8,16.5108,-7.2,False,cross_sectional,10.0,12.1,1.3,23.4,1.0,False,True,cross_sectional_primary
20260827,NASDAQ,USLM,Basic Materials,ev_ebitda,16.143,17.14,,17.14,,False,cross_sectional,0.0,12.2,-0.3,11.9,0.9,False,False,cross_sectional_primary
20260827,NASDAQ,UTHR,Healthcare,fwd_pe,17.203215,19.0787,15.9,19.0787,20.0,False,cross_sectional,5.3,13.4,1.8,20.5,1.0,False,False,cross_sectional_primary
20260827,NASDAQ,VC,Consumer Cyclical,fwd_pe,9.899601,16.5108,10.9,16.5108,51.5,True,cross_sectional,10.0,-25.0,1.6,-13.4,0.9,True,True,cross_sectional_primary
20260827,NASDAQ,VCEL,Healthcare,fwd_pe,50.16548,19.0787,193.5,19.0787,-90.1,True,cross_sectional,-2.5,46.7,-4.7,39.5,0.7,True,True,cross_sectional_primary
20260827,NASDAQ,VCYT,Healthcare,fwd_pe,22.73404,19.0787,89.5,19.0787,-78.7,True,cross_sectional,-2.1,1.8,-5.3,-5.7,0.7,False,False,cross_sectional_primary
20260827,NASDAQ,VECO,Technology,fwd_pe,15.88891,20.9944,21.8,20.9944,-3.7,False,cross_sectional,10.0,-8.6,-6.2,-4.8,1.0,False,True,cross_sectional_primary
20260827,NASDAQ,VEON,Communication Services,fwd_pe,7.307135,12.8974,7.0,12.8974,84.2,True,cross_sectional,10.0,-25.0,-1.1,-16.1,0.9,True,True,cross_sectional_primary
20260827,NASDAQ,VERX,Technology,fwd_pe,13.262393,20.9944,,20.9944,,False,cross_sectional,10.0,19.5,-9.0,20.6,0.7,False,True,cross_sectional_primary
20260827,NASDAQ,VICR,Technology,fwd_pe,35.51563,20.9944,68.6,20.9944,-69.4,True,cross_sectional,-2.5,14.3,-0.5,11.3,0.9,False,True,cross_sectional_primary
20260827,NASDAQ,VISN,Technology,fwd_pe,15.879631,20.9944,,20.9944,,False,cross_sectional,10.0,50.0,-4.4,55.5,0.9,True,True,cross_sectional_primary
20260827,NASDAQ,VNOM,Energy,ev_ebitda,8.151,7.353,,7.353,,False,cross_sectional,-1.3,49.7,-10.0,38.4,0.9,True,False,cross_sectional_primary
20260827,NASDAQ,VOD,Communication Services,fwd_pe,8.903765,12.8974,10.4,12.8974,24.0,False,cross_sectional,10.0,31.2,5.9,47.1,0.8,False,True,cross_sectional_primary
20260827,NASDAQ,VRNS,Technology,fwd_pe,100.29799,20.9944,,20.9944,,False,cross_sectional,-2.5,49.6,-2.4,44.7,0.7,True,True,cross_sectional_primary
20260827,NASDAQ,VRSK,Industrials,ev_ebitda,18.813,18.754,,18.754,,False,cross_sectional,0.0,-3.4,2.5,-0.9,0.9,False,False,cross_sectional_primary
20260827,NASDAQ,VRSN,Technology,fwd_pe,26.684628,20.9944,26.4,20.9944,-20.5,False,cross_sectional,-2.5,7.7,4.8,10.0,1.0,False,True,cross_sectional_primary
20260827,NASDAQ,VRTX,Healthcare,fwd_pe,24.879803,19.0787,29.6,19.0787,-35.5,True,cross_sectional,-2.5,8.0,0.5,6.0,0.9,False,True,cross_sectional_primary
20260827,NASDAQ,VSAT,Technology,price_fcf,16.49763258087692,24.5753,,24.5753,,False,cross_sectional,10.0,48.2,-4.2,54.0,0.7,True,True,cross_sectional_primary
20260827,NASDAQ,VSEC,Industrials,ev_ebitda,32.982,18.754,,18.754,,False,cross_sectional,-2.5,49.9,-10.0,37.4,0.9,True,True,cross_sectional_primary
20260827,NASDAQ,WAY,Healthcare,fwd_pe,12.870143,19.0787,,19.0787,,False,cross_sectional,10.0,16.7,-5.3,21.4,0.9,False,True,cross_sectional_primary
20260827,NASDAQ,WBD,Communication Services,price_fcf,23.34202694300518,24.5753,,24.5753,,False,cross_sectional,0.0,-25.0,-1.9,-26.9,0.9,True,False,cross_sectional_primary
20260827,NASDAQ,WDAY,Technology,fwd_pe,15.091446,20.9944,73.6,20.9944,-71.5,True,cross_sectional,10.0,49.8,-0.5,59.3,0.9,True,True,cross_sectional_primary
20260827,NASDAQ,WDC,Technology,fwd_pe,14.768092,20.9944,25.5,20.9944,-17.7,False,cross_sectional,10.0,50.0,-8.4,51.6,1.0,True,True,cross_sectional_primary
20260827,NASDAQ,WDFC,Basic Materials,ev_ebitda,23.404,17.14,,17.14,,False,cross_sectional,-2.5,44.5,0.1,42.2,0.9,False,True,cross_sectional_primary
20260827,NASDAQ,WFRD,Energy,ev_ebitda,7.353,7.353,,7.353,,False,cross_sectional,0.0,-25.0,1.0,-24.0,0.9,True,False,cross_sectional_primary
20260827,NASDAQ,WGS,Healthcare,fwd_pe,77.2492,19.0787,,19.0787,,False,cross_sectional,-2.5,6.6,-8.5,-4.5,0.7,False,True,cross_sectional_primary
20260827,NASDAQ,WING,Consumer Cyclical,fwd_pe,20.929873,16.5108,75.0,16.5108,-78.0,True,cross_sectional,-2.5,19.8,3.0,20.3,0.9,False,True,cross_sectional_primary
20260827,NASDAQ,WIX,Technology,fwd_pe,12.039503,20.9944,118.1,20.9944,-82.2,True,cross_sectional,10.0,37.7,0.6,48.3,0.7,False,True,cross_sectional_primary
20260827,NASDAQ,WMG,Communication Services,fwd_pe,14.173564,12.8974,38.3,12.8974,-66.3,True,cross_sectional,0.0,8.5,-0.4,8.0,0.7,False,False,cross_sectional_primary
20260827,NASDAQ,WMT,Consumer Defensive,fwd_pe,32.36352,16.5551,42.1,16.5551,-60.7,True,cross_sectional,-2.5,-9.1,0.5,-11.1,0.9,False,True,cross_sectional_primary
20260827,NASDAQ,WSC,Industrials,ev_ebitda,13.022,18.754,,18.754,,False,cross_sectional,10.0,-0.2,4.9,14.7,0.9,False,True,cross_sectional_primary
20260827,NASDAQ,WSE,Technology,fwd_pe,19.063675,20.9944,30.7,20.9944,-31.6,True,cross_sectional,0.0,-4.5,0.9,-3.6,0.9,False,False,cross_sectional_primary
20260827,NASDAQ,WTW,Financial Services,fwd_pe,14.9888115,15.3748,23.4,15.3748,-34.3,True,cross_sectional,0.0,-25.0,3.4,-21.6,0.9,True,False,cross_sectional_primary
20260827,NASDAQ,WWD,Industrials,ev_ebitda,26.556,18.754,,18.754,,False,cross_sectional,-2.5,36.4,0.0,33.9,0.9,False,True,cross_sectional_primary
20260827,NASDAQ,WYNN,Consumer Cyclical,fwd_pe,18.822458,16.5108,19.5,16.5108,-15.3,False,cross_sectional,-1.6,49.4,3.9,51.7,1.0,True,False,cross_sectional_primary
20260827,NASDAQ,XMTR,Industrials,ev_ebitda,,18.754,,18.754,,False,UNMEASURED,,48.5,-3.0,45.5,0.5,True,False,cross_sectional_primary
20260827,NASDAQ,XP,Financial Services,fwd_pe,7.54028,15.3748,1.8,15.3748,754.2,True,cross_sectional,10.0,8.6,1.1,19.7,0.9,False,True,cross_sectional_primary
20260827,NASDAQ,Z,Communication Services,fwd_pe,12.528229,12.8974,,12.8974,,False,cross_sectional,0.0,20.3,-4.3,16.0,0.7,False,False,cross_sectional_primary
20260827,NASDAQ,ZG,Communication Services,fwd_pe,12.296861,12.8974,,12.8974,,False,cross_sectional,0.0,23.3,-4.3,19.0,0.7,False,False,cross_sectional_primary
20260827,NASDAQ,ZM,Technology,fwd_pe,14.802604,20.9944,33.2,20.9944,-36.8,True,cross_sectional,10.0,48.8,0.2,59.0,0.9,True,True,cross_sectional_primary
20260827,NASDAQ,ZS,Technology,fwd_pe,37.041786,20.9944,,20.9944,,False,cross_sectional,-2.5,9.0,-3.2,3.2,0.7,False,True,cross_sectional_primary
20260828,NASDAQ,AAL,Industrials,ev_ebitda,10.833,18.7265,,18.7265,,False,cross_sectional,10.0,-25.0,4.2,-10.8,0.9,True,True,cross_sectional_primary
20260828,NASDAQ,AAON,Industrials,ev_ebitda,22.982,18.7265,,18.7265,,False,cross_sectional,-2.4,49.8,0.1,47.5,0.9,True,False,cross_sectional_primary
20260828,NASDAQ,AAPL,Technology,fwd_pe,32.979992,21.3362,33.1,21.3362,-35.5,True,cross_sectional,-2.5,28.7,2.6,28.8,0.9,False,True,cross_sectional_primary
20260828,NASDAQ,ABNB,Consumer Cyclical,fwd_pe,30.038296,16.1097,31.2,16.1097,-48.4,True,cross_sectional,-2.5,33.4,3.0,33.9,0.9,False,True,cross_sectional_primary
20260828,NASDAQ,ACAD,Healthcare,fwd_pe,33.405994,18.7937,12.6,18.7937,49.2,True,cross_sectional,-2.5,13.3,-1.8,9.0,0.9,False,True,cross_sectional_primary
20260828,NASDAQ,ACHC,Healthcare,fwd_pe,16.584894,18.7937,20.8,18.7937,-9.6,False,cross_sectional,6.5,-25.0,0.1,-18.4,1.0,True,False,cross_sectional_primary
20260828,NASDAQ,ACIW,Technology,fwd_pe,13.939588,21.3362,24.6,21.3362,-13.3,False,cross_sectional,10.0,49.7,1.9,61.6,1.0,True,True,cross_sectional_primary
20260828,NASDAQ,ADBE,Technology,fwd_pe,10.518221,21.3362,34.7,21.3362,-38.5,True,cross_sectional,10.0,7.9,3.5,21.4,0.9,False,True,cross_sectional_primary
20260828,NASDAQ,ADMA,Healthcare,fwd_pe,9.648854,18.7937,25.8,18.7937,-27.2,True,cross_sectional,10.0,18.6,-4.6,24.1,0.7,False,True,cross_sectional_primary
20260828,NASDAQ,ADP,Technology,fwd_pe,21.247248,21.3362,28.9,21.3362,-26.2,True,cross_sectional,0.0,9.8,0.8,10.6,0.9,False,False,cross_sectional_primary
20260828,NASDAQ,ADSK,Technology,fwd_pe,19.016562,21.3362,59.9,21.3362,-64.4,True,cross_sectional,5.9,49.8,0.2,55.9,0.9,True,False,cross_sectional_primary
20260828,NASDAQ,ADUS,Healthcare,fwd_pe,15.693257,18.7937,27.6,18.7937,-31.9,True,cross_sectional,9.4,24.2,-6.6,27.1,0.9,False,False,cross_sectional_primary
20260828,NASDAQ,AEP,Utilities,ev_ebitda,13.394,13.4355,,13.4355,,False,cross_sectional,0.0,-25.0,-1.6,-26.6,0.9,True,False,cross_sectional_primary
20260828,NASDAQ,AFRM,Financial Services,fwd_pe,15.869017,15.72,,15.72,,False,cross_sectional,0.0,50.0,-7.5,42.5,0.9,True,False,cross_sectional_primary
20260828,NASDAQ,AGYS,Technology,fwd_pe,37.641544,21.3362,116.4,21.3362,-81.7,True,cross_sectional,-2.5,49.2,-2.8,43.8,0.9,True,True,cross_sectional_primary
20260828,NASDAQ,AKAM,Technology,fwd_pe,15.525059,21.3362,28.8,21.3362,-25.9,True,cross_sectional,10.0,-25.0,2.7,-12.3,0.9,True,True,cross_sectional_primary
20260828,NASDAQ,ALAB,Technology,fwd_pe,47.56252,21.3362,,21.3362,,False,cross_sectional,-2.5,49.7,-8.5,38.7,0.9,True,True,cross_sectional_primary
20260828,NASDAQ,ALGN,Healthcare,fwd_pe,12.658036,18.7937,41.6,18.7937,-54.8,True,cross_sectional,10.0,-12.1,2.6,0.5,0.9,False,True,cross_sectional_primary
20260828,NASDAQ,ALGT,Industrials,ev_ebitda,10.429,18.7265,,18.7265,,False,cross_sectional,10.0,48.4,-0.1,58.4,0.7,True,True,cross_sectional_primary
20260828,NASDAQ,ALHC,Healthcare,fwd_pe,18.019934,18.7937,,18.7937,,False,cross_sectional,0.0,49.6,-3.1,46.5,0.9,True,False,cross_sectional_primary
20260828,NASDAQ,ALKS,Healthcare,fwd_pe,26.747036,18.7937,13.6,18.7937,38.2,True,cross_sectional,-2.5,-25.0,0.3,-27.2,0.9,True,True,cross_sectional_primary
20260828,NASDAQ,ALKT,Technology,fwd_pe,18.726593,21.3362,,21.3362,,False,cross_sectional,6.7,34.5,-5.1,36.1,0.7,False,False,cross_sectional_primary
20260828,NASDAQ,ALNY,Healthcare,fwd_pe,18.79371,18.7937,,18.7937,,False,cross_sectional,0.0,33.0,-3.8,29.1,0.7,False,False,cross_sectional_primary
20260828,NASDAQ,ALRM,Technology,fwd_pe,18.762215,21.3362,34.0,21.3362,-37.2,True,cross_sectional,6.6,-23.4,-3.9,-20.6,0.9,False,False,cross_sectional_primary
20260828,NASDAQ,AMAT,Technology,fwd_pe,26.132431,21.3362,18.6,21.3362,14.7,False,cross_sectional,-2.4,42.6,2.2,42.4,1.0,False,False,cross_sectional_primary
20260828,NASDAQ,AMBA,Technology,fwd_pe,62.024426,21.3362,,21.3362,,False,cross_sectional,-2.5,36.2,-3.5,30.2,0.7,False,True,cross_sectional_primary
20260828,NASDAQ,AMD,Technology,fwd_pe,30.85097,21.3362,100.8,21.3362,-78.8,True,cross_sectional,-2.5,49.7,-0.3,46.8,0.9,True,True,cross_sectional_primary
20260828,NASDAQ,AMGN,Healthcare,fwd_pe,17.911194,18.7937,22.2,18.7937,-15.3,False,cross_sectional,0.0,48.4,-0.4,48.0,1.0,True,False,cross_sectional_primary
20260828,NASDAQ,AMRX,Healthcare,fwd_pe,15.512489,18.7937,,18.7937,,False,cross_sectional,10.0,49.7,-10.0,49.7,0.9,True,True,cross_sectional_primary
20260828,NASDAQ,AMZN,Consumer Cyclical,fwd_pe,24.662891,16.1097,39.7,16.1097,-59.4,True,cross_sectional,-2.5,49.8,-1.6,45.7,0.9,True,True,cross_sectional_primary
20260828,NASDAQ,APLD,Technology,fwd_pe,,21.3362,,21.3362,,False,UNMEASURED,,47.9,-10.0,37.9,0.5,True,False,cross_sectional_primary
20260828,NASDAQ,APP,Communication Services,fwd_pe,14.88942,13.0916,69.1,13.0916,-81.1,True,cross_sectional,-1.6,47.7,2.9,49.0,0.9,True,False,cross_sectional_primary
20260828,NASDAQ,APPF,Technology,fwd_pe,27.523365,21.3362,60.0,21.3362,-64.4,True,cross_sectional,-2.5,18.2,0.1,15.8,0.9,False,True,cross_sectional_primary
20260828,NASDAQ,APPN,Technology,fwd_pe,29.199965,21.3362,,21.3362,,False,cross_sectional,-2.5,24.9,-1.1,21.3,0.7,False,True,cross_sectional_primary
20260828,NASDAQ,ARGX,Healthcare,fwd_pe,26.989952,18.7937,45.5,18.7937,-58.7,True,cross_sectional,-2.5,49.3,-7.5,39.3,0.9,True,True,cross_sectional_primary
20260828,NASDAQ,ARM,Technology,fwd_pe,83.379074,21.3362,239.7,21.3362,-91.1,True,cross_sectional,-2.5,49.4,-1.1,45.8,0.9,True,True,cross_sectional_primary
20260828,NASDAQ,ARXS,Industrials,ev_ebitda,45.806,18.7265,,18.7265,,False,cross_sectional,-2.5,21.4,0.0,18.9,0.7,False,True,cross_sectional_primary
20260828,NASDAQ,ASML,Technology,fwd_pe,28.801256,21.3362,34.8,21.3362,-38.7,True,cross_sectional,-2.5,28.5,0.7,26.7,0.9,False,True,cross_sectional_primary
20260828,NASDAQ,ASND,Healthcare,fwd_pe,26.224865,18.7937,,18.7937,,False,cross_sectional,-2.5,-22.4,-3.8,-28.7,0.7,False,True,cross_sectional_primary
20260828,NASDAQ,ATAT,Consumer Cyclical,fwd_pe,12.479276,16.1097,3.2,16.1097,403.4,True,cross_sectional,10.0,31.7,-0.5,41.2,0.9,False,True,cross_sectional_primary
20260828,NASDAQ,ATRC,Healthcare,fwd_pe,114.11432,18.7937,,18.7937,,False,cross_sectional,-2.5,41.5,-1.5,37.4,0.7,False,True,cross_sectional_primary
20260828,NASDAQ,ATRO,Industrials,ev_ebitda,24.861,18.7265,,18.7265,,False,cross_sectional,-2.5,50.0,-5.0,42.5,0.9,True,True,cross_sectional_primary
20260828,NASDAQ,AUPH,Healthcare,fwd_pe,15.445266,18.7937,116.1,18.7937,-83.8,True,cross_sectional,10.0,48.9,1.6,60.5,0.9,True,True,cross_sectional_primary
20260828,NASDAQ,AVAH,Healthcare,fwd_pe,15.622527,18.7937,,18.7937,,False,cross_sectional,9.7,38.5,-6.4,41.8,0.9,False,False,cross_sectional_primary
20260828,NASDAQ,AVGO,Technology,fwd_pe,19.053364,21.3362,52.2,21.3362,-59.1,True,cross_sectional,5.8,49.1,-6.6,48.3,0.9,True,False,cross_sectional_primary
20260828,NASDAQ,AVPT,Technology,fwd_pe,28.852749,21.3362,,21.3362,,False,cross_sectional,-2.5,50.0,-10.0,37.5,0.9,True,True,cross_sectional_primary
20260828,NASDAQ,AXGN,Healthcare,fwd_pe,74.565765,18.7937,,18.7937,,False,cross_sectional,-2.5,39.5,-3.6,33.4,0.7,False,True,cross_sectional_primary
20260828,NASDAQ,BATRA,Communication Services,fwd_pe,,13.0916,,13.0916,,False,UNMEASURED,,-1.8,-0.5,-2.3,0.5,False,False,cross_sectional_primary
20260828,NASDAQ,BATRK,Communication Services,fwd_pe,,13.0916,,13.0916,,False,UNMEASURED,,12.0,-0.5,11.5,0.5,False,False,cross_sectional_primary
20260828,NASDAQ,BCPC,Basic Materials,ev_ebitda,21.43,17.1785,,17.1785,,False,cross_sectional,-2.5,18.8,-0.2,16.1,0.9,False,True,cross_sectional_primary
20260828,NASDAQ,BCRX,Healthcare,fwd_pe,10.5,18.7937,,18.7937,,False,cross_sectional,10.0,50.0,-6.6,53.3,0.9,True,True,cross_sectional_primary
20260828,NASDAQ,BELFA,Technology,fwd_pe,26.620474,21.3362,19.9,21.3362,7.2,False,cross_sectional,-2.5,-11.7,0.5,-13.7,1.0,False,True,cross_sectional_primary
20260828,NASDAQ,BELFB,Technology,fwd_pe,24.12764,21.3362,18.8,21.3362,13.5,False,cross_sectional,-1.5,-11.7,0.5,-12.7,1.0,False,False,cross_sectional_primary
20260828,NASDAQ,BGC,Financial Services,fwd_pe,7.6825395,15.72,32.6,15.72,-51.8,True,cross_sectional,10.0,27.7,0.9,38.6,0.9,False,True,cross_sectional_primary
20260828,NASDAQ,BIDU,Communication Services,fwd_pe,12.091799,13.0916,4.0,13.0916,227.3,True,cross_sectional,0.0,-25.0,1.7,-23.3,0.9,True,False,cross_sectional_primary
20260828,NASDAQ,BILI,Communication Services,fwd_pe,12.64721,13.0916,,13.0916,,False,cross_sectional,0.0,24.4,-3.7,20.7,0.7,False,False,cross_sectional_primary
20260828,NASDAQ,BKR,Energy,ev_ebitda,12.618,7.66,,7.66,,False,cross_sectional,-2.5,-4.2,1.0,-5.7,0.9,False,True,cross_sectional_primary
20260828,NASDAQ,BLKB,Technology,fwd_pe,8.135678,21.3362,1439.5,21.3362,-98.5,True,cross_sectional,10.0,43.3,5.0,58.3,0.9,False,True,cross_sectional_primary
20260828,NASDAQ,BMRN,Healthcare,fwd_pe,10.088103,18.7937,72.9,18.7937,-74.2,True,cross_sectional,10.0,-25.0,-1.5,-16.5,0.9,True,True,cross_sectional_primary
20260828,NASDAQ,BRKR,Healthcare,fwd_pe,24.62174,18.7937,34.3,18.7937,-45.2,True,cross_sectional,-2.5,10.7,-1.6,6.7,0.7,False,True,cross_sectional_primary
20260828,NASDAQ,BRKRP,Healthcare,fwd_pe,,18.7937,,18.7937,,False,UNMEASURED,,4.2,0.0,4.2,0.3,False,False,cross_sectional_primary
20260828,NASDAQ,BRZE,Technology,fwd_pe,35.182415,21.3362,,21.3362,,False,cross_sectional,-2.5,42.4,-4.9,35.0,0.7,False,True,cross_sectional_primary
20260828,NASDAQ,BSP,Technology,fwd_pe,23.397774,21.3362,287.1,21.3362,-92.6,True,cross_sectional,0.0,49.6,1.1,50.7,0.9,True,False,cross_sectional_primary
20260828,NASDAQ,BSY,Technology,fwd_pe,23.944128,21.3362,56.4,21.3362,-62.2,True,cross_sectional,-1.4,14.8,-0.1,13.3,0.9,False,False,cross_sectional_primary
20260828,NASDAQ,BTSG,Healthcare,fwd_pe,26.73128,18.7937,,18.7937,,False,cross_sectional,-2.5,49.7,-10.0,37.2,0.9,True,True,cross_sectional_primary
20260828,NASDAQ,BTSGU,Healthcare,fwd_pe,,18.7937,,18.7937,,False,UNMEASURED,,49.7,0.0,49.7,0.5,True,False,cross_sectional_primary
20260828,NASDAQ,BULL,Technology,fwd_pe,30.38095,21.3362,,21.3362,,False,cross_sectional,-2.5,27.2,-10.0,14.7,0.7,False,True,cross_sectional_primary
20260828,NASDAQ,BZ,Communication Services,fwd_pe,12.141976,13.0916,5.2,13.0916,151.8,True,cross_sectional,0.0,49.7,-1.3,48.3,0.9,True,False,cross_sectional_primary
20260828,NASDAQ,CACC,Financial Services,fwd_pe,10.829215,15.72,17.9,15.72,-12.2,False,cross_sectional,10.0,48.7,5.4,64.1,1.0,True,True,cross_sectional_primary
20260828,NASDAQ,CAE,Industrials,ev_ebitda,11.524,18.7265,,18.7265,,False,cross_sectional,10.0,-25.0,-0.3,-15.3,0.9,True,True,cross_sectional_primary
20260828,NASDAQ,CAI,Healthcare,fwd_pe,69.81237,18.7937,,18.7937,,False,cross_sectional,-2.5,49.5,15.0,62.0,0.7,True,True,cross_sectional_primary
20260828,NASDAQ,CAKE,Consumer Cyclical,fwd_pe,22.188362,16.1097,16.0,16.1097,0.7,False,cross_sectional,-2.5,23.7,0.5,21.7,1.0,False,True,cross_sectional_primary
20260828,NASDAQ,CAMT,Technology,fwd_pe,29.63774,21.3362,37.3,21.3362,-42.8,True,cross_sectional,-2.5,-10.0,-1.1,-13.6,0.9,False,True,cross_sectional_primary
20260828,NASDAQ,CART,Consumer Cyclical,fwd_pe,10.308373,16.1097,28.1,16.1097,-42.7,True,cross_sectional,10.0,8.1,-10.0,8.1,0.9,False,True,cross_sectional_primary
20260828,NASDAQ,CASY,Consumer Cyclical,fwd_pe,32.321712,16.1097,33.5,16.1097,-51.9,True,cross_sectional,-2.5,48.5,0.1,46.1,0.9,True,True,cross_sectional_primary
20260828,NASDAQ,CCC,Technology,fwd_pe,14.505477,21.3362,219.5,21.3362,-90.3,True,cross_sectional,10.0,49.0,-3.3,55.7,0.9,True,True,cross_sectional_primary
20260828,NASDAQ,CCEP,Consumer Defensive,fwd_pe,18.738443,16.1473,19.1,16.1473,-15.5,False,cross_sectional,-1.8,9.0,0.4,7.6,1.0,False,False,cross_sectional_primary
20260828,NASDAQ,CDNA,Healthcare,fwd_pe,38.642067,18.7937,,18.7937,,False,cross_sectional,-2.5,9.4,0.4,7.3,0.7,False,True,cross_sectional_primary
20260828,NASDAQ,CDNS,Technology,fwd_pe,36.41696,21.3362,72.9,21.3362,-70.7,True,cross_sectional,-2.5,49.5,-0.1,46.9,0.9,True,True,cross_sectional_primary
20260828,NASDAQ,CECO,Industrials,ev_ebitda,55.341,18.7265,,18.7265,,False,cross_sectional,-2.5,27.9,-1.8,23.6,0.7,False,True,cross_sectional_primary
20260828,NASDAQ,CEG,Utilities,ev_ebitda,15.645,13.4355,,13.4355,,False,cross_sectional,-1.8,-25.0,1.6,-25.3,0.9,True,False,cross_sectional_primary
20260828,NASDAQ,CELH,Consumer Defensive,fwd_pe,18.89386,16.1473,76.7,16.1473,-78.9,True,cross_sectional,-1.9,-25.0,-3.8,-30.7,0.9,True,False,cross_sectional_primary
20260828,NASDAQ,CHDN,Consumer Cyclical,fwd_pe,11.7871475,16.1097,22.5,16.1097,-28.4,True,cross_sectional,10.0,14.4,2.9,27.3,0.9,False,True,cross_sectional_primary
20260828,NASDAQ,CHEF,Consumer Defensive,fwd_pe,36.200336,16.1473,37.2,16.1473,-56.6,True,cross_sectional,-2.5,47.5,-0.4,44.6,0.9,True,True,cross_sectional_primary
20260828,NASDAQ,CHKP,Technology,fwd_pe,11.78844,21.3362,20.8,21.3362,2.6,False,cross_sectional,10.0,1.6,3.6,15.2,1.0,False,True,cross_sectional_primary
20260828,NASDAQ,CHRD,Energy,ev_ebitda,3.331,7.66,,7.66,,False,cross_sectional,10.0,-22.2,-10.0,-22.2,0.7,False,True,cross_sectional_primary
20260828,NASDAQ,CHTR,Communication Services,fwd_pe,3.3630588,13.0916,10.5,13.0916,24.7,False,cross_sectional,10.0,16.1,4.8,30.9,1.0,False,True,cross_sectional_primary
20260828,NASDAQ,CHTRP,,fwd_pe,,18.778,,18.778,,False,UNMEASURED,,0.0,0.0,0.0,0.0,False,False,cross_sectional_primary
20260828,NASDAQ,CHYM,Technology,fwd_pe,20.720497,21.3362,,21.3362,,False,cross_sectional,0.0,21.4,15.0,36.4,0.7,False,False,cross_sectional_primary
20260828,NASDAQ,CLBT,Technology,fwd_pe,18.814777,21.3362,32.9,21.3362,-35.1,True,cross_sectional,6.5,-25.0,-10.0,-28.5,0.9,True,False,cross_sectional_primary
20260828,NASDAQ,CMCSA,Communication Services,fwd_pe,7.2910886,13.0916,9.0,13.0916,45.5,True,cross_sectional,10.0,-25.0,5.4,-9.6,0.9,True,True,cross_sectional_primary
20260828,NASDAQ,CME,Financial Services,fwd_pe,21.727463,15.72,22.2,15.72,-29.2,True,cross_sectional,-2.5,2.5,-0.1,-0.1,0.9,False,True,cross_sectional_primary
20260828,NASDAQ,CMPR,Industrials,ev_ebitda,11.328,18.7265,,18.7265,,False,cross_sectional,10.0,7.0,0.0,17.0,0.5,False,True,cross_sectional_primary
20260828,NASDAQ,COCO,Consumer Defensive,fwd_pe,26.337608,16.1473,41.9,16.1473,-61.5,True,cross_sectional,-2.5,49.5,-1.0,45.9,0.9,True,True,cross_sectional_primary
20260828,NASDAQ,COIN,Financial Services,fwd_pe,67.44561,15.72,50.8,15.72,-69.1,True,cross_sectional,-2.5,49.7,-6.3,41.0,0.7,True,True,cross_sectional_primary
20260828,NASDAQ,COKE,Consumer Defensive,fwd_pe,4.997432,16.1473,19.3,16.1473,-16.3,False,cross_sectional,10.0,49.8,5.5,65.4,1.0,True,True,cross_sectional_primary
20260828,NASDAQ,COO,Healthcare,fwd_pe,14.204556,18.7937,45.4,18.7937,-58.6,True,cross_sectional,10.0,6.4,-0.2,16.2,0.7,False,True,cross_sectional_primary
20260828,NASDAQ,CORT,Healthcare,fwd_pe,26.559908,18.7937,33.3,18.7937,-43.6,True,cross_sectional,-2.5,24.1,-3.6,18.0,0.9,False,True,cross_sectional_primary
20260828,NASDAQ,COST,Consumer Defensive,fwd_pe,41.24762,16.1473,46.2,16.1473,-65.0,True,cross_sectional,-2.5,44.5,-0.0,42.0,0.9,False,True,cross_sectional_primary
20260828,NASDAQ,CPB,Consumer Defensive,fwd_pe,12.192887,16.1473,16.5,16.1473,-2.1,False,cross_sectional,10.0,49.1,0.2,59.3,1.0,True,True,cross_sectional_primary
20260828,NASDAQ,CPRT,Industrials,ev_ebitda,13.379,18.7265,,18.7265,,False,cross_sectional,10.0,2.3,-0.6,11.7,0.9,False,True,cross_sectional_primary
20260828,NASDAQ,CRDO,Technology,fwd_pe,26.341211,21.3362,295.9,21.3362,-92.8,True,cross_sectional,-2.5,49.9,-10.0,37.4,0.9,True,True,cross_sectional_primary
20260828,NASDAQ,CROX,Consumer Cyclical,fwd_pe,8.139767,16.1097,7.3,16.1097,120.7,True,cross_sectional,10.0,5.8,6.5,22.2,0.7,False,True,cross_sectional_primary
20260828,NASDAQ,CRUS,Technology,fwd_pe,12.458147,21.3362,20.0,21.3362,6.7,False,cross_sectional,10.0,28.9,2.9,41.8,1.0,False,True,cross_sectional_primary
20260828,NASDAQ,CRVL,Financial Services,price_fcf,31.803320838207156,24.4164,,24.4164,,False,cross_sectional,-2.5,21.2,0.4,19.1,0.9,False,True,cross_sectional_primary
20260828,NASDAQ,CRWD,Technology,fwd_pe,143.21344,21.3362,,21.3362,,False,cross_sectional,-2.5,21.6,-1.4,17.7,0.7,False,True,cross_sectional_primary
20260828,NASDAQ,CRWV,Technology,fwd_pe,,21.3362,,21.3362,,False,UNMEASURED,,40.4,-3.8,36.6,0.5,False,False,cross_sectional_primary
20260828,NASDAQ,CSCO,Technology,fwd_pe,20.035015,21.3362,18.9,21.3362,12.9,False,cross_sectional,0.0,46.9,1.3,48.2,1.0,True,False,cross_sectional_primary
20260828,NASDAQ,CTAS,Industrials,ev_ebitda,28.084,18.7265,,18.7265,,False,cross_sectional,-2.5,15.6,0.9,14.0,0.9,False,True,cross_sectional_primary
20260828,NASDAQ,CTSH,Technology,fwd_pe,10.096915,21.3362,16.6,21.3362,28.5,True,cross_sectional,10.0,3.8,1.6,15.4,0.9,False,True,cross_sectional_primary
20260828,NASDAQ,CVCO,Consumer Cyclical,fwd_pe,19.78299,16.1097,24.0,16.1097,-32.9,True,cross_sectional,-2.4,-15.4,3.8,-14.0,0.9,False,False,cross_sectional_primary
20260828,NASDAQ,CVLT,Technology,fwd_pe,22.634657,21.3362,74.6,21.3362,-71.4,True,cross_sectional,0.0,-3.8,0.5,-3.3,0.9,False,False,cross_sectional_primary
20260828,NASDAQ,CWST,Industrials,ev_ebitda,17.513,18.7265,,18.7265,,False,cross_sectional,0.0,-25.0,-7.2,-32.2,0.9,True,False,cross_sectional_primary
20260828,NASDAQ,CZR,Consumer Cyclical,fwd_pe,40.977146,16.1097,,16.1097,,False,cross_sectional,-2.5,49.7,1.9,49.0,0.7,True,True,cross_sectional_primary
20260828,NASDAQ,DASH,Consumer Cyclical,fwd_pe,28.47666,16.1097,332.7,16.1097,-95.2,True,cross_sectional,-2.5,-25.0,-5.8,-33.3,0.9,True,True,cross_sectional_primary
20260828,NASDAQ,DAVE,Technology,fwd_pe,17.014307,21.3362,18.6,21.3362,14.7,False,cross_sectional,10.0,-21.0,-10.0,-21.0,1.0,False,True,cross_sectional_primary
20260828,NASDAQ,DBX,Technology,fwd_pe,10.937791,21.3362,18.2,21.3362,17.2,False,cross_sectional,10.0,-6.7,11.2,14.5,1.0,False,True,cross_sectional_primary
20260828,NASDAQ,DDOG,Technology,fwd_pe,81.83677,21.3362,438.7,21.3362,-95.1,True,cross_sectional,-2.5,50.0,-1.9,45.6,0.9,True,True,cross_sectional_primary
20260828,NASDAQ,DGII,Technology,fwd_pe,24.728607,21.3362,44.8,21.3362,-52.4,True,cross_sectional,-1.8,45.8,-1.2,42.8,0.9,False,False,cross_sectional_primary
20260828,NASDAQ,DJT,Communication Services,price_fcf,191.4390581334687,24.4164,,24.4164,,False,cross_sectional,-2.5,48.7,-10.0,36.2,0.7,True,True,cross_sectional_primary
20260828,NASDAQ,DKNG,Consumer Cyclical,fwd_pe,14.729852,16.1097,,16.1097,,False,cross_sectional,0.0,48.6,-3.5,45.0,0.7,True,False,cross_sectional_primary
20260828,NASDAQ,DLO,Technology,fwd_pe,13.413305,21.3362,30.1,21.3362,-29.1,True,cross_sectional,10.0,28.6,0.2,38.8,0.9,False,True,cross_sectional_primary
20260828,NASDAQ,DLTR,Consumer Defensive,fwd_pe,16.229784,16.1473,20.1,16.1473,-19.7,False,cross_sectional,0.0,9.5,3.1,12.6,1.0,False,False,cross_sectional_primary
20260828,NASDAQ,DOCU,Technology,fwd_pe,12.515767,21.3362,43.1,21.3362,-50.5,True,cross_sectional,10.0,17.6,-0.0,27.6,0.9,False,True,cross_sectional_primary
20260828,NASDAQ,DORM,Consumer Cyclical,fwd_pe,13.804576,16.1097,20.7,16.1097,-22.2,False,cross_sectional,8.0,47.2,1.2,56.4,1.0,True,False,cross_sectional_primary
20260828,NASDAQ,DPZ,Consumer Cyclical,fwd_pe,15.911597,16.1097,25.1,16.1097,-35.8,True,cross_sectional,0.0,6.8,1.7,8.5,0.9,False,False,cross_sectional_primary
20260828,NASDAQ,DRS,Industrials,ev_ebitda,20.894,18.7265,,18.7265,,False,cross_sectional,-1.3,48.0,-0.9,45.8,0.9,True,False,cross_sectional_primary
20260828,NASDAQ,DSGX,Technology,fwd_pe,25.149586,21.3362,61.2,21.3362,-65.1,True,cross_sectional,-2.0,34.1,-0.4,31.7,0.9,False,False,cross_sectional_primary
20260828,NASDAQ,DUOL,Technology,fwd_pe,18.701279,21.3362,164.5,21.3362,-87.0,True,cross_sectional,6.8,-25.0,-0.8,-19.0,0.9,True,False,cross_sectional_primary
20260828,NASDAQ,DXCM,Healthcare,fwd_pe,28.581398,18.7937,74.7,18.7937,-74.8,True,cross_sectional,-2.5,43.3,2.4,43.2,0.9,False,True,cross_sectional_primary
20260828,NASDAQ,DXPE,Industrials,ev_ebitda,15.532,18.7265,,18.7265,,False,cross_sectional,9.8,23.0,3.5,36.3,0.9,False,False,cross_sectional_primary
20260828,NASDAQ,EBAY,Consumer Cyclical,fwd_pe,15.189613,16.1097,15.4,16.1097,4.6,False,cross_sectional,0.0,47.4,6.3,53.7,1.0,True,False,cross_sectional_primary
20260828,NASDAQ,ECPG,Financial Services,fwd_pe,7.6360917,15.72,5.8,15.72,171.0,True,cross_sectional,10.0,12.9,0.3,23.2,0.9,False,True,cross_sectional_primary
20260828,NASDAQ,EEFT,Technology,fwd_pe,5.741334,21.3362,17.1,21.3362,24.8,False,cross_sectional,10.0,-24.7,5.8,-8.9,1.0,False,True,cross_sectional_primary
20260828,NASDAQ,ENLT,Utilities,ev_ebitda,35.805,13.4355,,13.4355,,False,cross_sectional,-2.5,50.0,-3.5,44.0,0.9,True,True,cross_sectional_primary
20260828,NASDAQ,ENSG,Healthcare,fwd_pe,20.290953,18.7937,27.8,18.7937,-32.4,True,cross_sectional,0.0,16.7,-1.3,15.4,0.9,False,False,cross_sectional_primary
20260828,NASDAQ,EQPT,Industrials,ev_ebitda,23.971,18.7265,,18.7265,,False,cross_sectional,-2.5,0.0,0.0,-2.5,0.9,False,True,cross_sectional_primary
20260828,NASDAQ,ESLT,Industrials,ev_ebitda,34.069,18.7265,,18.7265,,False,cross_sectional,-2.5,34.2,-2.6,29.1,0.9,False,True,cross_sectional_primary
20260828,NASDAQ,ETOR,Financial Services,fwd_pe,10.730328,15.72,22.1,15.72,-28.9,True,cross_sectional,10.0,49.1,-7.8,51.4,0.9,True,True,cross_sectional_primary
20260828,NASDAQ,EVRG,Utilities,ev_ebitda,12.428,13.4355,,13.4355,,False,cross_sectional,0.0,23.0,-0.7,22.3,0.9,False,False,cross_sectional_primary
20260828,NASDAQ,EXC,Utilities,ev_ebitda,11.519,13.4355,,13.4355,,False,cross_sectional,8.0,-0.2,-0.6,7.2,0.9,False,False,cross_sectional_primary
20260828,NASDAQ,EXE,Energy,ev_ebitda,3.832,7.66,,7.66,,False,cross_sectional,10.0,-25.0,-10.0,-25.0,0.9,True,True,cross_sectional_primary
20260828,NASDAQ,EXEL,Healthcare,fwd_pe,13.294295,18.7937,24.0,18.7937,-21.7,False,cross_sectional,10.0,26.2,6.4,42.6,1.0,False,True,cross_sectional_primary
20260828,NASDAQ,EXLS,Technology,fwd_pe,14.701467,21.3362,32.2,21.3362,-33.7,True,cross_sectional,10.0,5.0,1.7,16.7,0.9,False,True,cross_sectional_primary
20260828,NASDAQ,EXPE,Consumer Cyclical,fwd_pe,13.184125,16.1097,28.2,16.1097,-42.9,True,cross_sectional,10.0,49.7,6.3,66.0,0.9,True,True,cross_sectional_primary
20260828,NASDAQ,EZPW,Financial Services,fwd_pe,15.741078,15.72,12.8,15.72,22.8,False,cross_sectional,0.0,41.2,-1.5,39.6,1.0,False,False,cross_sectional_primary
20260828,NASDAQ,FA,Industrials,ev_ebitda,12.812,18.7265,,18.7265,,False,cross_sectional,10.0,50.0,-8.8,51.2,0.9,True,True,cross_sectional_primary
20260828,NASDAQ,FANG,Energy,ev_ebitda,6.315,7.66,,7.66,,False,cross_sectional,10.0,49.7,-10.0,49.7,0.9,True,True,cross_sectional_primary
20260828,NASDAQ,FAST,Industrials,ev_ebitda,30.14,18.7265,,18.7265,,False,cross_sectional,-2.5,14.6,-0.2,11.9,0.9,False,True,cross_sectional_primary
20260828,NASDAQ,FCFS,Financial Services,fwd_pe,17.0629,15.72,19.6,15.72,-19.8,False,cross_sectional,0.0,47.9,1.3,49.1,1.0,True,False,cross_sectional_primary
20260828,NASDAQ,FELE,Industrials,ev_ebitda,13.391,18.7265,,18.7265,,False,cross_sectional,10.0,11.4,1.6,23.0,0.9,False,True,cross_sectional_primary
20260828,NASDAQ,FER,Industrials,ev_ebitda,32.847,18.7265,,18.7265,,False,cross_sectional,-2.5,-25.0,0.7,-26.8,0.9,True,True,cross_sectional_primary
20260828,NASDAQ,FFIV,Technology,fwd_pe,22.693228,21.3362,26.6,21.3362,-19.8,False,cross_sectional,0.0,11.4,1.3,12.7,1.0,False,False,cross_sectional_primary
20260828,NASDAQ,FIGR,Financial Services,fwd_pe,25.573935,15.72,234.8,15.72,-93.3,True,cross_sectional,-2.5,49.9,15.0,62.4,0.9,True,True,cross_sectional_primary
20260828,NASDAQ,FISV,,fwd_pe,6.478322,18.778,26.3,18.778,-28.6,True,cross_sectional,10.0,9.4,5.6,25.0,0.7,False,True,cross_sectional_primary
20260828,NASDAQ,FIVE,Consumer Cyclical,fwd_pe,24.787209,16.1097,39.6,16.1097,-59.3,True,cross_sectional,-2.5,49.7,0.2,47.4,0.9,True,True,cross_sectional_primary
20260828,NASDAQ,FIVN,Technology,fwd_pe,9.007037,21.3362,,21.3362,,False,cross_sectional,10.0,49.8,-10.0,49.8,0.9,True,True,cross_sectional_primary
20260828,NASDAQ,FIZZ,Consumer Defensive,fwd_pe,15.813493,16.1473,18.5,16.1473,-12.7,False,cross_sectional,0.0,-8.5,-0.0,-8.5,1.0,False,False,cross_sectional_primary
20260828,NASDAQ,FLYW,Technology,fwd_pe,13.89725,21.3362,579.9,21.3362,-96.3,True,cross_sectional,10.0,22.2,-5.5,26.8,0.7,False,True,cross_sectional_primary
20260828,NASDAQ,FORM,Technology,fwd_pe,31.720865,21.3362,43.9,21.3362,-51.4,True,cross_sectional,-2.5,49.9,-0.1,47.3,0.9,True,True,cross_sectional_primary
20260828,NASDAQ,FROG,Technology,fwd_pe,90.8551,21.3362,,21.3362,,False,cross_sectional,-2.5,13.4,-6.1,4.9,0.7,False,True,cross_sectional_primary
20260828,NASDAQ,FRPT,Consumer Defensive,fwd_pe,37.08308,16.1473,91.2,16.1473,-82.3,True,cross_sectional,-2.5,17.6,-7.9,7.2,0.9,False,True,cross_sectional_primary
20260828,NASDAQ,FRSH,Technology,fwd_pe,16.430824,21.3362,,21.3362,,False,cross_sectional,10.0,19.5,-0.1,29.4,0.7,False,True,cross_sectional_primary
20260828,NASDAQ,FSLR,Technology,fwd_pe,9.09015,21.3362,18.4,21.3362,16.0,False,cross_sectional,10.0,23.3,-0.1,33.2,1.0,False,True,cross_sectional_primary
20260828,NASDAQ,FSLY,Technology,fwd_pe,42.203342,21.3362,,21.3362,,False,cross_sectional,-2.5,8.9,-6.8,-0.4,0.7,False,True,cross_sectional_primary
20260828,NASDAQ,FTDR,Consumer Cyclical,fwd_pe,15.94445,16.1097,17.5,16.1097,-7.9,False,cross_sectional,0.0,18.9,4.0,22.9,1.0,False,False,cross_sectional_primary
20260828,NASDAQ,FTNT,Technology,fwd_pe,45.957504,21.3362,40.7,21.3362,-47.6,True,cross_sectional,-2.5,43.5,1.5,42.5,0.9,False,True,cross_sectional_primary
20260828,NASDAQ,FUTU,Financial Services,fwd_pe,10.082355,15.72,1.9,15.72,727.4,True,cross_sectional,10.0,42.8,-0.5,52.3,0.9,False,True,cross_sectional_primary
20260828,NASDAQ,FWONA,Communication Services,fwd_pe,38.912968,13.0916,41.5,13.0916,-68.5,True,cross_sectional,-2.5,-25.0,-4.9,-32.4,0.9,True,True,cross_sectional_primary
20260828,NASDAQ,FWONK,Communication Services,fwd_pe,54.30117,13.0916,45.8,13.0916,-71.4,True,cross_sectional,-2.5,-25.0,-4.9,-32.4,0.9,True,True,cross_sectional_primary
20260828,NASDAQ,GDS,Technology,fwd_pe,,21.3362,4.6,21.3362,363.8,True,UNMEASURED,,-25.0,-5.8,-30.8,0.5,True,False,cross_sectional_primary
20260828,NASDAQ,GEHC,Healthcare,fwd_pe,13.396868,18.7937,18.0,18.7937,4.4,False,cross_sectional,10.0,16.8,0.0,26.8,1.0,False,True,cross_sectional_primary
20260828,NASDAQ,GEN,Technology,fwd_pe,9.239401,21.3362,22.7,21.3362,-6.0,False,cross_sectional,10.0,48.3,1.8,60.2,1.0,True,True,cross_sectional_primary
20260828,NASDAQ,GILD,Healthcare,fwd_pe,15.048082,18.7937,19.4,18.7937,-3.1,False,cross_sectional,10.0,19.4,0.1,29.6,0.8,False,True,cross_sectional_primary
20260828,NASDAQ,GLBE,Consumer Cyclical,fwd_pe,19.728529,16.1097,,16.1097,,False,cross_sectional,-2.4,49.9,-3.5,44.0,0.9,True,False,cross_sectional_primary
20260828,NASDAQ,GLNG,Energy,ev_ebitda,21.952,7.66,,7.66,,False,cross_sectional,-2.5,49.5,-1.3,45.7,0.9,True,True,cross_sectional_primary
20260828,NASDAQ,GMAB,Healthcare,fwd_pe,21.446539,18.7937,26.8,18.7937,-29.9,True,cross_sectional,-1.6,-9.4,2.5,-8.5,0.9,False,False,cross_sectional_primary
20260828,NASDAQ,GNTX,Consumer Cyclical,fwd_pe,10.386404,16.1097,16.2,16.1097,-0.6,False,cross_sectional,10.0,25.8,3.3,39.1,1.0,False,True,cross_sectional_primary
20260828,NASDAQ,GOOG,Communication Services,fwd_pe,22.775661,13.0916,23.7,13.0916,-44.8,True,cross_sectional,-2.5,49.8,2.0,49.3,0.9,True,True,cross_sectional_primary
20260828,NASDAQ,GOOGL,Communication Services,fwd_pe,22.99978,13.0916,23.5,13.0916,-44.3,True,cross_sectional,-2.5,49.8,2.0,49.3,0.9,True,True,cross_sectional_primary
20260828,NASDAQ,GOOGM,,fwd_pe,,18.778,,18.778,,False,UNMEASURED,,0.0,0.0,0.0,0.0,False,False,cross_sectional_primary
20260828,NASDAQ,GOOGN,,fwd_pe,,18.778,,18.778,,False,UNMEASURED,,0.0,0.0,0.0,0.0,False,False,cross_sectional_primary
20260828,NASDAQ,GRAB,Technology,fwd_pe,25.827337,21.3362,,21.3362,,False,cross_sectional,-2.3,3.1,-7.1,-6.2,0.7,False,False,cross_sectional_primary
20260828,NASDAQ,GRFS,Healthcare,fwd_pe,5.4859486,18.7937,29.4,18.7937,-36.1,True,cross_sectional,10.0,32.9,-0.1,42.8,0.9,False,True,cross_sectional_primary
20260828,NASDAQ,GTLB,Technology,fwd_pe,43.536556,21.3362,,21.3362,,False,cross_sectional,-2.5,21.4,-4.0,14.9,0.7,False,True,cross_sectional_primary
20260828,NASDAQ,HALO,Healthcare,fwd_pe,10.287634,18.7937,22.0,18.7937,-14.6,False,cross_sectional,10.0,42.7,3.9,56.6,1.0,False,True,cross_sectional_primary
20260828,NASDAQ,HON,Industrials,ev_ebitda,11.27,18.7265,,18.7265,,False,cross_sectional,10.0,49.8,1.9,61.7,0.9,True,True,cross_sectional_primary
20260828,NASDAQ,HONA,Industrials,ev_ebitda,18.687,18.7265,,18.7265,,False,cross_sectional,0.0,-25.0,0.0,-25.0,0.9,True,False,cross_sectional_primary
20260828,NASDAQ,HOOD,Financial Services,fwd_pe,33.77262,15.72,39.5,15.72,-60.2,True,cross_sectional,-2.5,45.6,-1.6,41.5,0.9,False,True,cross_sectional_primary
20260828,NASDAQ,HQY,Healthcare,fwd_pe,17.088934,18.7937,84.0,18.7937,-77.6,True,cross_sectional,0.0,34.4,-0.3,34.1,0.9,False,False,cross_sectional_primary
20260828,NASDAQ,HRMY,Healthcare,fwd_pe,5.9628854,18.7937,14.1,18.7937,33.3,True,cross_sectional,10.0,49.2,1.5,60.7,0.9,True,True,cross_sectional_primary
20260828,NASDAQ,HSIC,Healthcare,fwd_pe,15.050805,18.7937,22.9,18.7937,-17.9,False,cross_sectional,10.0,17.1,3.9,31.0,1.0,False,True,cross_sectional_primary
20260828,NASDAQ,HTHT,Consumer Cyclical,fwd_pe,14.993884,16.1097,2.9,16.1097,455.5,True,cross_sectional,0.0,0.1,1.6,1.7,0.9,False,False,cross_sectional_primary
20260828,NASDAQ,HTO,Utilities,ev_ebitda,13.979,13.4355,,13.4355,,False,cross_sectional,0.0,-12.6,-5.3,-17.9,0.9,False,False,cross_sectional_primary
20260828,NASDAQ,HURN,Industrials,ev_ebitda,13.211,18.7265,,18.7265,,False,cross_sectional,10.0,48.9,4.2,63.1,0.9,True,True,cross_sectional_primary
20260828,NASDAQ,HWKN,Basic Materials,ev_ebitda,7.992,17.1785,,17.1785,,False,cross_sectional,10.0,8.2,0.4,18.6,0.9,False,True,cross_sectional_primary
20260828,NASDAQ,IBKR,Financial Services,fwd_pe,30.35295,15.72,22.0,15.72,-28.5,True,cross_sectional,-2.5,35.3,-2.3,30.5,0.9,False,True,cross_sectional_primary
20260828,NASDAQ,ICLR,Healthcare,fwd_pe,14.28913,18.7937,34.8,18.7937,-46.0,True,cross_sectional,10.0,-25.0,2.2,-12.8,0.9,True,True,cross_sectional_primary
20260828,NASDAQ,IDCC,Technology,fwd_pe,28.880259,21.3362,16.6,21.3362,28.5,True,cross_sectional,-2.5,-25.0,-10.0,-37.5,0.9,True,True,cross_sectional_primary
20260828,NASDAQ,IDXX,Healthcare,fwd_pe,32.562115,18.7937,51.1,18.7937,-63.2,True,cross_sectional,-2.5,17.6,1.8,16.9,0.9,False,True,cross_sectional_primary
20260828,NASDAQ,IESC,Industrials,ev_ebitda,23.558,18.7265,,18.7265,,False,cross_sectional,-2.5,49.3,0.6,47.4,0.9,True,True,cross_sectional_primary
20260828,NASDAQ,IMOS,Technology,fwd_pe,56.940594,21.3362,0.5,21.3362,4167.2,True,cross_sectional,-2.5,23.0,1.5,22.0,0.7,False,True,cross_sectional_primary
20260828,NASDAQ,INCY,Healthcare,fwd_pe,14.288623,18.7937,38.5,18.7937,-51.2,True,cross_sectional,10.0,37.7,5.7,53.4,0.9,False,True,cross_sectional_primary
20260828,NASDAQ,INIO,Industrials,ev_ebitda,42.467,18.7265,,18.7265,,False,cross_sectional,-2.5,49.2,0.0,46.7,0.7,True,True,cross_sectional_primary
20260828,NASDAQ,INOD,Technology,fwd_pe,28.371342,21.3362,49.9,21.3362,-57.2,True,cross_sectional,-2.5,49.4,-10.0,36.9,0.9,True,True,cross_sectional_primary
20260828,NASDAQ,INTU,Technology,fwd_pe,12.5900345,21.3362,55.7,21.3362,-61.7,True,cross_sectional,10.0,-0.8,0.0,9.2,0.9,False,True,cross_sectional_primary
20260828,NASDAQ,IPAR,Consumer Defensive,fwd_pe,22.534588,16.1473,24.1,16.1473,-33.0,True,cross_sectional,-2.5,-4.0,0.0,-6.5,0.9,False,True,cross_sectional_primary
20260828,NASDAQ,IRDM,Communication Services,fwd_pe,27.778425,13.0916,174.9,13.0916,-92.5,True,cross_sectional,-2.5,-25.0,8.4,-19.1,0.9,True,True,cross_sectional_primary
20260828,NASDAQ,IREN,Financial Services,fwd_pe,,15.72,,15.72,,False,UNMEASURED,,28.8,-10.0,18.8,0.5,False,False,cross_sectional_primary
20260828,NASDAQ,IRTC,Healthcare,fwd_pe,95.85689,18.7937,,18.7937,,False,cross_sectional,-2.5,49.1,-2.4,44.2,0.7,True,True,cross_sectional_primary
20260828,NASDAQ,ISRG,Healthcare,fwd_pe,30.409674,18.7937,72.4,18.7937,-74.0,True,cross_sectional,-2.5,26.5,-0.7,23.3,0.9,False,True,cross_sectional_primary
20260828,NASDAQ,ITRI,Technology,fwd_pe,14.352572,21.3362,21.0,21.3362,1.6,False,cross_sectional,10.0,-19.0,-0.5,-9.5,1.0,False,True,cross_sectional_primary
20260828,NASDAQ,JAZZ,Healthcare,fwd_pe,9.726368,18.7937,17.5,18.7937,7.4,False,cross_sectional,10.0,2.6,8.0,20.6,0.8,False,True,cross_sectional_primary
20260828,NASDAQ,JD,Consumer Cyclical,fwd_pe,6.731499,16.1097,1.9,16.1097,747.9,True,cross_sectional,10.0,21.3,3.1,34.4,0.9,False,True,cross_sectional_primary
20260828,NASDAQ,JKHY,Technology,fwd_pe,21.640514,21.3362,32.3,21.3362,-33.9,True,cross_sectional,0.0,-10.2,0.0,-10.2,0.9,False,False,cross_sectional_primary
20260828,NASDAQ,KARO,Technology,fwd_pe,23.06011,21.3362,1.6,21.3362,1233.5,True,cross_sectional,0.0,11.4,0.1,11.5,0.9,False,False,cross_sectional_primary
20260828,NASDAQ,KC,Technology,fwd_pe,,21.3362,,21.3362,,False,UNMEASURED,,48.6,-7.4,41.2,0.5,True,False,cross_sectional_primary
20260828,NASDAQ,KDP,Consumer Defensive,fwd_pe,12.580701,16.1473,24.4,16.1473,-33.8,True,cross_sectional,10.0,-25.0,1.6,-13.4,0.9,True,True,cross_sectional_primary
20260828,NASDAQ,KLAC,Technology,fwd_pe,27.531746,21.3362,35.2,21.3362,-39.4,True,cross_sectional,-2.5,13.8,1.6,12.9,0.9,False,True,cross_sectional_primary
20260828,NASDAQ,KNSA,Healthcare,fwd_pe,49.335396,18.7937,55.0,18.7937,-65.8,True,cross_sectional,-2.5,30.4,-4.8,23.1,0.9,False,True,cross_sectional_primary
20260828,NASDAQ,KSPI,Technology,fwd_pe,0.015434839,21.3362,,21.3362,,False,cross_sectional,10.0,0.2,0.0,10.2,0.9,False,True,cross_sectional_primary
20260828,NASDAQ,KYIV,Communication Services,fwd_pe,0.21663404,13.0916,8.2,13.0916,59.7,True,cross_sectional,10.0,-15.8,3.3,-2.5,0.9,False,True,cross_sectional_primary
20260828,NASDAQ,LASR,Technology,fwd_pe,71.412704,21.3362,,21.3362,,False,cross_sectional,-2.5,21.7,-4.1,15.0,0.7,False,True,cross_sectional_primary
20260828,NASDAQ,LAUR,Consumer Defensive,fwd_pe,16.06472,16.1473,18.6,16.1473,-13.2,False,cross_sectional,0.0,46.6,3.0,49.6,1.0,True,False,cross_sectional_primary
20260828,NASDAQ,LBTYA,Communication Services,fwd_pe,,13.0916,3.2,13.0916,309.1,True,UNMEASURED,,9.8,10.3,20.1,0.5,False,False,cross_sectional_primary
20260828,NASDAQ,LBTYB,Communication Services,fwd_pe,,13.0916,4.7,13.0916,178.5,True,UNMEASURED,,-6.2,10.3,4.2,0.5,False,False,cross_sectional_primary
20260828,NASDAQ,LBTYK,Communication Services,fwd_pe,,13.0916,3.4,13.0916,285.0,True,UNMEASURED,,-6.2,10.3,4.2,0.5,False,False,cross_sectional_primary
20260828,NASDAQ,LECO,Industrials,ev_ebitda,18.928,18.7265,,18.7265,,False,cross_sectional,0.0,12.5,2.0,14.5,0.9,False,False,cross_sectional_primary
20260828,NASDAQ,LFST,Healthcare,fwd_pe,23.174753,18.7937,,18.7937,,False,cross_sectional,-2.5,27.4,-3.2,21.7,0.7,False,False,cross_sectional_primary
20260828,NASDAQ,LFTO,Communication Services,fwd_pe,14.351412,13.0916,,13.0916,,False,cross_sectional,0.0,48.3,0.3,48.7,0.7,True,False,cross_sectional_primary
20260828,NASDAQ,LGN,Industrials,ev_ebitda,22.127,18.7265,,18.7265,,False,cross_sectional,-2.0,46.6,15.0,59.6,0.7,True,False,cross_sectional_primary
20260828,NASDAQ,LGND,Healthcare,fwd_pe,23.839247,18.7937,27.7,18.7937,-32.2,True,cross_sectional,-2.5,49.9,-6.9,40.5,0.9,True,True,cross_sectional_primary
20260828,NASDAQ,LI,Consumer Cyclical,fwd_pe,12.625461,16.1097,3.2,16.1097,403.4,True,cross_sectional,10.0,17.5,-0.6,26.9,0.7,False,True,cross_sectional_primary
20260828,NASDAQ,LIF,Technology,fwd_pe,24.798433,21.3362,,21.3362,,False,cross_sectional,-1.8,-25.0,-10.0,-36.8,0.9,True,False,cross_sectional_primary
20260828,NASDAQ,LIFE,Financial Services,fwd_pe,14.988617,15.72,21.6,15.72,-27.2,True,cross_sectional,0.0,-5.3,0.0,-5.3,0.9,False,False,cross_sectional_primary
20260828,NASDAQ,LIME,Industrials,ev_ebitda,15.915,18.7265,,18.7265,,False,cross_sectional,8.5,49.9,0.0,58.4,0.9,True,False,cross_sectional_primary
20260828,NASDAQ,LIN,Basic Materials,ev_ebitda,17.971,17.1785,,17.1785,,False,cross_sectional,0.0,11.3,2.1,13.4,0.9,False,False,cross_sectional_primary
20260828,NASDAQ,LITE,Technology,fwd_pe,28.962383,21.3362,507.9,21.3362,-95.8,True,cross_sectional,-2.5,2.4,-0.9,-1.0,0.7,False,True,cross_sectional_primary
20260828,NASDAQ,LIVN,Healthcare,fwd_pe,17.112602,18.7937,98.9,18.7937,-81.0,True,cross_sectional,0.0,49.8,-0.3,49.5,0.9,True,False,cross_sectional_primary
20260828,NASDAQ,LKQ,Consumer Cyclical,fwd_pe,8.200989,16.1097,12.4,16.1097,29.9,True,cross_sectional,10.0,-25.0,2.0,-13.0,0.9,True,True,cross_sectional_primary
20260828,NASDAQ,LNT,Utilities,ev_ebitda,16.281,13.4355,,13.4355,,False,cross_sectional,-2.3,-4.0,-0.9,-7.2,0.9,False,False,cross_sectional_primary
20260828,NASDAQ,LNTH,Healthcare,fwd_pe,15.887274,18.7937,20.0,18.7937,-6.0,False,cross_sectional,8.8,-0.9,1.3,9.1,1.0,False,False,cross_sectional_primary
20260828,NASDAQ,LOGI,Technology,fwd_pe,16.122347,21.3362,22.6,21.3362,-5.6,False,cross_sectional,10.0,48.5,3.2,61.7,1.0,True,True,cross_sectional_primary
20260828,NASDAQ,LOPE,Consumer Defensive,fwd_pe,13.263766,16.1473,20.3,16.1473,-20.5,False,cross_sectional,10.0,18.2,3.6,31.8,1.0,False,True,cross_sectional_primary
20260828,NASDAQ,LRCX,Technology,fwd_pe,27.565641,21.3362,32.9,21.3362,-35.1,True,cross_sectional,-2.5,34.8,2.3,34.6,0.9,False,True,cross_sectional_primary
20260828,NASDAQ,LULU,Consumer Cyclical,fwd_pe,10.261297,16.1097,22.8,16.1097,-29.3,True,cross_sectional,10.0,-25.0,3.2,-11.8,0.9,True,True,cross_sectional_primary
20260828,NASDAQ,LYFT,Technology,fwd_pe,8.143666,21.3362,108.9,21.3362,-80.4,True,cross_sectional,10.0,34.5,-4.1,40.4,0.9,False,True,cross_sectional_primary
20260828,NASDAQ,MANH,Technology,fwd_pe,36.4661,21.3362,66.5,21.3362,-67.9,True,cross_sectional,-2.5,-8.6,1.2,-9.9,0.9,False,True,cross_sectional_primary
20260828,NASDAQ,MAR,Consumer Cyclical,fwd_pe,26.879217,16.1097,26.8,16.1097,-39.9,True,cross_sectional,-2.5,4.3,5.0,6.8,0.9,False,True,cross_sectional_primary
20260828,NASDAQ,MBLY,Consumer Cyclical,fwd_pe,17.697113,16.1097,,16.1097,,False,cross_sectional,0.0,-2.3,-0.5,-2.8,0.7,False,False,cross_sectional_primary
20260828,NASDAQ,MCRI,Consumer Cyclical,fwd_pe,17.928934,16.1097,15.7,16.1097,2.6,False,cross_sectional,-1.3,23.6,2.5,24.8,1.0,False,False,cross_sectional_primary
20260828,NASDAQ,MDB,Technology,fwd_pe,60.015526,21.3362,,21.3362,,False,cross_sectional,-2.5,15.8,-6.8,6.5,0.7,False,True,cross_sectional_primary
20260828,NASDAQ,MDLZ,Consumer Defensive,fwd_pe,18.570133,16.1473,23.5,16.1473,-31.3,True,cross_sectional,-1.7,49.6,2.7,50.6,0.9,True,False,cross_sectional_primary
20260828,NASDAQ,MEDP,Healthcare,fwd_pe,31.670925,18.7937,31.5,18.7937,-40.3,True,cross_sectional,-2.5,37.1,3.7,38.3,0.9,False,True,cross_sectional_primary
20260828,NASDAQ,MELI,Consumer Cyclical,fwd_pe,33.973488,16.1097,64.9,16.1097,-75.2,True,cross_sectional,-2.5,-10.9,0.3,-13.1,0.9,False,True,cross_sectional_primary
20260828,NASDAQ,META,Communication Services,fwd_pe,16.394434,13.0916,23.8,13.0916,-45.0,True,cross_sectional,-2.5,-13.4,1.1,-14.8,0.9,False,True,cross_sectional_primary
20260828,NASDAQ,MFP,Industrials,ev_ebitda,18.766,18.7265,,18.7265,,False,cross_sectional,0.0,15.8,0.0,15.8,0.7,False,False,cross_sectional_primary
20260828,NASDAQ,MGEE,Utilities,ev_ebitda,13.452,13.4355,,13.4355,,False,cross_sectional,0.0,23.6,-0.5,23.1,0.9,False,False,cross_sectional_primary
20260828,NASDAQ,MGNI,Communication Services,fwd_pe,18.122576,13.0916,58.3,13.0916,-77.5,True,cross_sectional,-2.5,48.4,-6.1,39.8,0.9,True,True,cross_sectional_primary
20260828,NASDAQ,MGRC,Industrials,ev_ebitda,13.119,18.7265,,18.7265,,False,cross_sectional,10.0,-6.2,-0.2,3.6,0.9,False,True,cross_sectional_primary
20260828,NASDAQ,MKSI,Technology,fwd_pe,15.391999,21.3362,36.5,21.3362,-41.5,True,cross_sectional,10.0,49.7,-0.7,59.0,0.9,True,True,cross_sectional_primary
20260828,NASDAQ,MKTX,Financial Services,fwd_pe,18.424683,15.72,35.1,15.72,-55.2,True,cross_sectional,-1.9,1.0,0.7,-0.2,0.9,False,False,cross_sectional_primary
20260828,NASDAQ,MLCO,Consumer Cyclical,fwd_pe,7.196347,16.1097,36.6,16.1097,-56.0,True,cross_sectional,10.0,35.7,4.4,50.1,0.9,False,True,cross_sectional_primary
20260828,NASDAQ,MMSI,Healthcare,fwd_pe,19.416677,18.7937,47.4,18.7937,-60.4,True,cross_sectional,0.0,20.4,-1.8,18.6,0.9,False,False,cross_sectional_primary
20260828,NASDAQ,MMYT,Consumer Cyclical,fwd_pe,23.436241,16.1097,98.9,16.1097,-83.7,True,cross_sectional,-2.5,-25.0,3.7,-23.8,0.9,True,True,cross_sectional_primary
20260828,NASDAQ,MNDY,Technology,fwd_pe,14.888915,21.3362,222.8,21.3362,-90.4,True,cross_sectional,10.0,49.7,-4.8,54.9,0.9,True,True,cross_sectional_primary
20260828,NASDAQ,MNST,Consumer Defensive,fwd_pe,35.685085,16.1473,38.8,16.1473,-58.4,True,cross_sectional,-2.5,18.0,3.5,19.0,0.9,False,True,cross_sectional_primary
20260828,NASDAQ,MORN,Financial Services,fwd_pe,15.698832,15.72,60.7,15.72,-74.1,True,cross_sectional,0.0,35.4,0.8,36.2,0.9,False,False,cross_sectional_primary
20260828,NASDAQ,MPWR,Technology,fwd_pe,37.680096,21.3362,52.3,21.3362,-59.2,True,cross_sectional,-2.5,49.1,0.5,47.1,0.9,True,True,cross_sectional_primary
20260828,NASDAQ,MRCY,Industrials,price_fcf,79.9053577922364,24.4164,,24.4164,,False,cross_sectional,-2.5,-25.0,-1.5,-29.0,0.9,True,True,cross_sectional_primary
20260828,NASDAQ,MRVL,Technology,fwd_pe,37.49113,21.3362,,21.3362,,False,cross_sectional,-2.5,-25.0,-0.5,-28.0,0.9,True,True,cross_sectional_primary
20260828,NASDAQ,MRX,Financial Services,fwd_pe,11.167188,15.72,10.7,15.72,46.9,True,cross_sectional,10.0,49.4,-3.7,55.7,0.9,True,True,cross_sectional_primary
20260828,NASDAQ,MSFT,Technology,fwd_pe,21.425104,21.3362,35.2,21.3362,-39.4,True,cross_sectional,0.0,31.7,0.1,31.8,0.9,False,False,cross_sectional_primary
20260828,NASDAQ,MTCH,Communication Services,fwd_pe,9.004837,13.0916,15.5,13.0916,-15.5,False,cross_sectional,10.0,46.5,5.4,61.9,1.0,True,True,cross_sectional_primary
20260828,NASDAQ,MTSI,Technology,fwd_pe,32.691647,21.3362,70.5,21.3362,-69.7,True,cross_sectional,-2.5,49.7,-1.7,45.5,0.9,True,True,cross_sectional_primary
20260828,NASDAQ,MU,Technology,fwd_pe,6.033792,21.3362,37.6,21.3362,-43.3,True,cross_sectional,10.0,50.0,-1.5,58.5,0.9,True,True,cross_sectional_primary
20260828,NASDAQ,MWH,Utilities,ev_ebitda,11.379,13.4355,,13.4355,,False,cross_sectional,8.7,33.6,0.0,42.3,0.7,False,False,cross_sectional_primary
20260828,NASDAQ,MYRG,Industrials,ev_ebitda,16.319,18.7265,,18.7265,,False,cross_sectional,7.1,49.1,3.3,59.6,0.9,True,False,cross_sectional_primary
20260828,NASDAQ,MZTI,Consumer Defensive,fwd_pe,15.555709,16.1473,27.8,16.1473,-41.9,True,cross_sectional,0.0,46.2,0.1,46.3,0.9,False,False,cross_sectional_primary
20260828,NASDAQ,NBIS,Communication Services,fwd_pe,,13.0916,33.2,13.0916,-60.6,True,UNMEASURED,,-25.0,15.0,-10.0,0.5,True,False,cross_sectional_primary
20260828,NASDAQ,NBIX,Healthcare,fwd_pe,13.043638,18.7937,47.4,18.7937,-60.4,True,cross_sectional,10.0,31.1,-0.7,40.4,0.9,False,True,cross_sectional_primary
20260828,NASDAQ,NCNO,Technology,fwd_pe,14.737574,21.3362,,21.3362,,False,cross_sectional,10.0,17.4,-0.7,26.7,0.7,False,True,cross_sectional_primary
20260828,NASDAQ,NDAQ,Financial Services,fwd_pe,21.240433,15.72,28.8,15.72,-45.4,True,cross_sectional,-2.5,14.1,-6.7,4.9,0.9,False,True,cross_sectional_primary
20260828,NASDAQ,NDSN,Industrials,ev_ebitda,21.017,18.7265,,18.7265,,False,cross_sectional,-1.4,23.0,0.6,22.2,0.9,False,False,cross_sectional_primary
20260828,NASDAQ,NEO,Healthcare,fwd_pe,54.24281,18.7937,,18.7937,,False,cross_sectional,-2.5,48.7,-1.0,45.2,0.7,True,True,cross_sectional_primary
20260828,NASDAQ,NEOG,Healthcare,fwd_pe,30.894737,18.7937,,18.7937,,False,cross_sectional,-2.5,18.1,-0.2,15.4,0.7,False,True,cross_sectional_primary
20260828,NASDAQ,NESR,Energy,ev_ebitda,12.658,7.66,,7.66,,False,cross_sectional,-2.5,49.7,-2.3,44.9,0.9,True,True,cross_sectional_primary
20260828,NASDAQ,NFLX,Communication Services,fwd_pe,20.895544,13.0916,38.0,13.0916,-65.5,True,cross_sectional,-2.5,11.1,1.7,10.3,0.9,False,True,cross_sectional_primary
20260828,NASDAQ,NICE,Technology,fwd_pe,8.303283,21.3362,31.4,21.3362,-32.1,True,cross_sectional,10.0,-25.0,2.2,-12.8,0.9,True,True,cross_sectional_primary
20260828,NASDAQ,NOVT,Technology,fwd_pe,33.125927,21.3362,81.1,21.3362,-73.7,True,cross_sectional,-2.5,49.6,-0.9,46.2,0.9,True,True,cross_sectional_primary
20260828,NASDAQ,NOVTU,Technology,fwd_pe,,21.3362,,21.3362,,False,UNMEASURED,,49.6,0.0,49.6,0.5,True,False,cross_sectional_primary
20260828,NASDAQ,NTAP,Technology,fwd_pe,18.98143,21.3362,21.4,21.3362,-0.3,False,cross_sectional,6.0,23.4,2.9,32.3,1.0,False,False,cross_sectional_primary
20260828,NASDAQ,NTES,Communication Services,fwd_pe,11.447411,13.0916,2.1,13.0916,523.4,True,cross_sectional,6.9,-18.7,0.5,-11.2,0.9,False,False,cross_sectional_primary
20260828,NASDAQ,NTNX,Technology,fwd_pe,26.319359,21.3362,,21.3362,,False,cross_sectional,-2.5,17.2,-10.0,4.7,0.9,False,False,cross_sectional_primary
20260828,NASDAQ,NTRA,Healthcare,fwd_pe,,18.7937,,18.7937,,False,UNMEASURED,,48.9,-9.0,39.8,0.5,True,False,cross_sectional_primary
20260828,NASDAQ,NTSK,Technology,fwd_pe,,21.3362,,21.3362,,False,UNMEASURED,,49.1,15.0,64.1,0.5,True,False,cross_sectional_primary
20260828,NASDAQ,NVDA,Technology,fwd_pe,15.030426,21.3362,88.0,21.3362,-75.8,True,cross_sectional,10.0,49.8,0.9,60.6,0.9,True,True,cross_sectional_primary
20260828,NASDAQ,NVMI,Technology,fwd_pe,27.152971,21.3362,33.0,21.3362,-35.3,True,cross_sectional,-2.5,2.9,-1.1,-0.7,0.9,False,True,cross_sectional_primary
20260828,NASDAQ,NWE,Utilities,ev_ebitda,13.419,13.4355,,13.4355,,False,cross_sectional,0.0,15.7,-1.0,14.7,0.9,False,False,cross_sectional_primary
20260828,NASDAQ,NXT,Technology,fwd_pe,15.503044,21.3362,24.2,21.3362,-11.8,False,cross_sectional,10.0,2.9,-1.8,11.1,1.0,False,True,cross_sectional_primary
20260828,NASDAQ,OCTV,Technology,fwd_pe,13.037652,21.3362,23.0,21.3362,-7.2,False,cross_sectional,10.0,3.4,0.0,13.4,0.8,False,True,cross_sectional_primary
20260828,NASDAQ,OKTA,Technology,fwd_pe,39.522377,21.3362,786.6,21.3362,-97.3,True,cross_sectional,-2.5,21.2,-4.7,14.0,0.9,False,True,cross_sectional_primary
20260828,NASDAQ,OLED,Technology,fwd_pe,17.821136,21.3362,27.0,21.3362,-21.0,False,cross_sectional,9.4,-24.9,-0.0,-15.5,1.0,False,False,cross_sectional_primary
20260828,NASDAQ,OLLI,Consumer Defensive,fwd_pe,14.253454,16.1473,35.8,16.1473,-54.9,True,cross_sectional,6.4,19.5,0.2,26.2,0.9,False,False,cross_sectional_primary
20260828,NASDAQ,OMAB,Industrials,ev_ebitda,1.705,18.7265,,18.7265,,False,cross_sectional,10.0,9.8,0.0,19.8,0.9,False,True,cross_sectional_primary
20260828,NASDAQ,ONC,Healthcare,fwd_pe,36.22069,18.7937,,18.7937,,False,cross_sectional,-2.5,49.7,-4.2,42.9,0.9,True,True,cross_sectional_primary
20260828,NASDAQ,OPCH,Healthcare,fwd_pe,11.518048,18.7937,24.1,18.7937,-22.0,False,cross_sectional,10.0,12.9,4.8,27.7,1.0,False,True,cross_sectional_primary
20260828,NASDAQ,ORLY,Consumer Cyclical,fwd_pe,24.054777,16.1097,27.2,16.1097,-40.8,True,cross_sectional,-2.5,10.3,3.3,11.1,0.9,False,True,cross_sectional_primary
20260828,NASDAQ,OSIS,Technology,fwd_pe,16.38915,21.3362,23.9,21.3362,-10.7,False,cross_sectional,10.0,7.8,0.2,18.0,1.0,False,True,cross_sectional_primary
20260828,NASDAQ,OSW,Consumer Cyclical,fwd_pe,20.05364,16.1097,28.4,16.1097,-43.3,True,cross_sectional,-2.5,19.7,-2.9,14.3,0.9,False,True,cross_sectional_primary
20260828,NASDAQ,OTEX,Technology,fwd_pe,5.9090366,21.3362,17.0,21.3362,25.5,True,cross_sectional,10.0,49.9,2.7,62.6,0.9,True,True,cross_sectional_primary
20260828,NASDAQ,PANW,Technology,fwd_pe,93.16558,21.3362,115.1,21.3362,-81.5,True,cross_sectional,-2.5,7.1,-1.8,2.8,0.7,False,True,cross_sectional_primary
20260828,NASDAQ,PAYP,Technology,fwd_pe,20.13391,21.3362,0.2,21.3362,10568.1,True,cross_sectional,0.0,48.2,1.8,50.1,0.9,True,False,cross_sectional_primary
20260828,NASDAQ,PAYX,Technology,fwd_pe,19.806509,21.3362,25.4,21.3362,-16.0,False,cross_sectional,0.0,43.1,0.3,43.4,1.0,False,False,cross_sectional_primary
20260828,NASDAQ,PCTY,Technology,fwd_pe,16.327723,21.3362,65.4,21.3362,-67.4,True,cross_sectional,10.0,27.6,0.0,37.6,0.7,False,True,cross_sectional_primary
20260828,NASDAQ,PDD,Consumer Cyclical,fwd_pe,6.8115616,16.1097,2.6,16.1097,519.6,True,cross_sectional,10.0,-11.2,-0.8,-2.0,0.9,False,True,cross_sectional_primary
20260828,NASDAQ,PEGA,Technology,fwd_pe,13.575927,21.3362,62.8,21.3362,-66.0,True,cross_sectional,10.0,-25.0,-4.3,-19.3,0.9,True,True,cross_sectional_primary
20260828,NASDAQ,PENN,Consumer Cyclical,fwd_pe,14.502821,16.1097,,16.1097,,False,cross_sectional,5.4,20.1,2.5,28.0,0.7,False,False,cross_sectional_primary
20260828,NASDAQ,PEP,Consumer Defensive,fwd_pe,15.561723,16.1473,23.8,16.1473,-32.2,True,cross_sectional,0.0,49.6,0.4,49.9,0.9,True,False,cross_sectional_primary
20260828,NASDAQ,PI,Technology,fwd_pe,59.95456,21.3362,,21.3362,,False,cross_sectional,-2.5,0.0,-4.6,-7.1,0.9,False,True,cross_sectional_primary
20260828,NASDAQ,PLPC,Industrials,ev_ebitda,22.397,18.7265,,18.7265,,False,cross_sectional,-2.1,48.9,0.6,47.3,0.9,True,False,cross_sectional_primary
20260828,NASDAQ,PLTR,Technology,fwd_pe,80.341705,21.3362,282.1,21.3362,-92.4,True,cross_sectional,-2.5,49.8,-5.7,41.5,0.9,True,True,cross_sectional_primary
20260828,NASDAQ,PLXS,Technology,fwd_pe,24.377235,21.3362,22.5,21.3362,-5.2,False,cross_sectional,-1.6,-3.7,0.9,-4.4,1.0,False,False,cross_sectional_primary
20260828,NASDAQ,PODD,Healthcare,fwd_pe,18.598446,18.7937,76.4,18.7937,-75.4,True,cross_sectional,0.0,49.9,1.2,51.1,0.9,True,False,cross_sectional_primary
20260828,NASDAQ,POWL,Industrials,ev_ebitda,27.026,18.7265,,18.7265,,False,cross_sectional,-2.5,7.6,-0.2,4.9,0.9,False,True,cross_sectional_primary
20260828,NASDAQ,PPC,Consumer Defensive,fwd_pe,10.764706,16.1473,8.5,16.1473,90.0,True,cross_sectional,10.0,-25.0,-0.2,-15.2,0.9,True,True,cross_sectional_primary
20260828,NASDAQ,PRDO,Consumer Defensive,fwd_pe,10.245455,16.1473,10.7,16.1473,50.9,True,cross_sectional,10.0,21.0,1.2,32.2,0.9,False,True,cross_sectional_primary
20260828,NASDAQ,PRVA,Healthcare,fwd_pe,19.616325,18.7937,124.8,18.7937,-84.9,True,cross_sectional,0.0,49.8,-1.7,48.1,0.9,True,False,cross_sectional_primary
20260828,NASDAQ,PSKY,Communication Services,fwd_pe,12.693935,13.0916,6.9,13.0916,89.7,True,cross_sectional,0.0,-25.0,-1.1,-26.1,0.9,True,False,cross_sectional_primary
20260828,NASDAQ,PSMT,Consumer Defensive,fwd_pe,26.96181,16.1473,20.1,16.1473,-19.7,False,cross_sectional,-2.5,12.3,1.2,11.0,1.0,False,True,cross_sectional_primary
20260828,NASDAQ,PTC,Technology,fwd_pe,17.88328,21.3362,52.0,21.3362,-59.0,True,cross_sectional,9.2,-12.0,-0.6,-3.4,0.9,False,False,cross_sectional_primary
20260828,NASDAQ,PTEN,Energy,ev_ebitda,6.664,7.66,,7.66,,False,cross_sectional,7.2,13.6,-10.0,10.8,0.7,False,False,cross_sectional_primary
20260828,NASDAQ,PTRN,Technology,fwd_pe,27.831839,21.3362,102.7,21.3362,-79.2,True,cross_sectional,-2.5,-16.7,15.0,-4.2,0.9,False,True,cross_sectional_primary
20260828,NASDAQ,PYPL,Financial Services,fwd_pe,10.607604,15.72,18.5,15.72,-15.0,False,cross_sectional,10.0,-3.1,6.5,13.4,1.0,False,True,cross_sectional_primary
20260828,NASDAQ,QCOM,Technology,fwd_pe,16.151814,21.3362,18.7,21.3362,14.1,False,cross_sectional,10.0,-23.0,0.9,-12.1,1.0,False,True,cross_sectional_primary
20260828,NASDAQ,QLYS,Technology,fwd_pe,22.41093,21.3362,35.4,21.3362,-39.7,True,cross_sectional,0.0,16.1,1.5,17.6,0.9,False,False,cross_sectional_primary
20260828,NASDAQ,QRVO,Technology,fwd_pe,12.077832,21.3362,108.9,21.3362,-80.4,True,cross_sectional,10.0,49.8,2.1,61.9,0.9,True,True,cross_sectional_primary
20260828,NASDAQ,RDNT,Healthcare,fwd_pe,84.992165,18.7937,691.2,18.7937,-97.3,True,cross_sectional,-2.5,-25.0,-7.8,-35.3,0.9,True,True,cross_sectional_primary
20260828,NASDAQ,REGN,Healthcare,fwd_pe,13.325874,18.7937,18.6,18.7937,1.0,False,cross_sectional,10.0,-4.5,2.3,7.8,1.0,False,True,cross_sectional_primary
20260828,NASDAQ,RELY,Technology,fwd_pe,16.088587,21.3362,,21.3362,,False,cross_sectional,10.0,50.0,-9.7,50.3,0.9,True,True,cross_sectional_primary
20260828,NASDAQ,RMBS,Technology,fwd_pe,24.646505,21.3362,32.0,21.3362,-33.3,True,cross_sectional,-1.7,15.1,0.7,14.1,0.9,False,False,cross_sectional_primary
20260828,NASDAQ,RNW,Utilities,ev_ebitda,8.275,13.4355,,13.4355,,False,cross_sectional,10.0,18.3,-0.3,28.0,0.9,False,True,cross_sectional_primary
20260828,NASDAQ,ROAD,Industrials,ev_ebitda,16.386,18.7265,,18.7265,,False,cross_sectional,6.9,34.2,-2.9,38.2,0.9,False,False,cross_sectional_primary
20260828,NASDAQ,ROKU,Communication Services,fwd_pe,39.829212,13.0916,,13.0916,,False,cross_sectional,-2.5,50.0,-4.0,43.5,0.9,True,True,cross_sectional_primary
20260828,NASDAQ,ROP,Technology,fwd_pe,17.400085,21.3362,33.4,21.3362,-36.1,True,cross_sectional,10.0,49.8,-0.4,59.4,0.9,True,True,cross_sectional_primary
20260828,NASDAQ,ROST,Consumer Cyclical,fwd_pe,25.76163,16.1097,29.5,16.1097,-45.4,True,cross_sectional,-2.5,48.7,1.9,48.1,0.9,True,True,cross_sectional_primary
20260828,NASDAQ,RRR,Consumer Cyclical,fwd_pe,14.910321,16.1097,16.8,16.1097,-4.1,False,cross_sectional,0.0,-25.0,0.3,-24.7,1.0,True,False,cross_sectional_primary
20260828,NASDAQ,RUSHA,Consumer Cyclical,fwd_pe,16.650658,16.1097,19.4,16.1097,-17.0,False,cross_sectional,0.0,1.1,1.8,2.9,1.0,False,False,cross_sectional_primary
20260828,NASDAQ,RUSHB,Consumer Cyclical,price_fcf,19.50526418590154,24.4164,,24.4164,,False,cross_sectional,10.0,1.1,1.8,12.9,0.9,False,True,cross_sectional_primary
20260828,NASDAQ,RYAAY,Industrials,ev_ebitda,7.654,18.7265,,18.7265,,False,cross_sectional,10.0,-25.0,3.6,-11.4,0.9,True,True,cross_sectional_primary
20260828,NASDAQ,SAIA,Industrials,ev_ebitda,15.562,18.7265,,18.7265,,False,cross_sectional,9.7,31.5,-0.0,41.2,0.9,False,False,cross_sectional_primary
20260828,NASDAQ,SAIL,Technology,fwd_pe,51.14418,21.3362,,21.3362,,False,cross_sectional,-2.5,18.9,1.7,18.1,0.7,False,True,cross_sectional_primary
20260828,NASDAQ,SANM,Technology,fwd_pe,14.611259,21.3362,16.7,21.3362,27.8,True,cross_sectional,10.0,48.6,4.0,62.5,0.9,True,True,cross_sectional_primary
20260828,NASDAQ,SBUX,Consumer Cyclical,fwd_pe,34.427197,16.1097,29.5,16.1097,-45.4,True,cross_sectional,-2.5,49.1,0.5,47.1,0.9,True,True,cross_sectional_primary
20260828,NASDAQ,SEZL,Financial Services,fwd_pe,18.926771,15.72,17.1,15.72,-8.1,False,cross_sectional,-2.2,46.4,-2.4,41.7,1.0,False,False,cross_sectional_primary
20260828,NASDAQ,SFM,Consumer Defensive,fwd_pe,13.592435,16.1473,17.3,16.1473,-6.7,False,cross_sectional,9.0,1.5,2.3,12.8,1.0,False,False,cross_sectional_primary
20260828,NASDAQ,SHC,Healthcare,fwd_pe,18.123121,18.7937,85.5,18.7937,-78.0,True,cross_sectional,0.0,49.9,-0.6,49.4,0.9,True,False,cross_sectional_primary
20260828,NASDAQ,SHOO,Consumer Cyclical,fwd_pe,16.109728,16.1097,17.4,16.1097,-7.4,False,cross_sectional,0.0,21.3,2.3,23.6,0.8,False,False,cross_sectional_primary
20260828,NASDAQ,SHOP,Technology,fwd_pe,62.9207,21.3362,170.5,21.3362,-87.5,True,cross_sectional,-2.5,48.6,-0.3,45.8,0.9,True,True,cross_sectional_primary
20260828,NASDAQ,SITM,Technology,fwd_pe,40.19439,21.3362,,21.3362,,False,cross_sectional,-2.5,27.1,-6.1,18.5,0.7,False,True,cross_sectional_primary
20260828,NASDAQ,SKHY,Technology,fwd_pe,4.7946115,21.3362,0.1,21.3362,21236.2,True,cross_sectional,10.0,50.0,-1.6,58.3,0.9,True,True,cross_sectional_primary
20260828,NASDAQ,SKYW,Industrials,ev_ebitda,5.884,18.7265,,18.7265,,False,cross_sectional,10.0,-12.7,3.6,0.9,0.9,False,True,cross_sectional_primary
20260828,NASDAQ,SMCI,Technology,fwd_pe,7.2212873,21.3362,16.6,21.3362,28.5,True,cross_sectional,10.0,49.9,-6.0,53.9,0.9,True,True,cross_sectional_primary
20260828,NASDAQ,SMCIP,Technology,fwd_pe,,21.3362,,21.3362,,False,UNMEASURED,,49.9,0.0,49.9,0.5,True,False,cross_sectional_primary
20260828,NASDAQ,SMTC,Technology,fwd_pe,24.407045,21.3362,,21.3362,,False,cross_sectional,-1.6,44.7,-10.0,33.1,0.7,False,False,cross_sectional_primary
20260828,NASDAQ,SNDK,Technology,fwd_pe,5.6094775,21.3362,,21.3362,,False,cross_sectional,10.0,18.9,0.0,28.9,0.7,False,True,cross_sectional_primary
20260828,NASDAQ,SNEX,Financial Services,fwd_pe,14.450316,15.72,7.3,15.72,115.3,True,cross_sectional,0.0,49.1,-3.9,45.2,0.9,True,False,cross_sectional_primary
20260828,NASDAQ,SNPS,Technology,fwd_pe,26.597563,21.3362,54.6,21.3362,-60.9,True,cross_sectional,-2.5,-25.0,-3.3,-30.8,0.9,True,True,cross_sectional_primary
20260828,NASDAQ,SNY,Healthcare,fwd_pe,8.333457,18.7937,17.2,18.7937,9.3,False,cross_sectional,10.0,-25.0,1.0,-14.0,1.0,True,True,cross_sectional_primary
20260828,NASDAQ,SOLS,Basic Materials,ev_ebitda,11.914,17.1785,,17.1785,,False,cross_sectional,10.0,22.8,-0.1,32.7,0.9,False,True,cross_sectional_primary
20260828,NASDAQ,SPCX,Industrials,ev_ebitda,,18.7265,,18.7265,,False,UNMEASURED,,13.8,4.6,18.4,0.5,False,False,cross_sectional_primary
20260828,NASDAQ,SPSC,Technology,fwd_pe,15.811879,21.3362,88.1,21.3362,-75.8,True,cross_sectional,10.0,-25.0,-0.7,-15.7,0.9,True,True,cross_sectional_primary
20260828,NASDAQ,SRAD,Technology,fwd_pe,22.153162,21.3362,141.8,21.3362,-85.0,True,cross_sectional,0.0,48.8,-0.4,48.4,0.7,True,False,cross_sectional_primary
20260828,NASDAQ,SSNC,Technology,fwd_pe,10.798468,21.3362,24.6,21.3362,-13.3,False,cross_sectional,10.0,34.7,0.3,45.0,1.0,False,True,cross_sectional_primary
20260828,NASDAQ,STGW,Communication Services,fwd_pe,7.175758,13.0916,195.1,13.0916,-93.3,True,cross_sectional,10.0,9.4,-10.0,9.4,0.7,False,True,cross_sectional_primary
20260828,NASDAQ,STNE,Technology,fwd_pe,4.0790215,21.3362,2.3,21.3362,827.7,True,cross_sectional,10.0,-16.6,7.4,0.8,0.9,False,True,cross_sectional_primary
20260828,NASDAQ,STRL,Industrials,ev_ebitda,21.561,18.7265,,18.7265,,False,cross_sectional,-1.7,49.5,0.4,48.2,0.9,True,False,cross_sectional_primary
20260828,NASDAQ,STX,Technology,fwd_pe,15.300318,21.3362,53.5,21.3362,-60.1,True,cross_sectional,10.0,49.6,-3.9,55.7,0.9,True,True,cross_sectional_primary
20260828,NASDAQ,SUPN,Healthcare,fwd_pe,9.9080715,18.7937,36.0,18.7937,-47.8,True,cross_sectional,10.0,48.0,-0.8,57.1,0.7,True,True,cross_sectional_primary
20260828,NASDAQ,SYM,Industrials,price_fcf,31.60860974554168,24.4164,,24.4164,,False,cross_sectional,-2.5,27.8,-10.0,15.3,0.7,False,True,cross_sectional_primary
20260828,NASDAQ,TCOM,Consumer Cyclical,fwd_pe,10.509636,16.1097,2.6,16.1097,519.6,True,cross_sectional,10.0,-25.0,-2.0,-17.0,0.9,True,True,cross_sectional_primary
20260828,NASDAQ,TEAM,Technology,fwd_pe,27.526173,21.3362,,21.3362,,False,cross_sectional,-2.5,19.5,-0.5,16.5,0.7,False,True,cross_sectional_primary
20260828,NASDAQ,TECH,Healthcare,fwd_pe,31.27765,18.7937,58.4,18.7937,-67.8,True,cross_sectional,-2.5,11.0,0.7,9.1,0.7,False,True,cross_sectional_primary
20260828,NASDAQ,TENB,Technology,fwd_pe,17.220543,21.3362,,21.3362,,False,cross_sectional,10.0,8.1,-2.0,16.1,0.7,False,True,cross_sectional_primary
20260828,NASDAQ,TER,Technology,fwd_pe,31.929712,21.3362,37.9,21.3362,-43.7,True,cross_sectional,-2.5,49.9,1.4,48.8,0.9,True,True,cross_sectional_primary
20260828,NASDAQ,TIGO,Communication Services,fwd_pe,13.643655,13.0916,11.5,13.0916,13.8,False,cross_sectional,0.0,-25.0,1.0,-24.0,1.0,True,False,cross_sectional_primary
20260828,NASDAQ,TILE,Consumer Cyclical,fwd_pe,15.657024,16.1097,16.4,16.1097,-1.8,False,cross_sectional,0.0,48.0,-0.7,47.3,1.0,True,False,cross_sectional_primary
20260828,NASDAQ,TLN,Utilities,ev_ebitda,41.166,13.4355,,13.4355,,False,cross_sectional,-2.5,30.3,-10.0,17.8,0.7,False,True,cross_sectional_primary
20260828,NASDAQ,TMDX,Healthcare,fwd_pe,39.79614,18.7937,43.4,18.7937,-56.7,True,cross_sectional,-2.5,-25.0,-10.0,-37.5,0.9,True,True,cross_sectional_primary
20260828,NASDAQ,TMUS,Communication Services,fwd_pe,12.3108015,13.0916,22.4,13.0916,-41.6,True,cross_sectional,0.0,5.3,2.9,8.2,0.9,False,False,cross_sectional_primary
20260828,NASDAQ,TRI,Industrials,ev_ebitda,20.892,18.7265,,18.7265,,False,cross_sectional,-1.3,45.4,1.6,45.6,0.9,False,False,cross_sectional_primary
20260828,NASDAQ,TSCO,Consumer Cyclical,fwd_pe,16.91561,16.1097,22.6,16.1097,-28.7,True,cross_sectional,0.0,-15.0,1.5,-13.5,0.9,False,False,cross_sectional_primary
20260828,NASDAQ,TSLA,Consumer Cyclical,fwd_pe,164.37195,16.1097,127.8,16.1097,-87.4,True,cross_sectional,-2.5,-3.0,-0.6,-6.1,0.9,False,True,cross_sectional_primary
20260828,NASDAQ,TTAN,Technology,fwd_pe,61.32173,21.3362,,21.3362,,False,cross_sectional,-2.5,20.2,-5.9,11.8,0.7,False,True,cross_sectional_primary
20260828,NASDAQ,TTD,Communication Services,fwd_pe,13.482965,13.0916,173.4,13.0916,-92.5,True,cross_sectional,0.0,-23.6,0.7,-22.9,0.9,False,False,cross_sectional_primary
20260828,NASDAQ,TTEK,Industrials,ev_ebitda,15.541,18.7265,,18.7265,,False,cross_sectional,9.8,-2.3,0.2,7.7,0.9,False,False,cross_sectional_primary
20260828,NASDAQ,TTMI,Technology,fwd_pe,18.096483,21.3362,41.1,21.3362,-48.1,True,cross_sectional,8.6,49.2,0.1,57.9,0.9,True,False,cross_sectional_primary
20260828,NASDAQ,TTWO,Communication Services,fwd_pe,22.619032,13.0916,,13.0916,,False,cross_sectional,-2.5,40.0,-4.0,33.5,0.7,False,True,cross_sectional_primary
20260828,NASDAQ,TW,Financial Services,fwd_pe,23.516462,15.72,47.6,15.72,-67.0,True,cross_sectional,-2.5,19.7,-0.5,16.7,0.9,False,True,cross_sectional_primary
20260828,NASDAQ,TXG,Healthcare,price_fcf,64.93780031510587,24.4164,,24.4164,,False,cross_sectional,-2.5,48.9,-3.2,43.2,0.7,True,True,cross_sectional_primary
20260828,NASDAQ,TXRH,Consumer Cyclical,fwd_pe,25.713043,16.1097,26.1,16.1097,-38.3,True,cross_sectional,-2.5,-0.5,0.5,-2.5,0.9,False,True,cross_sectional_primary
20260828,NASDAQ,UAL,Industrials,ev_ebitda,7.546,18.7265,,18.7265,,False,cross_sectional,10.0,-17.2,0.5,-6.7,0.9,False,True,cross_sectional_primary
20260828,NASDAQ,UFPT,Healthcare,fwd_pe,25.264267,18.7937,26.9,18.7937,-30.1,True,cross_sectional,-2.5,21.3,-0.7,18.1,0.9,False,True,cross_sectional_primary
20260828,NASDAQ,URBN,Consumer Cyclical,fwd_pe,11.447459,16.1097,17.8,16.1097,-9.5,False,cross_sectional,10.0,12.1,1.3,23.4,1.0,False,True,cross_sectional_primary
20260828,NASDAQ,USLM,Basic Materials,ev_ebitda,16.386,17.1785,,17.1785,,False,cross_sectional,0.0,12.2,-0.3,11.9,0.9,False,False,cross_sectional_primary
20260828,NASDAQ,UTHR,Healthcare,fwd_pe,17.577126,18.7937,15.9,18.7937,18.2,False,cross_sectional,0.0,13.4,1.8,15.2,1.0,False,False,cross_sectional_primary
20260828,NASDAQ,VC,Consumer Cyclical,fwd_pe,9.640869,16.1097,10.9,16.1097,47.8,True,cross_sectional,10.0,-25.0,1.6,-13.4,0.9,True,True,cross_sectional_primary
20260828,NASDAQ,VCEL,Healthcare,fwd_pe,48.67612,18.7937,193.5,18.7937,-90.3,True,cross_sectional,-2.5,46.7,-4.7,39.5,0.7,True,True,cross_sectional_primary
20260828,NASDAQ,VCYT,Healthcare,fwd_pe,23.226807,18.7937,89.5,18.7937,-79.0,True,cross_sectional,-2.5,1.8,-5.3,-6.1,0.7,False,True,cross_sectional_primary
20260828,NASDAQ,VECO,Technology,fwd_pe,16.157341,21.3362,21.8,21.3362,-2.1,False,cross_sectional,10.0,-8.6,-6.2,-4.8,1.0,False,True,cross_sectional_primary
20260828,NASDAQ,VEON,Communication Services,fwd_pe,7.304717,13.0916,7.0,13.0916,87.0,True,cross_sectional,10.0,-25.0,-1.1,-16.1,0.9,True,True,cross_sectional_primary
20260828,NASDAQ,VERX,Technology,fwd_pe,13.986152,21.3362,,21.3362,,False,cross_sectional,10.0,19.5,-9.0,20.6,0.7,False,True,cross_sectional_primary
20260828,NASDAQ,VICR,Technology,fwd_pe,36.66989,21.3362,68.6,21.3362,-68.9,True,cross_sectional,-2.5,14.3,-0.5,11.3,0.9,False,True,cross_sectional_primary
20260828,NASDAQ,VISN,Technology,fwd_pe,16.71313,21.3362,,21.3362,,False,cross_sectional,10.0,50.0,-4.4,55.5,0.9,True,True,cross_sectional_primary
20260828,NASDAQ,VNOM,Energy,ev_ebitda,8.196,7.66,,7.66,,False,cross_sectional,0.0,49.7,-10.0,39.7,0.9,True,False,cross_sectional_primary
20260828,NASDAQ,VOD,Communication Services,fwd_pe,8.885396,13.0916,10.4,13.0916,25.9,True,cross_sectional,10.0,31.2,5.9,47.1,0.7,False,True,cross_sectional_primary
20260828,NASDAQ,VRNS,Technology,fwd_pe,108.486565,21.3362,,21.3362,,False,cross_sectional,-2.5,49.6,-2.4,44.7,0.7,True,True,cross_sectional_primary
20260828,NASDAQ,VRSK,Industrials,ev_ebitda,19.084,18.7265,,18.7265,,False,cross_sectional,0.0,-3.4,2.5,-0.9,0.9,False,False,cross_sectional_primary
20260828,NASDAQ,VRSN,Technology,fwd_pe,26.828442,21.3362,26.4,21.3362,-19.2,False,cross_sectional,-2.5,7.7,4.8,10.0,1.0,False,True,cross_sectional_primary
20260828,NASDAQ,VRTX,Healthcare,fwd_pe,24.891623,18.7937,29.6,18.7937,-36.5,True,cross_sectional,-2.5,8.0,0.5,6.0,0.9,False,True,cross_sectional_primary
20260828,NASDAQ,VSAT,Technology,price_fcf,16.779092771695716,24.4164,,24.4164,,False,cross_sectional,10.0,48.2,-4.2,54.0,0.7,True,True,cross_sectional_primary
20260828,NASDAQ,VSEC,Industrials,ev_ebitda,32.235,18.7265,,18.7265,,False,cross_sectional,-2.5,49.9,-10.0,37.4,0.9,True,True,cross_sectional_primary
20260828,NASDAQ,WAY,Healthcare,fwd_pe,13.445226,18.7937,,18.7937,,False,cross_sectional,10.0,16.7,-5.3,21.4,0.9,False,True,cross_sectional_primary
20260828,NASDAQ,WBD,Communication Services,price_fcf,23.447573222797928,24.4164,,24.4164,,False,cross_sectional,0.0,-25.0,-1.9,-26.9,0.9,True,False,cross_sectional_primary
20260828,NASDAQ,WDAY,Technology,fwd_pe,15.165643,21.3362,74.7,21.3362,-71.4,True,cross_sectional,10.0,49.8,-0.5,59.3,0.9,True,True,cross_sectional_primary
20260828,NASDAQ,WDC,Technology,fwd_pe,14.551396,21.3362,25.3,21.3362,-15.7,False,cross_sectional,10.0,50.0,-8.4,51.6,1.0,True,True,cross_sectional_primary
20260828,NASDAQ,WDFC,Basic Materials,ev_ebitda,23.652,17.1785,,17.1785,,False,cross_sectional,-2.5,44.5,0.1,42.2,0.9,False,True,cross_sectional_primary
20260828,NASDAQ,WFRD,Energy,ev_ebitda,7.66,7.66,,7.66,,False,cross_sectional,0.0,-25.0,1.0,-24.0,0.9,True,False,cross_sectional_primary
20260828,NASDAQ,WGS,Healthcare,fwd_pe,76.35507,18.7937,,18.7937,,False,cross_sectional,-2.5,6.6,-8.5,-4.5,0.7,False,True,cross_sectional_primary
20260828,NASDAQ,WING,Consumer Cyclical,fwd_pe,20.502846,16.1097,75.0,16.1097,-78.5,True,cross_sectional,-2.5,19.8,3.0,20.3,0.9,False,True,cross_sectional_primary
20260828,NASDAQ,WIX,Technology,fwd_pe,12.547184,21.3362,118.1,21.3362,-81.9,True,cross_sectional,10.0,37.7,0.6,48.3,0.7,False,True,cross_sectional_primary
20260828,NASDAQ,WMG,Communication Services,fwd_pe,14.305506,13.0916,38.3,13.0916,-65.8,True,cross_sectional,0.0,8.5,-0.4,8.0,0.7,False,False,cross_sectional_primary
20260828,NASDAQ,WMT,Consumer Defensive,fwd_pe,31.843002,16.1473,41.8,16.1473,-61.4,True,cross_sectional,-2.5,-9.1,0.5,-11.1,0.9,False,True,cross_sectional_primary
20260828,NASDAQ,WSC,Industrials,ev_ebitda,12.892,18.7265,,18.7265,,False,cross_sectional,10.0,-0.2,4.9,14.7,0.9,False,True,cross_sectional_primary
20260828,NASDAQ,WSE,Technology,fwd_pe,18.905172,21.3362,30.7,21.3362,-30.5,True,cross_sectional,6.2,-4.5,0.9,2.7,0.9,False,False,cross_sectional_primary
20260828,NASDAQ,WTW,Financial Services,fwd_pe,14.83417,15.72,23.4,15.72,-32.8,True,cross_sectional,0.0,-25.0,3.4,-21.6,0.9,True,False,cross_sectional_primary
20260828,NASDAQ,WWD,Industrials,ev_ebitda,26.588,18.7265,,18.7265,,False,cross_sectional,-2.5,36.4,0.0,33.9,0.9,False,True,cross_sectional_primary
20260828,NASDAQ,WYNN,Consumer Cyclical,fwd_pe,18.132864,16.1097,19.5,16.1097,-17.4,False,cross_sectional,-1.4,49.4,3.9,51.8,1.0,True,False,cross_sectional_primary
20260828,NASDAQ,XMTR,Industrials,ev_ebitda,,18.7265,,18.7265,,False,UNMEASURED,,48.5,-3.0,45.5,0.5,True,False,cross_sectional_primary
20260828,NASDAQ,XP,Financial Services,fwd_pe,7.486668,15.72,1.8,15.72,773.3,True,cross_sectional,10.0,8.6,1.1,19.7,0.9,False,True,cross_sectional_primary
20260828,NASDAQ,Z,Communication Services,fwd_pe,12.700291,13.0916,,13.0916,,False,cross_sectional,0.0,20.3,-4.3,16.0,0.7,False,False,cross_sectional_primary
20260828,NASDAQ,ZG,Communication Services,fwd_pe,12.423315,13.0916,,13.0916,,False,cross_sectional,0.0,23.3,-4.3,19.0,0.7,False,False,cross_sectional_primary
20260828,NASDAQ,ZM,Technology,fwd_pe,15.818576,21.3362,33.2,21.3362,-35.7,True,cross_sectional,10.0,49.9,0.2,60.1,0.9,True,True,cross_sectional_primary
20260828,NASDAQ,ZS,Technology,fwd_pe,40.73705,21.3362,,21.3362,,False,cross_sectional,-2.5,9.0,-3.2,3.2,0.7,False,True,cross_sectional_primary
20260828,F250-SPI,BBY.L,Industrials,ev_ebitda,17.223,10.8725,,10.8725,,False,cross_sectional,-2.5,1.0,7.7,6.2,0.9,False,True,cross_sectional_primary
20260828,F250-SPI,EZJ.L,Industrials,ev_ebitda,5.584,10.8725,,10.8725,,False,cross_sectional,10.0,47.6,-0.4,57.2,0.7,True,True,cross_sectional_primary
20260828,F250-SPI,ROR.L,Industrials,ev_ebitda,19.58,10.8725,,10.8725,,False,cross_sectional,-2.5,19.5,0.2,17.2,0.9,False,True,cross_sectional_primary
20260828,F250-SPI,CWK.L,Consumer Defensive,fwd_pe,15.9226265,11.7202,19.4,11.7202,-39.6,True,cross_sectional,-2.5,16.0,-0.5,13.0,0.9,False,True,cross_sectional_primary
20260828,F250-SPI,INCH.L,Consumer Cyclical,fwd_pe,8.354705,11.2889,10.7,11.2889,5.5,False,cross_sectional,10.0,-25.0,4.6,-10.4,1.0,True,True,cross_sectional_primary
20260828,F250-SPI,SRP.L,Industrials,ev_ebitda,12.218,10.8725,,10.8725,,False,cross_sectional,-1.4,10.5,4.3,13.3,0.9,False,False,cross_sectional_primary
20260828,F250-SPI,MTO.L,Industrials,ev_ebitda,10.98,10.8725,,10.8725,,False,cross_sectional,0.0,-25.0,1.6,-23.4,0.9,True,False,cross_sectional_primary
20260828,F250-SPI,BME.L,Consumer Defensive,fwd_pe,10.271285,11.7202,10.0,11.7202,17.2,False,cross_sectional,6.8,-25.0,-0.1,-18.3,1.0,True,False,cross_sectional_primary
20260828,F250-SPI,TCAP.L,Financial Services,fwd_pe,9.179132,15.2143,12.7,15.2143,19.8,False,cross_sectional,10.0,7.8,1.7,19.5,1.0,False,True,cross_sectional_primary
20260828,F250-SPI,HIK.L,Healthcare,fwd_pe,8.852478,21.2691,12.4,21.2691,71.5,True,cross_sectional,10.0,-4.7,-0.1,5.2,0.9,False,True,cross_sectional_primary
20260828,F250-SPI,HILS.L,Industrials,ev_ebitda,10.948,10.8725,,10.8725,,False,cross_sectional,0.0,-20.9,-0.1,-21.0,0.9,False,False,cross_sectional_primary
20260828,F250-SPI,PNN.L,Utilities,ev_ebitda,13.484,10.964,,10.964,,False,cross_sectional,-2.5,8.1,-10.0,-4.4,0.7,False,False,cross_sectional_primary
20260828,F250-SPI,TATE.L,Consumer Defensive,fwd_pe,12.93747,11.7202,14.2,11.7202,-17.5,False,cross_sectional,0.0,13.0,-5.2,7.9,0.8,False,False,cross_sectional_primary
20260828,F250-SPI,KLR.L,Industrials,ev_ebitda,7.174,10.8725,,10.8725,,False,cross_sectional,10.0,23.7,1.6,35.3,0.9,False,True,cross_sectional_primary
20260828,F250-SPI,MGNS.L,Industrials,ev_ebitda,6.604,10.8725,,10.8725,,False,cross_sectional,10.0,18.8,-1.9,26.9,0.9,False,True,cross_sectional_primary
20260828,F250-SPI,HBR.L,Energy,ev_ebitda,1.701,10.964,,10.964,,False,cross_sectional,10.0,-14.6,-10.0,-14.6,0.7,False,True,cross_sectional_primary
20260828,F250-SPI,GRG.L,Consumer Cyclical,fwd_pe,14.248343,11.2889,18.7,11.2889,-39.6,True,cross_sectional,-2.5,21.2,-0.1,18.6,0.9,False,True,cross_sectional_primary
20260828,F250-SPI,GFTU.L,Industrials,ev_ebitda,9.114,10.8725,,10.8725,,False,cross_sectional,9.2,8.4,0.0,17.6,0.7,False,False,cross_sectional_primary
20260828,F250-SPI,RSW.L,Technology,fwd_pe,25.924477,18.4229,22.1,18.4229,-16.6,False,cross_sectional,-2.5,-21.0,0.0,-23.5,1.0,False,True,cross_sectional_primary
20260828,F250-SPI,HTWS.L,Communication Services,fwd_pe,18.33799,17.7811,40.2,17.7811,-55.8,True,cross_sectional,0.0,-25.0,-0.5,-25.5,0.9,True,False,cross_sectional_primary
20260828,F250-SPI,WOSG.L,Consumer Cyclical,fwd_pe,12.442579,11.2889,20.5,11.2889,-44.9,True,cross_sectional,0.0,46.8,0.5,47.3,0.9,True,False,cross_sectional_primary
20260828,F250-SPI,SSPG.L,Consumer Cyclical,fwd_pe,12.715146,11.2889,140.9,11.2889,-92.0,True,cross_sectional,-1.4,13.7,0.1,12.3,0.7,False,False,cross_sectional_primary
20260828,F250-SPI,GNC.L,Consumer Defensive,fwd_pe,11.383427,11.7202,16.4,11.7202,-28.5,True,cross_sectional,0.0,16.6,4.2,20.9,0.7,False,False,cross_sectional_primary
20260828,F250-SPI,CURY.L,Consumer Cyclical,fwd_pe,9.997098,11.2889,9.5,11.2889,18.8,False,cross_sectional,6.3,27.9,-0.4,33.8,1.0,False,False,cross_sectional_primary
20260828,F250-SPI,CKN.L,Industrials,ev_ebitda,11.59,10.8725,,10.8725,,False,cross_sectional,0.0,36.1,-0.3,35.7,0.9,False,False,cross_sectional_primary
20260828,F250-SPI,PFD.L,Consumer Defensive,fwd_pe,11.756306,11.7202,12.9,11.7202,-9.1,False,cross_sectional,0.0,6.3,0.1,6.4,1.0,False,False,cross_sectional_primary
20260828,F250-SPI,FOUR.L,Communication Services,fwd_pe,17.272455,17.7811,13.5,17.7811,31.7,True,cross_sectional,0.0,-21.4,-0.2,-21.6,0.9,False,False,cross_sectional_primary
20260828,F250-SPI,DNLM.L,Consumer Cyclical,fwd_pe,11.071875,11.2889,14.5,11.2889,-22.1,False,cross_sectional,0.0,-7.3,-0.2,-7.5,1.0,False,False,cross_sectional_primary
20260828,F250-SPI,ZIG.L,Industrials,ev_ebitda,4.425,10.8725,,10.8725,,False,cross_sectional,10.0,-25.0,0.0,-15.0,0.9,True,True,cross_sectional_primary
20260828,F250-SPI,BREE.L,Basic Materials,ev_ebitda,7.437,19.54,,19.54,,False,cross_sectional,10.0,-7.7,-0.9,1.4,0.9,False,True,cross_sectional_primary
20260828,F250-SPI,GAMA.L,Communication Services,fwd_pe,11.571351,17.7811,20.6,17.7811,-13.7,False,cross_sectional,10.0,-0.2,2.1,11.9,1.0,False,True,cross_sectional_primary
20260828,F250-SPI,KNOS.L,Technology,fwd_pe,21.19355,18.4229,34.2,18.4229,-46.1,True,cross_sectional,-1.7,46.9,2.1,47.3,0.9,True,False,cross_sectional_primary
20260828,F250-SPI,VTY.L,Consumer Cyclical,fwd_pe,6.6324368,11.2889,14.8,11.2889,-23.7,False,cross_sectional,10.0,49.8,3.2,63.1,1.0,True,True,cross_sectional_primary
20260828,F250-SPI,TRST.L,Technology,fwd_pe,38.604828,18.4229,91.3,18.4229,-79.8,True,cross_sectional,-2.5,32.2,0.7,30.3,0.7,False,True,cross_sectional_primary
20260828,F250-SPI,WIZZ.L,Industrials,ev_ebitda,29.091,10.8725,,10.8725,,False,cross_sectional,-2.5,44.2,-0.0,41.7,0.7,True,True,cross_sectional_primary
20260828,F250-SPI,FGP.L,Industrials,ev_ebitda,6.12,10.8725,,10.8725,,False,cross_sectional,10.0,-5.9,9.7,13.8,0.9,False,True,cross_sectional_primary
20260828,F250-SPI,MONY.L,Communication Services,fwd_pe,10.204696,17.7811,14.1,17.7811,26.1,True,cross_sectional,10.0,4.7,0.6,15.3,0.9,False,True,cross_sectional_primary
20260828,F250-SPI,PETS.L,Consumer Cyclical,fwd_pe,11.853484,11.2889,13.9,11.2889,-18.8,False,cross_sectional,0.0,-25.0,2.5,-22.5,1.0,True,False,cross_sectional_primary
20260828,F250-SPI,BYIT.L,Technology,fwd_pe,18.422918,18.4229,21.9,18.4229,-15.9,False,cross_sectional,0.0,-6.8,0.3,-6.5,1.0,False,False,cross_sectional_primary
20260828,F250-SPI,CVSG.L,Healthcare,fwd_pe,13.600024,21.2691,54.2,21.2691,-60.8,True,cross_sectional,10.0,-25.0,-0.1,-15.1,0.9,True,True,cross_sectional_primary
20260828,F250-SPI,ENOG.L,Energy,ev_ebitda,4.228,10.964,,10.964,,False,cross_sectional,10.0,8.2,-0.3,17.9,0.7,False,True,cross_sectional_primary
20260828,F250-SPI,MOON.L,Consumer Cyclical,fwd_pe,13.162789,11.2889,19.8,11.2889,-43.0,True,cross_sectional,-1.8,23.3,3.4,24.9,0.9,False,False,cross_sectional_primary
20260828,F250-SPI,DOM.L,Consumer Cyclical,fwd_pe,11.3827305,11.2889,13.6,11.2889,-17.0,False,cross_sectional,0.0,5.3,2.7,8.0,1.0,False,False,cross_sectional_primary
20260828,F250-SPI,TRN.L,Consumer Cyclical,fwd_pe,7.502821,11.2889,39.2,11.2889,-71.2,True,cross_sectional,10.0,37.3,6.7,54.0,0.9,False,True,cross_sectional_primary
20260828,F250-SPI,MAB.L,Consumer Cyclical,fwd_pe,8.441092,11.2889,9.9,11.2889,14.0,False,cross_sectional,10.0,6.6,-0.5,16.1,1.0,False,True,cross_sectional_primary
20260828,F250-SPI,CMCX.L,Financial Services,fwd_pe,11.014757,15.2143,11.3,15.2143,34.6,True,cross_sectional,10.0,38.0,1.5,49.5,0.9,False,True,cross_sectional_primary
20260828,F250-SPI,BAG.L,Consumer Defensive,fwd_pe,11.6792,11.7202,17.7,11.7202,-33.8,True,cross_sectional,0.0,-8.1,0.1,-8.0,0.9,False,False,cross_sectional_primary
20260828,F250-SPI,SPI.L,Healthcare,fwd_pe,17.502224,21.2691,39.1,21.2691,-45.6,True,cross_sectional,10.0,-19.3,1.0,-8.3,0.9,False,True,cross_sectional_primary
20260828,F250-SPI,XPS.L,Consumer Cyclical,fwd_pe,12.521292,11.2889,28.3,11.2889,-60.1,True,cross_sectional,-1.3,6.5,-0.8,4.5,0.9,False,False,cross_sectional_primary
20260828,F250-SPI,ITH.L,Energy,ev_ebitda,2.952,10.964,,10.964,,False,cross_sectional,10.0,37.7,-10.0,37.7,0.9,False,True,cross_sectional_primary
20260828,F250-SPI,GFRD.L,Industrials,ev_ebitda,9.45,10.8725,,10.8725,,False,cross_sectional,7.3,19.7,3.7,30.7,0.9,False,False,cross_sectional_primary
20260828,F250-SPI,SMWH.L,Consumer Cyclical,fwd_pe,10.757141,11.2889,23.3,11.2889,-51.5,True,cross_sectional,0.0,0.1,1.1,1.2,0.7,False,False,cross_sectional_primary
20260828,F250-SPI,HFD.L,Consumer Cyclical,fwd_pe,13.708949,11.2889,17.7,11.2889,-36.2,True,cross_sectional,-2.3,8.6,0.2,6.4,0.7,False,False,cross_sectional_primary
20260828,F250-SPI,AVON.L,Industrials,ev_ebitda,16.524,10.8725,,10.8725,,False,cross_sectional,-2.5,48.9,-0.7,45.8,0.9,True,True,cross_sectional_primary
20260828,F250-SPI,BMY.L,Communication Services,fwd_pe,15.548359,17.7811,18.2,17.7811,-2.3,False,cross_sectional,6.9,39.9,0.3,47.1,1.0,True,False,cross_sectional_primary
20260828,F250-SPI,HTG.L,Energy,ev_ebitda,7.114,10.964,,10.964,,False,cross_sectional,10.0,24.0,0.1,34.1,0.9,False,True,cross_sectional_primary
20260828,F250-SPI,GDWN.L,Industrials,ev_ebitda,21.767,10.8725,,10.8725,,False,cross_sectional,-2.5,47.0,1.2,45.7,0.9,True,True,cross_sectional_primary
20260828,F250-SPI,HFG.L,Consumer Defensive,fwd_pe,11.720203,11.7202,20.1,11.7202,-41.7,True,cross_sectional,0.0,8.8,0.0,8.8,0.7,False,False,cross_sectional_primary
20260828,F250-SPI,BOWL.L,Consumer Cyclical,fwd_pe,11.32298,11.2889,14.4,11.2889,-21.6,False,cross_sectional,0.0,-2.4,0.1,-2.3,1.0,False,False,cross_sectional_primary
20260828,F250-SPI,APN.L,Consumer Defensive,fwd_pe,22.976482,11.7202,28.0,11.7202,-58.1,True,cross_sectional,-2.5,44.1,0.0,41.6,0.9,True,True,cross_sectional_primary
20260828,F250-SPI,WIX.L,Consumer Cyclical,fwd_pe,9.403291,11.2889,13.3,11.2889,-15.1,False,cross_sectional,9.6,49.7,4.1,63.4,1.0,True,False,cross_sectional_primary
20260828,F250-SPI,ATG.L,Technology,fwd_pe,13.124404,18.4229,25.4,18.4229,-27.5,True,cross_sectional,10.0,14.6,-0.3,24.4,0.7,False,True,cross_sectional_primary
20260828,F250-SPI,GBG.L,Technology,fwd_pe,7.608597,18.4229,61.3,18.4229,-69.9,True,cross_sectional,10.0,14.2,0.4,24.5,0.7,False,True,cross_sectional_primary
20260828,F250-SPI,RPI.L,Technology,fwd_pe,51.31224,18.4229,35.5,18.4229,-48.1,True,cross_sectional,-2.5,48.8,-1.0,45.3,0.9,True,True,cross_sectional_primary
20260828,F250-SPI,AEP.L,Consumer Defensive,fwd_pe,10.113845,11.7202,3.9,11.7202,200.5,True,cross_sectional,7.6,7.5,15.0,30.1,0.9,False,False,cross_sectional_primary
20260828,F250-SPI,MEGP.L,Industrials,ev_ebitda,4.213,10.8725,,10.8725,,False,cross_sectional,10.0,-3.9,0.1,6.2,0.9,False,True,cross_sectional_primary
20260828,F250-SPI,PPH.L,Consumer Cyclical,fwd_pe,11.175526,11.2889,22.0,11.2889,-48.7,True,cross_sectional,0.0,-25.0,0.0,-25.0,0.9,True,False,cross_sectional_primary
20260828,F250-SPI,AO.L,Consumer Cyclical,fwd_pe,11.767664,11.2889,44.6,11.2889,-74.7,True,cross_sectional,0.0,10.6,-2.5,8.1,0.7,False,False,cross_sectional_primary
20260828,F250-SPI,ALFA.L,Technology,fwd_pe,15.940488,18.4229,21.2,18.4229,-13.1,False,cross_sectional,7.5,5.1,0.1,12.8,1.0,False,False,cross_sectional_primary
20260828,F250-SPI,RNK.L,Consumer Cyclical,fwd_pe,9.012191,11.2889,10.5,11.2889,7.5,False,cross_sectional,10.0,-25.0,0.0,-15.0,1.0,True,True,cross_sectional_primary
20260828,F250-SPI,DATA.L,Industrials,ev_ebitda,8.689,10.8725,,10.8725,,False,cross_sectional,10.0,48.2,4.3,62.5,0.9,True,True,cross_sectional_primary
20260828,F250-SPI,PRN.L,Consumer Defensive,fwd_pe,8.370457,11.7202,151.1,11.7202,-92.2,True,cross_sectional,10.0,14.4,15.0,39.4,0.7,False,True,cross_sectional_primary
20260828,F250-SPI,NOVN.SW,Healthcare,fwd_pe,15.778315,21.2691,14.5,21.2691,46.7,True,cross_sectional,10.0,-17.0,3.4,-3.6,0.9,False,True,cross_sectional_primary
20260828,F250-SPI,ABBN.SW,Industrials,ev_ebitda,20.661,10.8725,,10.8725,,False,cross_sectional,-2.5,8.2,1.0,6.7,0.9,False,True,cross_sectional_primary
20260828,F250-SPI,CFR.SW,Consumer Cyclical,fwd_pe,24.26806,11.2889,34.9,11.2889,-67.7,True,cross_sectional,-2.5,-25.0,-0.9,-28.4,0.9,True,True,cross_sectional_primary
20260828,F250-SPI,LONN.SW,Healthcare,fwd_pe,26.62045,21.2691,38.5,21.2691,-44.8,True,cross_sectional,-2.5,35.4,2.4,35.3,0.9,False,True,cross_sectional_primary
20260828,F250-SPI,GALD.SW,Healthcare,fwd_pe,31.931583,21.2691,,21.2691,,False,cross_sectional,-2.5,47.0,-0.0,44.4,0.9,True,True,cross_sectional_primary
20260828,F250-SPI,SDZ.SW,Healthcare,fwd_pe,19.056112,21.2691,27.0,21.2691,-21.2,False,cross_sectional,5.6,-25.0,-0.6,-20.0,1.0,True,False,cross_sectional_primary
20260828,F250-SPI,SIKA.SW,Basic Materials,ev_ebitda,18.662,19.54,,19.54,,False,cross_sectional,0.0,-0.6,-0.0,-0.6,0.9,False,False,cross_sectional_primary
20260828,F250-SPI,ALC.SW,Healthcare,fwd_pe,16.399786,21.2691,34.7,21.2691,-38.7,True,cross_sectional,10.0,20.1,0.0,30.1,0.7,False,True,cross_sectional_primary
20260828,F250-SPI,GIVN.SW,Basic Materials,ev_ebitda,22.031,19.54,,19.54,,False,cross_sectional,-1.5,-20.0,-0.1,-21.6,0.9,False,False,cross_sectional_primary
20260828,F250-SPI,AMRZ.SW,Basic Materials,ev_ebitda,9.008,19.54,,19.54,,False,cross_sectional,10.0,14.7,-0.1,24.6,0.9,False,True,cross_sectional_primary
20260828,F250-SPI,DSFIR.SW,Basic Materials,ev_ebitda,20.418,19.54,,19.54,,False,cross_sectional,0.0,-25.0,-5.4,-30.4,0.9,True,False,cross_sectional_primary
20260828,F250-SPI,SCMN.SW,Communication Services,fwd_pe,20.295326,17.7811,14.9,17.7811,19.3,False,cross_sectional,-1.6,29.7,0.0,28.1,1.0,False,False,cross_sectional_primary
20260828,F250-SPI,SGSN.SW,Industrials,ev_ebitda,17.246,10.8725,,10.8725,,False,cross_sectional,-2.5,-3.7,-0.1,-6.3,0.9,False,True,cross_sectional_primary
20260828,F250-SPI,LOGN.SW,Technology,fwd_pe,16.243856,18.4229,19.2,18.4229,-4.0,False,cross_sectional,6.5,42.9,3.2,52.6,1.0,True,False,cross_sectional_primary
20260828,F250-SPI,STMN.SW,Healthcare,fwd_pe,24.582981,21.2691,60.9,21.2691,-65.1,True,cross_sectional,-1.7,5.8,0.0,4.1,0.7,False,False,cross_sectional_primary
20260828,F250-SPI,LISN.SW,Consumer Defensive,fwd_pe,26.493042,11.7202,35.0,11.7202,-66.5,True,cross_sectional,-2.5,4.1,0.6,2.2,0.9,False,True,cross_sectional_primary
20260828,F250-SPI,LISP.SW,Consumer Defensive,fwd_pe,25.762503,11.7202,34.8,11.7202,-66.3,True,cross_sectional,-2.5,4.1,0.6,2.2,0.9,False,True,cross_sectional_primary
20260828,F250-SPI,BEAN.SW,Industrials,ev_ebitda,36.771,10.8725,,10.8725,,False,cross_sectional,-2.5,23.3,-0.0,20.8,0.9,False,True,cross_sectional_primary
20260828,F250-SPI,ACLN.SW,Industrials,ev_ebitda,20.353,10.8725,,10.8725,,False,cross_sectional,-2.5,37.6,-0.1,35.0,0.9,False,True,cross_sectional_primary
20260828,F250-SPI,AVOL.SW,Consumer Cyclical,fwd_pe,11.254769,11.2889,49.2,11.2889,-77.1,True,cross_sectional,0.0,30.7,-2.4,28.3,0.9,False,False,cross_sectional_primary
20260828,F250-SPI,FHZN.SW,Industrials,ev_ebitda,10.797,10.8725,,10.8725,,False,cross_sectional,0.0,5.8,0.0,5.8,0.9,False,False,cross_sectional_primary
20260828,F250-SPI,GALE.SW,Healthcare,fwd_pe,19.800348,21.2691,19.9,21.2691,6.9,False,cross_sectional,0.0,-24.9,0.0,-24.9,1.0,False,False,cross_sectional_primary
20260828,F250-SPI,TEMN.SW,Technology,fwd_pe,18.486568,18.4229,28.2,18.4229,-34.7,True,cross_sectional,0.0,-25.0,1.7,-23.3,0.9,True,False,cross_sectional_primary
20260828,F250-SPI,SIGN.SW,Consumer Cyclical,fwd_pe,18.226166,11.2889,38.9,11.2889,-71.0,True,cross_sectional,-2.5,38.7,-2.4,33.8,0.9,False,True,cross_sectional_primary
20260828,F250-SPI,SFZN.SW,Healthcare,fwd_pe,15.834047,21.2691,23.0,21.2691,-7.5,False,cross_sectional,10.0,4.0,-0.9,13.1,1.0,False,True,cross_sectional_primary
20260828,F250-SPI,IFCN.SW,Technology,fwd_pe,30.677423,18.4229,23.8,18.4229,-22.6,False,cross_sectional,-2.5,27.8,-0.0,25.3,1.0,False,True,cross_sectional_primary
20260828,F250-SPI,SUN.SW,Industrials,ev_ebitda,11.025,10.8725,,10.8725,,False,cross_sectional,0.0,8.3,0.3,8.6,0.9,False,False,cross_sectional_primary
20260828,F250-SPI,SFSN.SW,Industrials,ev_ebitda,11.127,10.8725,,10.8725,,False,cross_sectional,0.0,32.1,0.0,32.1,0.9,False,False,cross_sectional_primary
20260828,F250-SPI,BANB.SW,Healthcare,fwd_pe,24.991444,21.2691,39.9,21.2691,-46.7,True,cross_sectional,-1.9,0.0,-0.2,-2.1,0.9,False,False,cross_sectional_primary
20260828,F250-SPI,EMMN.SW,Consumer Defensive,fwd_pe,17.713795,11.7202,19.5,11.7202,-39.9,True,cross_sectional,-2.5,3.7,0.0,1.2,0.9,False,True,cross_sectional_primary
20260828,F250-SPI,DOKA.SW,Industrials,ev_ebitda,7.973,10.8725,,10.8725,,False,cross_sectional,10.0,-19.3,0.0,-9.3,0.9,False,True,cross_sectional_primary
20260828,F250-SPI,YPSN.SW,Healthcare,fwd_pe,26.54961,21.2691,54.2,21.2691,-60.8,True,cross_sectional,-2.5,40.1,0.2,37.7,0.9,True,True,cross_sectional_primary
20260828,F250-SPI,SWON.SW,Technology,fwd_pe,11.728025,18.4229,,18.4229,,False,cross_sectional,10.0,48.9,-9.0,49.8,0.9,True,True,cross_sectional_primary
20260828,F250-SPI,BCHN.SW,Industrials,ev_ebitda,9.701,10.8725,,10.8725,,False,cross_sectional,5.9,9.0,0.0,14.9,0.9,False,False,cross_sectional_primary
20260828,F250-SPI,KARN.SW,Industrials,ev_ebitda,14.965,10.8725,,10.8725,,False,cross_sectional,-2.5,-25.0,-0.0,-27.5,0.9,True,True,cross_sectional_primary
20260828,F250-SPI,JFN.SW,Industrials,ev_ebitda,10.481,10.8725,,10.8725,,False,cross_sectional,0.0,-2.9,0.6,-2.3,0.9,False,False,cross_sectional_primary
20260828,F250-SPI,ALSN.SW,Technology,fwd_pe,16.159506,18.4229,22.9,18.4229,-19.6,False,cross_sectional,6.8,42.2,-1.5,47.5,1.0,True,False,cross_sectional_primary
20260828,F250-SPI,BRKN.SW,Industrials,ev_ebitda,17.113,10.8725,,10.8725,,False,cross_sectional,-2.5,9.9,-0.7,6.7,0.9,False,True,cross_sectional_primary
20260828,F250-SPI,ARYN.SW,Consumer Defensive,fwd_pe,8.512996,11.7202,19.6,11.7202,-40.2,True,cross_sectional,10.0,-1.2,-0.2,8.6,0.9,False,True,cross_sectional_primary
20260828,F250-SPI,DESN.SW,Basic Materials,ev_ebitda,24.704,19.54,,19.54,,False,cross_sectional,-2.5,-23.7,-0.0,-26.2,0.9,False,True,cross_sectional_primary
20260828,F250-SPI,SENS.SW,Technology,fwd_pe,32.84442,18.4229,28.1,18.4229,-34.4,True,cross_sectional,-2.5,-25.0,0.0,-27.5,0.9,True,True,cross_sectional_primary
20260828,F250-SPI,SKAN.SW,Healthcare,fwd_pe,35.607277,21.2691,69.7,21.2691,-69.5,True,cross_sectional,-2.5,26.5,0.0,24.0,0.7,False,True,cross_sectional_primary
20260828,F250-SPI,CFT.SW,Financial Services,fwd_pe,14.072008,15.2143,9.5,15.2143,60.2,True,cross_sectional,0.0,15.7,-2.4,13.3,0.9,False,False,cross_sectional_primary
20260828,F250-SPI,BSLN.SW,Healthcare,fwd_pe,15.34898,21.2691,40.3,21.2691,-47.2,True,cross_sectional,10.0,42.6,-7.7,44.9,0.9,True,True,cross_sectional_primary
20260828,F250-SPI,MOVE.SW,Healthcare,fwd_pe,22.737816,21.2691,47.7,21.2691,-55.4,True,cross_sectional,0.0,1.2,0.1,1.3,0.9,False,False,cross_sectional_primary
20260828,F250-SPI,SMG.SW,Communication Services,fwd_pe,19.207663,17.7811,69.9,17.7811,-74.6,True,cross_sectional,0.0,45.6,0.0,45.6,0.9,True,False,cross_sectional_primary
20260828,F250-SPI,RSGN.SW,Industrials,ev_ebitda,10.0,10.8725,,10.8725,,False,cross_sectional,0.0,-6.5,-10.0,-16.5,0.9,False,False,cross_sectional_primary
20260828,F250-SPI,PPGN.SW,Healthcare,fwd_pe,30.339617,21.2691,,21.2691,,False,cross_sectional,-2.5,42.1,-0.1,39.5,0.7,True,True,cross_sectional_primary
20260828,F250-SPI,CMHC.SW,Healthcare,fwd_pe,17.215824,21.2691,30.1,21.2691,-29.3,True,cross_sectional,10.0,38.5,0.4,48.9,0.7,False,True,cross_sectional_primary
20260828,F250-SPI,MED.SW,Healthcare,fwd_pe,41.562836,21.2691,206.1,21.2691,-89.7,True,cross_sectional,-2.5,37.2,-0.7,34.0,0.7,False,True,cross_sectional_primary
20260828,F250-SPI,REHN.SW,Utilities,ev_ebitda,10.889,10.964,,10.964,,False,cross_sectional,0.0,5.5,0.0,5.5,0.7,False,False,cross_sectional_primary
20260828,F250-SPI,BELL.SW,Consumer Defensive,fwd_pe,10.144605,11.7202,11.0,11.7202,6.5,False,cross_sectional,7.5,21.1,0.1,28.7,1.0,False,False,cross_sectional_primary
20260828,F250-SPI,AUTN.SW,Consumer Cyclical,fwd_pe,10.953663,11.2889,13.2,11.2889,-14.5,False,cross_sectional,0.0,4.9,-6.6,-1.7,1.0,False,False,cross_sectional_primary
20260828,F250-SPI,CICN.SW,Technology,fwd_pe,13.186559,18.4229,26.3,18.4229,-30.0,True,cross_sectional,10.0,-23.9,-0.7,-14.6,0.9,False,True,cross_sectional_primary
20260828,F250-SPI,AEVS.SW,Healthcare,fwd_pe,43.420742,21.2691,,21.2691,,False,cross_sectional,-2.5,46.5,0.2,44.2,0.7,True,True,cross_sectional_primary
20260828,F250-SPI,APGN.SW,Communication Services,fwd_pe,17.781065,17.7811,17.4,17.7811,2.2,False,cross_sectional,0.0,24.7,-0.0,24.6,1.0,False,False,cross_sectional_primary
20260828,F250-SPI,ARBN.SW,Industrials,ev_ebitda,,10.8725,,10.8725,,False,UNMEASURED,,47.6,0.0,47.6,0.3,True,False,cross_sectional_primary
20260828,F250-SPI,BVZN.SW,Industrials,ev_ebitda,8.077,10.8725,,10.8725,,False,cross_sectional,10.0,40.3,-0.0,50.3,0.9,True,True,cross_sectional_primary
20260828,F250-SPI,TIBN.SW,Consumer Cyclical,fwd_pe,16.523672,11.2889,12.7,11.2889,-11.1,False,cross_sectional,-2.5,-25.0,0.0,-27.5,0.8,True,True,cross_sectional_primary
20260828,F250-SPI,CNTL.SW,Industrials,ev_ebitda,40.388,10.8725,,10.8725,,False,cross_sectional,-2.5,-19.2,0.0,-21.7,0.7,False,True,cross_sectional_primary
20260828,F250-SPI,MIKN.SW,Industrials,ev_ebitda,3.95,10.8725,,10.8725,,False,cross_sectional,10.0,-24.5,-0.2,-14.7,0.9,False,True,cross_sectional_primary
20260828,F250-SPI,OFN.SW,Industrials,ev_ebitda,6.587,10.8725,,10.8725,,False,cross_sectional,10.0,-25.0,-0.0,-15.0,0.9,True,True,cross_sectional_primary
20260828,F250-SPI,VBSN.SW,Healthcare,price_fcf,17.844587118178698,14.7067,,14.7067,,False,cross_sectional,-2.3,-6.7,-0.0,-9.0,0.9,False,False,cross_sectional_primary
20260828,F250-SPI,STGN.SW,Industrials,ev_ebitda,6.985,10.8725,,10.8725,,False,cross_sectional,10.0,25.3,-10.0,25.3,0.7,False,True,cross_sectional_primary
20260828,F250-SPI,LMN.SW,Consumer Cyclical,fwd_pe,5.7009773,11.2889,11.6,11.2889,-2.7,False,cross_sectional,10.0,45.1,0.3,55.5,0.8,True,True,cross_sectional_primary
20260828,F250-SPI,GMI.SW,Consumer Defensive,fwd_pe,,11.7202,13.2,11.7202,-11.2,False,UNMEASURED,,4.1,0.0,4.1,0.7,False,False,cross_sectional_primary
20260828,F250-SPI,MCHN.SW,Communication Services,fwd_pe,22.142857,17.7811,23.0,17.7811,-22.7,False,cross_sectional,-2.5,-5.4,-0.1,-8.1,0.8,False,True,cross_sectional_primary
20260828,F250-SPI,BBY.L,Industrials,ev_ebitda,17.223,10.8725,,10.8725,,False,cross_sectional,-2.5,1.0,7.7,6.2,0.9,False,True,cross_sectional_primary
20260828,F250-SPI,EZJ.L,Industrials,ev_ebitda,5.584,10.8725,,10.8725,,False,cross_sectional,10.0,47.6,-0.4,57.2,0.7,True,True,cross_sectional_primary
20260828,F250-SPI,ROR.L,Industrials,ev_ebitda,19.58,10.8725,,10.8725,,False,cross_sectional,-2.5,19.5,0.2,17.2,0.9,False,True,cross_sectional_primary
20260828,F250-SPI,CWK.L,Consumer Defensive,fwd_pe,15.9226265,11.7202,19.4,11.7202,-39.6,True,cross_sectional,-2.5,16.0,-0.5,13.0,0.9,False,True,cross_sectional_primary
20260828,F250-SPI,INCH.L,Consumer Cyclical,fwd_pe,8.359675,11.2915,10.7,11.2915,5.5,False,cross_sectional,10.0,-25.0,4.6,-10.4,1.0,True,True,cross_sectional_primary
20260828,F250-SPI,SRP.L,Industrials,ev_ebitda,12.218,10.8725,,10.8725,,False,cross_sectional,-1.4,10.5,4.3,13.3,0.9,False,False,cross_sectional_primary
20260828,F250-SPI,MTO.L,Industrials,ev_ebitda,10.98,10.8725,,10.8725,,False,cross_sectional,0.0,-25.0,1.6,-23.4,0.9,True,False,cross_sectional_primary
20260828,F250-SPI,BME.L,Consumer Defensive,fwd_pe,10.279816,11.7202,10.0,11.7202,17.2,False,cross_sectional,6.8,-25.0,-0.1,-18.3,1.0,True,False,cross_sectional_primary
20260828,F250-SPI,TCAP.L,Financial Services,fwd_pe,9.17847,15.1867,12.7,15.1867,19.6,False,cross_sectional,10.0,7.8,1.7,19.5,1.0,False,True,cross_sectional_primary
20260828,F250-SPI,HIK.L,Healthcare,fwd_pe,8.848651,21.275,12.4,21.275,71.6,True,cross_sectional,10.0,-4.7,-0.1,5.2,0.9,False,True,cross_sectional_primary
20260828,F250-SPI,HILS.L,Industrials,ev_ebitda,10.948,10.8725,,10.8725,,False,cross_sectional,0.0,-20.9,-0.1,-21.0,0.9,False,False,cross_sectional_primary
20260828,F250-SPI,PNN.L,Utilities,ev_ebitda,13.484,10.964,,10.964,,False,cross_sectional,-2.5,8.1,-10.0,-4.4,0.7,False,False,cross_sectional_primary
20260828,F250-SPI,TATE.L,Consumer Defensive,fwd_pe,12.925804,11.7202,14.2,11.7202,-17.5,False,cross_sectional,0.0,13.0,-5.2,7.9,0.8,False,False,cross_sectional_primary
20260828,F250-SPI,KLR.L,Industrials,ev_ebitda,7.174,10.8725,,10.8725,,False,cross_sectional,10.0,23.7,1.6,35.3,0.9,False,True,cross_sectional_primary
20260828,F250-SPI,MGNS.L,Industrials,ev_ebitda,6.604,10.8725,,10.8725,,False,cross_sectional,10.0,18.8,-1.9,26.9,0.9,False,True,cross_sectional_primary
20260828,F250-SPI,HBR.L,Energy,ev_ebitda,1.701,10.964,,10.964,,False,cross_sectional,10.0,-14.6,-10.0,-14.6,0.7,False,True,cross_sectional_primary
20260828,F250-SPI,GRG.L,Consumer Cyclical,fwd_pe,14.23911,11.2915,18.7,11.2915,-39.6,True,cross_sectional,-2.5,21.2,-0.1,18.6,0.9,False,True,cross_sectional_primary
20260828,F250-SPI,GFTU.L,Industrials,ev_ebitda,9.114,10.8725,,10.8725,,False,cross_sectional,9.2,8.4,0.0,17.6,0.7,False,False,cross_sectional_primary
20260828,F250-SPI,RSW.L,Technology,fwd_pe,25.962105,18.3979,22.1,18.3979,-16.8,False,cross_sectional,-2.5,-21.0,0.0,-23.5,1.0,False,True,cross_sectional_primary
20260828,F250-SPI,HTWS.L,Communication Services,fwd_pe,18.391714,17.7811,40.2,17.7811,-55.8,True,cross_sectional,0.0,-25.0,-0.5,-25.5,0.9,True,False,cross_sectional_primary
20260828,F250-SPI,WOSG.L,Consumer Cyclical,fwd_pe,12.442579,11.2915,20.5,11.2915,-44.9,True,cross_sectional,0.0,46.8,0.5,47.3,0.9,True,False,cross_sectional_primary
20260828,F250-SPI,SSPG.L,Consumer Cyclical,fwd_pe,12.715146,11.2915,140.9,11.2915,-92.0,True,cross_sectional,-1.4,13.7,0.1,12.3,0.7,False,False,cross_sectional_primary
20260828,F250-SPI,GNC.L,Consumer Defensive,fwd_pe,11.37493,11.7202,16.4,11.7202,-28.5,True,cross_sectional,0.0,16.6,4.2,20.9,0.7,False,False,cross_sectional_primary
20260828,F250-SPI,CURY.L,Consumer Cyclical,fwd_pe,9.998681,11.2915,9.5,11.2915,18.9,False,cross_sectional,6.3,27.9,-0.4,33.8,1.0,False,False,cross_sectional_primary
20260828,F250-SPI,CKN.L,Industrials,ev_ebitda,11.59,10.8725,,10.8725,,False,cross_sectional,0.0,36.1,-0.3,35.7,0.9,False,False,cross_sectional_primary
20260828,F250-SPI,PFD.L,Consumer Defensive,fwd_pe,11.750357,11.7202,12.9,11.7202,-9.1,False,cross_sectional,0.0,6.3,0.1,6.4,1.0,False,False,cross_sectional_primary
20260828,F250-SPI,FOUR.L,Communication Services,fwd_pe,17.226841,17.7811,13.5,17.7811,31.7,True,cross_sectional,0.0,-21.4,-0.2,-21.6,0.9,False,False,cross_sectional_primary
20260828,F250-SPI,DNLM.L,Consumer Cyclical,fwd_pe,11.0527525,11.2915,14.5,11.2915,-22.1,False,cross_sectional,0.0,-7.3,-0.2,-7.5,1.0,False,False,cross_sectional_primary
20260828,F250-SPI,ZIG.L,Industrials,ev_ebitda,4.425,10.8725,,10.8725,,False,cross_sectional,10.0,-25.0,0.0,-15.0,0.9,True,True,cross_sectional_primary
20260828,F250-SPI,BREE.L,Basic Materials,ev_ebitda,7.437,19.54,,19.54,,False,cross_sectional,10.0,-7.7,-0.9,1.4,0.9,False,True,cross_sectional_primary
20260828,F250-SPI,GAMA.L,Communication Services,fwd_pe,11.601252,17.7811,20.6,17.7811,-13.7,False,cross_sectional,10.0,-0.2,2.1,11.9,1.0,False,True,cross_sectional_primary
20260828,F250-SPI,KNOS.L,Technology,fwd_pe,21.193863,18.3979,34.2,18.3979,-46.2,True,cross_sectional,-1.7,46.9,2.1,47.3,0.9,True,False,cross_sectional_primary
20260828,F250-SPI,VTY.L,Consumer Cyclical,fwd_pe,6.624847,11.2915,14.8,11.2915,-23.7,False,cross_sectional,10.0,49.8,3.2,63.1,1.0,True,True,cross_sectional_primary
20260828,F250-SPI,TRST.L,Technology,fwd_pe,38.604828,18.3979,91.3,18.3979,-79.8,True,cross_sectional,-2.5,32.2,0.7,30.3,0.7,False,True,cross_sectional_primary
20260828,F250-SPI,WIZZ.L,Industrials,ev_ebitda,29.091,10.8725,,10.8725,,False,cross_sectional,-2.5,44.2,-0.0,41.7,0.7,True,True,cross_sectional_primary
20260828,F250-SPI,FGP.L,Industrials,ev_ebitda,6.12,10.8725,,10.8725,,False,cross_sectional,10.0,-5.9,9.7,13.8,0.9,False,True,cross_sectional_primary
20260828,F250-SPI,MONY.L,Communication Services,fwd_pe,10.21473,17.7811,14.1,17.7811,26.1,True,cross_sectional,10.0,4.7,0.6,15.3,0.9,False,True,cross_sectional_primary
20260828,F250-SPI,PETS.L,Consumer Cyclical,fwd_pe,11.842468,11.2915,13.9,11.2915,-18.8,False,cross_sectional,0.0,-25.0,2.5,-22.5,1.0,True,False,cross_sectional_primary
20260828,F250-SPI,BYIT.L,Technology,fwd_pe,18.397898,18.3979,21.8,18.3979,-15.6,False,cross_sectional,0.0,-6.8,0.3,-6.5,1.0,False,False,cross_sectional_primary
20260828,F250-SPI,CVSG.L,Healthcare,fwd_pe,13.57907,21.275,54.2,21.275,-60.7,True,cross_sectional,10.0,-25.0,-0.1,-15.1,0.9,True,True,cross_sectional_primary
20260828,F250-SPI,ENOG.L,Energy,ev_ebitda,4.228,10.964,,10.964,,False,cross_sectional,10.0,8.2,-0.3,17.9,0.7,False,True,cross_sectional_primary
20260828,F250-SPI,MOON.L,Consumer Cyclical,fwd_pe,13.153717,11.2915,19.8,11.2915,-43.0,True,cross_sectional,-1.8,23.3,3.4,24.9,0.9,False,False,cross_sectional_primary
20260828,F250-SPI,DOM.L,Consumer Cyclical,fwd_pe,11.3827305,11.2915,13.6,11.2915,-17.0,False,cross_sectional,0.0,5.3,2.7,8.0,1.0,False,False,cross_sectional_primary
20260828,F250-SPI,TRN.L,Consumer Cyclical,fwd_pe,7.5010533,11.2915,39.2,11.2915,-71.2,True,cross_sectional,10.0,37.3,6.7,54.0,0.9,False,True,cross_sectional_primary
20260828,F250-SPI,MAB.L,Consumer Cyclical,fwd_pe,8.441092,11.2915,9.9,11.2915,14.1,False,cross_sectional,10.0,6.6,-0.5,16.1,1.0,False,True,cross_sectional_primary
20260828,F250-SPI,CMCX.L,Financial Services,fwd_pe,11.014396,15.1867,11.3,15.1867,34.4,True,cross_sectional,10.0,38.0,1.5,49.5,0.9,False,True,cross_sectional_primary
20260828,F250-SPI,BAG.L,Consumer Defensive,fwd_pe,11.6792,11.7202,17.7,11.7202,-33.8,True,cross_sectional,0.0,-8.1,0.1,-8.0,0.9,False,False,cross_sectional_primary
20260828,F250-SPI,SPI.L,Healthcare,fwd_pe,17.526308,21.275,39.1,21.275,-45.6,True,cross_sectional,10.0,-19.3,1.0,-8.3,0.9,False,True,cross_sectional_primary
20260828,F250-SPI,XPS.L,Consumer Cyclical,fwd_pe,12.516914,11.2915,28.3,11.2915,-60.1,True,cross_sectional,-1.3,6.5,-0.8,4.5,0.9,False,False,cross_sectional_primary
20260828,F250-SPI,ITH.L,Energy,ev_ebitda,2.952,10.964,,10.964,,False,cross_sectional,10.0,37.7,-10.0,37.7,0.9,False,True,cross_sectional_primary
20260828,F250-SPI,GFRD.L,Industrials,ev_ebitda,9.45,10.8725,,10.8725,,False,cross_sectional,7.3,19.7,3.7,30.7,0.9,False,False,cross_sectional_primary
20260828,F250-SPI,SMWH.L,Consumer Cyclical,fwd_pe,10.761489,11.2915,23.3,11.2915,-51.5,True,cross_sectional,0.0,0.1,1.1,1.2,0.7,False,False,cross_sectional_primary
20260828,F250-SPI,HFD.L,Consumer Cyclical,fwd_pe,13.734056,11.2915,17.7,11.2915,-36.2,True,cross_sectional,-2.3,8.6,0.2,6.4,0.7,False,False,cross_sectional_primary
20260828,F250-SPI,AVON.L,Industrials,ev_ebitda,16.524,10.8725,,10.8725,,False,cross_sectional,-2.5,48.9,-0.7,45.8,0.9,True,True,cross_sectional_primary
20260828,F250-SPI,BMY.L,Communication Services,fwd_pe,15.502667,17.7811,18.2,17.7811,-2.3,False,cross_sectional,7.1,39.9,0.3,47.2,1.0,True,False,cross_sectional_primary
20260828,F250-SPI,HTG.L,Energy,ev_ebitda,7.114,10.964,,10.964,,False,cross_sectional,10.0,24.0,0.1,34.1,0.9,False,True,cross_sectional_primary
20260828,F250-SPI,GDWN.L,Industrials,ev_ebitda,21.767,10.8725,,10.8725,,False,cross_sectional,-2.5,47.0,1.2,45.7,0.9,True,True,cross_sectional_primary
20260828,F250-SPI,HFG.L,Consumer Defensive,fwd_pe,11.720203,11.7202,20.1,11.7202,-41.7,True,cross_sectional,0.0,8.8,0.0,8.8,0.7,False,False,cross_sectional_primary
20260828,F250-SPI,BOWL.L,Consumer Cyclical,fwd_pe,11.328143,11.2915,14.4,11.2915,-21.6,False,cross_sectional,0.0,-2.4,0.1,-2.3,1.0,False,False,cross_sectional_primary
20260828,F250-SPI,APN.L,Consumer Defensive,fwd_pe,22.976482,11.7202,28.0,11.7202,-58.1,True,cross_sectional,-2.5,44.1,0.0,41.6,0.9,True,True,cross_sectional_primary
20260828,F250-SPI,WIX.L,Consumer Cyclical,fwd_pe,9.372413,11.2915,13.3,11.2915,-15.1,False,cross_sectional,9.8,49.7,4.1,63.6,1.0,True,False,cross_sectional_primary
20260828,F250-SPI,ATG.L,Technology,fwd_pe,13.132788,18.3979,25.4,18.3979,-27.6,True,cross_sectional,10.0,14.6,-0.3,24.4,0.7,False,True,cross_sectional_primary
20260828,F250-SPI,GBG.L,Technology,fwd_pe,7.623996,18.3979,61.3,18.3979,-70.0,True,cross_sectional,10.0,14.2,0.4,24.5,0.7,False,True,cross_sectional_primary
20260828,F250-SPI,RPI.L,Technology,fwd_pe,51.355736,18.3979,35.5,18.3979,-48.2,True,cross_sectional,-2.5,48.8,-1.0,45.3,0.9,True,True,cross_sectional_primary
20260828,F250-SPI,AEP.L,Consumer Defensive,fwd_pe,10.113845,11.7202,3.9,11.7202,200.5,True,cross_sectional,7.6,7.5,15.0,30.1,0.9,False,False,cross_sectional_primary
20260828,F250-SPI,MEGP.L,Industrials,ev_ebitda,4.213,10.8725,,10.8725,,False,cross_sectional,10.0,-3.9,0.1,6.2,0.9,False,True,cross_sectional_primary
20260828,F250-SPI,PPH.L,Consumer Cyclical,fwd_pe,11.183192,11.2915,22.0,11.2915,-48.7,True,cross_sectional,0.0,-25.0,0.0,-25.0,0.9,True,False,cross_sectional_primary
20260828,F250-SPI,AO.L,Consumer Cyclical,fwd_pe,11.780235,11.2915,44.6,11.2915,-74.7,True,cross_sectional,0.0,10.6,-2.5,8.1,0.7,False,False,cross_sectional_primary
20260828,F250-SPI,ALFA.L,Technology,fwd_pe,15.940488,18.3979,21.2,18.3979,-13.2,False,cross_sectional,7.4,5.1,0.1,12.7,1.0,False,False,cross_sectional_primary
20260828,F250-SPI,RNK.L,Consumer Cyclical,fwd_pe,8.995055,11.2915,10.5,11.2915,7.5,False,cross_sectional,10.0,-25.0,0.0,-15.0,1.0,True,True,cross_sectional_primary
20260828,F250-SPI,DATA.L,Industrials,ev_ebitda,8.689,10.8725,,10.8725,,False,cross_sectional,10.0,48.2,4.3,62.5,0.9,True,True,cross_sectional_primary
20260828,F250-SPI,PRN.L,Consumer Defensive,fwd_pe,8.370457,11.7202,151.1,11.7202,-92.2,True,cross_sectional,10.0,14.4,15.0,39.4,0.7,False,True,cross_sectional_primary
20260828,F250-SPI,NOVN.SW,Healthcare,fwd_pe,15.780846,21.275,14.5,21.275,46.7,True,cross_sectional,10.0,-17.0,3.4,-3.6,0.9,False,True,cross_sectional_primary
20260828,F250-SPI,ABBN.SW,Industrials,ev_ebitda,20.661,10.8725,,10.8725,,False,cross_sectional,-2.5,8.2,1.0,6.7,0.9,False,True,cross_sectional_primary
20260828,F250-SPI,CFR.SW,Consumer Cyclical,fwd_pe,24.255568,11.2915,34.9,11.2915,-67.6,True,cross_sectional,-2.5,-25.0,-0.9,-28.4,0.9,True,True,cross_sectional_primary
20260828,F250-SPI,LONN.SW,Healthcare,fwd_pe,26.629547,21.275,38.5,21.275,-44.7,True,cross_sectional,-2.5,35.4,2.4,35.3,0.9,False,True,cross_sectional_primary
20260828,F250-SPI,GALD.SW,Healthcare,fwd_pe,31.88517,21.275,,21.275,,False,cross_sectional,-2.5,47.0,-0.0,44.4,0.9,True,True,cross_sectional_primary
20260828,F250-SPI,SDZ.SW,Healthcare,fwd_pe,19.034496,21.275,27.0,21.275,-21.2,False,cross_sectional,5.7,-25.0,-0.6,-19.9,1.0,True,False,cross_sectional_primary
20260828,F250-SPI,SIKA.SW,Basic Materials,ev_ebitda,18.662,19.54,,19.54,,False,cross_sectional,0.0,-0.6,-0.0,-0.6,0.9,False,False,cross_sectional_primary
20260828,F250-SPI,ALC.SW,Healthcare,fwd_pe,16.42817,21.275,34.7,21.275,-38.7,True,cross_sectional,10.0,20.1,0.0,30.1,0.7,False,True,cross_sectional_primary
20260828,F250-SPI,GIVN.SW,Basic Materials,ev_ebitda,22.031,19.54,,19.54,,False,cross_sectional,-1.5,-20.0,-0.1,-21.6,0.9,False,False,cross_sectional_primary
20260828,F250-SPI,AMRZ.SW,Basic Materials,ev_ebitda,9.008,19.54,,19.54,,False,cross_sectional,10.0,14.7,-0.1,24.6,0.9,False,True,cross_sectional_primary
20260828,F250-SPI,DSFIR.SW,Basic Materials,ev_ebitda,20.418,19.54,,19.54,,False,cross_sectional,0.0,-25.0,-5.4,-30.4,0.9,True,False,cross_sectional_primary
20260828,F250-SPI,SCMN.SW,Communication Services,fwd_pe,20.263111,17.7811,14.9,17.7811,19.3,False,cross_sectional,-1.6,29.7,0.0,28.1,1.0,False,False,cross_sectional_primary
20260828,F250-SPI,SGSN.SW,Industrials,ev_ebitda,17.246,10.8725,,10.8725,,False,cross_sectional,-2.5,-3.7,-0.1,-6.3,0.9,False,True,cross_sectional_primary
20260828,F250-SPI,LOGN.SW,Technology,fwd_pe,16.239727,18.3979,19.2,18.3979,-4.2,False,cross_sectional,6.4,42.9,3.2,52.6,1.0,True,False,cross_sectional_primary
20260828,F250-SPI,STMN.SW,Healthcare,fwd_pe,24.619932,21.275,60.9,21.275,-65.1,True,cross_sectional,-1.8,5.8,0.0,4.0,0.7,False,False,cross_sectional_primary
20260828,F250-SPI,LISN.SW,Consumer Defensive,fwd_pe,26.493042,11.7202,35.0,11.7202,-66.5,True,cross_sectional,-2.5,4.1,0.6,2.2,0.9,False,True,cross_sectional_primary
20260828,F250-SPI,LISP.SW,Consumer Defensive,fwd_pe,25.74799,11.7202,34.8,11.7202,-66.3,True,cross_sectional,-2.5,4.1,0.6,2.2,0.9,False,True,cross_sectional_primary
20260828,F250-SPI,BEAN.SW,Industrials,ev_ebitda,36.771,10.8725,,10.8725,,False,cross_sectional,-2.5,23.3,-0.0,20.8,0.9,False,True,cross_sectional_primary
20260828,F250-SPI,ACLN.SW,Industrials,ev_ebitda,20.353,10.8725,,10.8725,,False,cross_sectional,-2.5,37.6,-0.1,35.0,0.9,False,True,cross_sectional_primary
20260828,F250-SPI,AVOL.SW,Consumer Cyclical,fwd_pe,11.254769,11.2915,49.2,11.2915,-77.0,True,cross_sectional,0.0,30.7,-2.4,28.3,0.9,False,False,cross_sectional_primary
20260828,F250-SPI,FHZN.SW,Industrials,ev_ebitda,10.797,10.8725,,10.8725,,False,cross_sectional,0.0,5.8,0.0,5.8,0.9,False,False,cross_sectional_primary
20260828,F250-SPI,GALE.SW,Healthcare,fwd_pe,19.812122,21.275,19.9,21.275,6.9,False,cross_sectional,0.0,-24.9,0.0,-24.9,1.0,False,False,cross_sectional_primary
20260828,F250-SPI,TEMN.SW,Technology,fwd_pe,18.462372,18.3979,28.2,18.3979,-34.8,True,cross_sectional,0.0,-25.0,1.7,-23.3,0.9,True,False,cross_sectional_primary
20260828,F250-SPI,SIGN.SW,Consumer Cyclical,fwd_pe,18.252296,11.2915,38.9,11.2915,-71.0,True,cross_sectional,-2.5,38.7,-2.4,33.8,0.9,False,True,cross_sectional_primary
20260828,F250-SPI,SFZN.SW,Healthcare,fwd_pe,15.834047,21.275,23.0,21.275,-7.5,False,cross_sectional,10.0,4.0,-0.9,13.1,1.0,False,True,cross_sectional_primary
20260828,F250-SPI,IFCN.SW,Technology,fwd_pe,30.60507,18.3979,23.8,18.3979,-22.7,False,cross_sectional,-2.5,27.8,-0.0,25.3,1.0,False,True,cross_sectional_primary
20260828,F250-SPI,SUN.SW,Industrials,ev_ebitda,11.025,10.8725,,10.8725,,False,cross_sectional,0.0,8.3,0.3,8.6,0.9,False,False,cross_sectional_primary
20260828,F250-SPI,SFSN.SW,Industrials,ev_ebitda,11.127,10.8725,,10.8725,,False,cross_sectional,0.0,32.1,0.0,32.1,0.9,False,False,cross_sectional_primary
20260828,F250-SPI,BANB.SW,Healthcare,fwd_pe,24.958538,21.275,39.9,21.275,-46.7,True,cross_sectional,-1.9,0.0,-0.2,-2.1,0.9,False,False,cross_sectional_primary
20260828,F250-SPI,EMMN.SW,Consumer Defensive,fwd_pe,17.713795,11.7202,19.5,11.7202,-39.9,True,cross_sectional,-2.5,3.7,0.0,1.2,0.9,False,True,cross_sectional_primary
20260828,F250-SPI,DOKA.SW,Industrials,ev_ebitda,7.973,10.8725,,10.8725,,False,cross_sectional,10.0,-19.3,0.0,-9.3,0.9,False,True,cross_sectional_primary
20260828,F250-SPI,YPSN.SW,Healthcare,fwd_pe,26.54961,21.275,54.2,21.275,-60.7,True,cross_sectional,-2.5,40.1,0.2,37.7,0.9,True,True,cross_sectional_primary
20260828,F250-SPI,SWON.SW,Technology,fwd_pe,11.752009,18.3979,,18.3979,,False,cross_sectional,10.0,48.9,-9.0,49.8,0.9,True,True,cross_sectional_primary
20260828,F250-SPI,BCHN.SW,Industrials,ev_ebitda,9.701,10.8725,,10.8725,,False,cross_sectional,5.9,9.0,0.0,14.9,0.9,False,False,cross_sectional_primary
20260828,F250-SPI,KARN.SW,Industrials,ev_ebitda,14.965,10.8725,,10.8725,,False,cross_sectional,-2.5,-25.0,-0.0,-27.5,0.9,True,True,cross_sectional_primary
20260828,F250-SPI,JFN.SW,Industrials,ev_ebitda,10.481,10.8725,,10.8725,,False,cross_sectional,0.0,-2.9,0.6,-2.3,0.9,False,False,cross_sectional_primary
20260828,F250-SPI,ALSN.SW,Technology,fwd_pe,16.126661,18.3979,22.9,18.3979,-19.7,False,cross_sectional,6.8,42.2,-1.5,47.5,1.0,True,False,cross_sectional_primary
20260828,F250-SPI,BRKN.SW,Industrials,ev_ebitda,17.113,10.8725,,10.8725,,False,cross_sectional,-2.5,9.9,-0.7,6.7,0.9,False,True,cross_sectional_primary
20260828,F250-SPI,ARYN.SW,Consumer Defensive,fwd_pe,8.492181,11.7202,19.6,11.7202,-40.2,True,cross_sectional,10.0,-1.2,-0.2,8.6,0.9,False,True,cross_sectional_primary
20260828,F250-SPI,DESN.SW,Basic Materials,ev_ebitda,24.704,19.54,,19.54,,False,cross_sectional,-2.5,-23.7,-0.0,-26.2,0.9,False,True,cross_sectional_primary
20260828,F250-SPI,SENS.SW,Technology,fwd_pe,32.923473,18.3979,28.1,18.3979,-34.5,True,cross_sectional,-2.5,-25.0,0.0,-27.5,0.9,True,True,cross_sectional_primary
20260828,F250-SPI,SKAN.SW,Healthcare,fwd_pe,35.552998,21.275,69.7,21.275,-69.5,True,cross_sectional,-2.5,26.5,0.0,24.0,0.7,False,True,cross_sectional_primary
20260828,F250-SPI,CFT.SW,Financial Services,fwd_pe,14.072008,15.1867,9.5,15.1867,59.9,True,cross_sectional,0.0,15.7,-2.4,13.3,0.9,False,False,cross_sectional_primary
20260828,F250-SPI,BSLN.SW,Healthcare,fwd_pe,15.302325,21.275,40.3,21.275,-47.2,True,cross_sectional,10.0,42.6,-7.7,44.9,0.9,True,True,cross_sectional_primary
20260828,F250-SPI,MOVE.SW,Healthcare,fwd_pe,22.737816,21.275,47.7,21.275,-55.4,True,cross_sectional,0.0,1.2,0.1,1.3,0.9,False,False,cross_sectional_primary
20260828,F250-SPI,SMG.SW,Communication Services,fwd_pe,19.14847,17.7811,69.9,17.7811,-74.6,True,cross_sectional,0.0,45.6,0.0,45.6,0.9,True,False,cross_sectional_primary
20260828,F250-SPI,RSGN.SW,Industrials,ev_ebitda,10.0,10.8725,,10.8725,,False,cross_sectional,0.0,-6.5,-10.0,-16.5,0.9,False,False,cross_sectional_primary
20260828,F250-SPI,PPGN.SW,Healthcare,fwd_pe,30.339617,21.275,,21.275,,False,cross_sectional,-2.5,42.1,-0.1,39.5,0.7,True,True,cross_sectional_primary
20260828,F250-SPI,CMHC.SW,Healthcare,fwd_pe,17.215824,21.275,30.1,21.275,-29.3,True,cross_sectional,10.0,38.5,0.4,48.9,0.7,False,True,cross_sectional_primary
20260828,F250-SPI,MED.SW,Healthcare,fwd_pe,41.562836,21.275,206.1,21.275,-89.7,True,cross_sectional,-2.5,37.2,-0.7,34.0,0.7,False,True,cross_sectional_primary
20260828,F250-SPI,REHN.SW,Utilities,ev_ebitda,10.889,10.964,,10.964,,False,cross_sectional,0.0,5.5,0.0,5.5,0.7,False,False,cross_sectional_primary
20260828,F250-SPI,BELL.SW,Consumer Defensive,fwd_pe,10.189098,11.7202,11.0,11.7202,6.5,False,cross_sectional,7.3,21.1,0.1,28.4,1.0,False,False,cross_sectional_primary
20260828,F250-SPI,AUTN.SW,Consumer Cyclical,fwd_pe,10.884226,11.2915,13.2,11.2915,-14.5,False,cross_sectional,0.0,4.9,-6.6,-1.7,1.0,False,False,cross_sectional_primary
20260828,F250-SPI,CICN.SW,Technology,fwd_pe,13.126711,18.3979,26.3,18.3979,-30.0,True,cross_sectional,10.0,-23.9,-0.7,-14.6,0.9,False,True,cross_sectional_primary
20260828,F250-SPI,AEVS.SW,Healthcare,fwd_pe,43.420742,21.275,,21.275,,False,cross_sectional,-2.5,46.5,0.2,44.2,0.7,True,True,cross_sectional_primary
20260828,F250-SPI,APGN.SW,Communication Services,fwd_pe,17.781065,17.7811,17.4,17.7811,2.2,False,cross_sectional,0.0,24.7,-0.0,24.6,1.0,False,False,cross_sectional_primary
20260828,F250-SPI,ARBN.SW,Industrials,ev_ebitda,,10.8725,,10.8725,,False,UNMEASURED,,47.6,0.0,47.6,0.3,True,False,cross_sectional_primary
20260828,F250-SPI,BVZN.SW,Industrials,ev_ebitda,8.077,10.8725,,10.8725,,False,cross_sectional,10.0,40.3,-0.0,50.3,0.9,True,True,cross_sectional_primary
20260828,F250-SPI,TIBN.SW,Consumer Cyclical,fwd_pe,16.523672,11.2915,12.7,11.2915,-11.1,False,cross_sectional,-2.5,-25.0,0.0,-27.5,0.8,True,True,cross_sectional_primary
20260828,F250-SPI,CNTL.SW,Industrials,ev_ebitda,40.388,10.8725,,10.8725,,False,cross_sectional,-2.5,-19.2,0.0,-21.7,0.7,False,True,cross_sectional_primary
20260828,F250-SPI,MIKN.SW,Industrials,ev_ebitda,3.95,10.8725,,10.8725,,False,cross_sectional,10.0,-24.5,-0.2,-14.7,0.9,False,True,cross_sectional_primary
20260828,F250-SPI,OFN.SW,Industrials,ev_ebitda,6.587,10.8725,,10.8725,,False,cross_sectional,10.0,-25.0,-0.0,-15.0,0.9,True,True,cross_sectional_primary
20260828,F250-SPI,VBSN.SW,Healthcare,price_fcf,17.844587118178698,14.6887,,14.6887,,False,cross_sectional,-2.3,-6.7,-0.0,-9.0,0.9,False,False,cross_sectional_primary
20260828,F250-SPI,STGN.SW,Industrials,ev_ebitda,6.985,10.8725,,10.8725,,False,cross_sectional,10.0,25.3,-10.0,25.3,0.7,False,True,cross_sectional_primary
20260828,F250-SPI,LMN.SW,Consumer Cyclical,fwd_pe,5.7009773,11.2915,11.6,11.2915,-2.7,False,cross_sectional,10.0,45.1,0.3,55.5,0.8,True,True,cross_sectional_primary
20260828,F250-SPI,GMI.SW,Consumer Defensive,fwd_pe,,11.7202,13.2,11.7202,-11.2,False,UNMEASURED,,4.1,0.0,4.1,0.7,False,False,cross_sectional_primary
20260828,F250-SPI,MCHN.SW,Communication Services,fwd_pe,22.142857,17.7811,23.0,17.7811,-22.7,False,cross_sectional,-2.5,-5.4,-0.1,-8.1,0.8,False,True,cross_sectional_primary
20260904,SP500,NVDA,Technology,fwd_pe,14.778659,18.9469,88.0,18.9469,-78.5,True,cross_sectional,10.0,48.2,0.9,59.1,0.9,True,True,cross_sectional_primary
20260904,SP500,AAPL,Technology,fwd_pe,34.403095,18.9469,33.1,18.9469,-42.8,True,cross_sectional,-2.5,28.7,2.6,28.8,0.9,False,True,cross_sectional_primary
20260904,SP500,MSFT,Technology,fwd_pe,21.639755,18.9469,35.2,18.9469,-46.2,True,cross_sectional,-1.6,31.7,0.1,30.2,0.9,False,False,cross_sectional_primary
20260904,SP500,AMZN,Consumer Cyclical,fwd_pe,24.893465,16.9133,39.7,16.9133,-57.4,True,cross_sectional,-2.5,49.2,-1.6,45.1,0.9,True,True,cross_sectional_primary
20260904,SP500,GOOGL,Communication Services,fwd_pe,23.097359,15.0549,23.5,15.0549,-35.9,True,cross_sectional,-2.5,49.3,2.0,48.8,0.9,True,True,cross_sectional_primary
20260904,SP500,AVGO,Technology,fwd_pe,18.47351,18.9469,52.2,18.9469,-63.7,True,cross_sectional,0.0,46.9,-6.6,40.3,0.9,True,False,cross_sectional_primary
20260904,SP500,GOOG,Communication Services,fwd_pe,22.868055,15.0549,23.7,15.0549,-36.5,True,cross_sectional,-2.5,49.3,2.0,48.8,0.9,True,True,cross_sectional_primary
20260904,SP500,META,Communication Services,fwd_pe,17.468134,15.0549,23.8,15.0549,-36.7,True,cross_sectional,-1.8,-13.4,1.1,-14.1,0.9,False,False,cross_sectional_primary
20260904,SP500,MU,Technology,fwd_pe,6.1806707,18.9469,37.6,18.9469,-49.6,True,cross_sectional,10.0,49.9,-1.5,58.4,0.9,True,True,cross_sectional_primary
20260904,SP500,TSLA,Consumer Cyclical,fwd_pe,174.35767,16.9133,127.8,16.9133,-86.8,True,cross_sectional,-2.5,-3.0,-0.6,-6.1,0.9,False,True,cross_sectional_primary
20260904,SP500,LLY,Healthcare,fwd_pe,24.539005,17.0292,59.5,17.0292,-71.4,True,cross_sectional,-2.5,26.2,0.2,23.9,0.9,False,True,cross_sectional_primary
20260904,SP500,AMD,Technology,fwd_pe,29.523523,18.9469,100.8,18.9469,-81.2,True,cross_sectional,-2.5,48.6,-0.3,45.8,0.9,True,True,cross_sectional_primary
20260904,SP500,JNJ,Healthcare,fwd_pe,22.622791,17.0292,21.1,17.0292,-19.3,False,cross_sectional,-2.5,-0.9,2.6,-0.8,1.0,False,True,cross_sectional_primary
20260904,SP500,V,Financial Services,fwd_pe,25.242764,23.7661,31.3,23.7661,-24.1,False,cross_sectional,0.0,10.2,6.5,16.7,1.0,False,False,cross_sectional_primary
20260904,SP500,MA,Financial Services,fwd_pe,25.437107,23.7661,34.7,23.7661,-31.5,True,cross_sectional,0.0,22.1,2.1,24.2,0.9,False,False,cross_sectional_primary
20260904,SP500,WMT,Consumer Defensive,fwd_pe,33.556488,16.5969,42.8,16.5969,-61.2,True,cross_sectional,-2.5,-9.1,0.5,-11.1,0.9,False,True,cross_sectional_primary
20260904,SP500,ABBV,Healthcare,fwd_pe,15.981431,17.0292,61.8,17.0292,-72.4,True,cross_sectional,0.0,49.3,0.0,49.3,0.9,True,False,cross_sectional_primary
20260904,SP500,CSCO,Technology,fwd_pe,19.386818,18.9469,18.9,18.9469,0.2,False,cross_sectional,0.0,43.0,1.3,44.3,1.0,True,False,cross_sectional_primary
20260904,SP500,COST,Consumer Defensive,fwd_pe,40.851704,16.5969,46.2,16.5969,-64.1,True,cross_sectional,-2.5,40.9,-0.0,38.4,0.9,False,True,cross_sectional_primary
20260904,SP500,PLTR,Technology,fwd_pe,78.87254,18.9469,282.1,18.9469,-93.3,True,cross_sectional,-2.5,49.0,-5.7,40.8,0.9,True,True,cross_sectional_primary
20260904,SP500,MRK,Healthcare,fwd_pe,15.963767,17.0292,15.9,17.0292,7.1,False,cross_sectional,0.0,49.0,1.9,50.9,0.8,True,False,cross_sectional_primary
20260904,SP500,CAT,Industrials,ev_ebitda,25.045,18.1985,,18.1985,,False,cross_sectional,-2.5,45.6,4.1,47.2,0.9,True,True,cross_sectional_primary
20260904,SP500,UNH,Healthcare,fwd_pe,17.87089,17.0292,23.7,17.0292,-28.1,True,cross_sectional,0.0,44.8,1.4,46.3,0.9,True,False,cross_sectional_primary
20260904,SP500,LRCX,Technology,fwd_pe,25.289024,18.9469,32.9,18.9469,-42.4,True,cross_sectional,-2.5,34.5,2.3,34.2,0.9,False,True,cross_sectional_primary
20260904,SP500,NFLX,Communication Services,fwd_pe,21.636208,15.0549,38.0,15.0549,-60.4,True,cross_sectional,-2.5,11.1,1.7,10.3,0.9,False,True,cross_sectional_primary
20260904,SP500,AMAT,Technology,fwd_pe,23.620426,18.9469,18.6,18.9469,1.9,False,cross_sectional,-2.5,39.7,2.2,39.4,1.0,False,True,cross_sectional_primary
20260904,SP500,GE,Industrials,ev_ebitda,31.047,18.1985,,18.1985,,False,cross_sectional,-2.5,19.4,1.4,18.3,0.9,False,True,cross_sectional_primary
20260904,SP500,PG,Consumer Defensive,fwd_pe,19.854591,16.5969,22.8,16.5969,-27.2,True,cross_sectional,-2.1,-15.5,1.0,-16.6,0.9,False,False,cross_sectional_primary
20260904,SP500,KO,Consumer Defensive,fwd_pe,25.184465,16.5969,23.5,16.5969,-29.4,True,cross_sectional,-2.5,16.9,0.3,14.7,0.9,False,True,cross_sectional_primary
20260904,SP500,HD,Consumer Cyclical,fwd_pe,19.832594,16.9133,22.5,16.9133,-24.8,False,cross_sectional,-1.9,4.6,0.3,3.0,1.0,False,False,cross_sectional_primary
20260904,SP500,PM,Consumer Defensive,fwd_pe,20.304773,16.5969,19.5,16.5969,-14.9,False,cross_sectional,-2.4,-7.5,-0.2,-10.1,1.0,False,False,cross_sectional_primary
20260904,SP500,RTX,Industrials,ev_ebitda,19.172,18.1985,,18.1985,,False,cross_sectional,0.0,28.7,2.8,31.5,0.9,False,False,cross_sectional_primary
20260904,SP500,PANW,Technology,fwd_pe,67.82106,18.9469,115.1,18.9469,-83.5,True,cross_sectional,-2.5,13.6,-1.8,9.3,0.7,False,True,cross_sectional_primary
20260904,SP500,GEV,Industrials,price_fcf,67.612837606469,25.2598,,25.2598,,False,cross_sectional,-2.5,32.7,-0.3,29.9,0.9,False,True,cross_sectional_primary
20260904,SP500,ORCL,Technology,fwd_pe,14.098312,18.9469,38.4,18.9469,-50.7,True,cross_sectional,10.0,21.9,-1.6,30.3,0.9,False,True,cross_sectional_primary
20260904,SP500,AMGN,Healthcare,fwd_pe,18.203482,17.0292,22.2,17.0292,-23.3,False,cross_sectional,0.0,45.3,-0.4,44.9,1.0,True,False,cross_sectional_primary
20260904,SP500,SNDK,Technology,fwd_pe,5.8740573,18.9469,,18.9469,,False,cross_sectional,10.0,18.9,0.0,28.9,0.7,False,True,cross_sectional_primary
20260904,SP500,KLAC,Technology,fwd_pe,25.852533,18.9469,35.2,18.9469,-46.2,True,cross_sectional,-2.5,13.8,1.6,12.9,0.9,False,True,cross_sectional_primary
20260904,SP500,LIN,Basic Materials,ev_ebitda,17.866,17.1565,,17.1565,,False,cross_sectional,0.0,11.3,2.1,13.4,0.9,False,False,cross_sectional_primary
20260904,SP500,IBM,Technology,fwd_pe,17.831842,18.9469,29.3,18.9469,-35.3,True,cross_sectional,0.0,-1.8,-1.4,-3.2,0.9,False,False,cross_sectional_primary
20260904,SP500,CRM,Technology,fwd_pe,16.516644,18.9469,60.1,18.9469,-68.5,True,cross_sectional,7.1,48.0,1.4,56.6,0.9,True,False,cross_sectional_primary
20260904,SP500,VZ,Communication Services,fwd_pe,9.582021,15.0549,9.1,15.0549,65.4,True,cross_sectional,10.0,-22.0,-0.2,-12.2,0.9,False,True,cross_sectional_primary
20260904,SP500,CRWD,Technology,fwd_pe,134.26814,18.9469,,18.9469,,False,cross_sectional,-2.5,21.8,-1.4,17.8,0.7,False,True,cross_sectional_primary
20260904,SP500,APH,Technology,fwd_pe,25.340494,18.9469,33.2,18.9469,-42.9,True,cross_sectional,-2.5,44.5,-1.5,40.5,0.9,True,True,cross_sectional_primary
20260904,SP500,ABT,Healthcare,fwd_pe,17.93773,17.0292,28.9,17.0292,-41.1,True,cross_sectional,0.0,-25.0,0.0,-25.0,0.9,True,False,cross_sectional_primary
20260904,SP500,ANET,Technology,fwd_pe,37.098763,18.9469,41.4,18.9469,-54.2,True,cross_sectional,-2.5,35.2,-0.3,32.4,0.9,False,True,cross_sectional_primary
20260904,SP500,PEP,Consumer Defensive,fwd_pe,15.600436,16.5969,23.8,16.5969,-30.3,True,cross_sectional,0.0,48.4,0.4,48.7,0.9,True,False,cross_sectional_primary
20260904,SP500,DIS,Communication Services,fwd_pe,14.336343,15.0549,45.2,15.0549,-66.7,True,cross_sectional,0.0,-25.0,0.5,-24.5,0.9,True,False,cross_sectional_primary
20260904,SP500,GILD,Healthcare,fwd_pe,15.293193,17.0292,19.4,17.0292,-12.2,False,cross_sectional,5.5,19.2,0.1,24.8,0.8,False,False,cross_sectional_primary
20260904,SP500,MCD,Consumer Cyclical,fwd_pe,18.573645,16.9133,24.7,16.9133,-31.5,True,cross_sectional,0.0,5.7,1.1,6.8,0.9,False,False,cross_sectional_primary
20260904,SP500,STX,Technology,fwd_pe,14.422789,18.9469,53.5,18.9469,-64.6,True,cross_sectional,10.0,48.5,-3.9,54.6,0.9,True,True,cross_sectional_primary
20260904,SP500,MRVL,Technology,fwd_pe,31.071962,18.9469,,18.9469,,False,cross_sectional,-2.5,42.4,-0.5,39.5,0.9,False,True,cross_sectional_primary
20260904,SP500,T,Communication Services,fwd_pe,10.215625,15.0549,7.9,15.0549,90.6,True,cross_sectional,10.0,6.2,0.5,16.7,0.9,False,True,cross_sectional_primary
20260904,SP500,QCOM,Technology,fwd_pe,16.523312,18.9469,18.6,18.9469,1.9,False,cross_sectional,7.1,-23.0,0.9,-15.0,1.0,False,False,cross_sectional_primary
20260904,SP500,NEE,Utilities,ev_ebitda,20.126,13.126,,13.126,,False,cross_sectional,-2.5,43.3,-1.3,39.5,0.9,True,True,cross_sectional_primary
20260904,SP500,BA,Industrials,ev_ebitda,,18.1985,,18.1985,,False,UNMEASURED,,3.8,-10.0,-6.2,0.5,False,False,cross_sectional_primary
20260904,SP500,UBER,Technology,fwd_pe,17.338072,18.9469,17.3,18.9469,9.5,False,cross_sectional,0.0,46.9,-0.7,46.2,1.0,True,False,cross_sectional_primary
20260904,SP500,WDC,Technology,fwd_pe,13.907923,18.9469,24.9,18.9469,-23.9,False,cross_sectional,10.0,49.8,-8.4,51.4,1.0,True,True,cross_sectional_primary
20260904,SP500,ETN,Industrials,ev_ebitda,26.347,18.1985,,18.1985,,False,cross_sectional,-2.5,-15.9,1.2,-17.2,0.9,False,True,cross_sectional_primary
20260904,SP500,TJX,Consumer Cyclical,fwd_pe,22.895912,16.9133,30.5,16.9133,-44.5,True,cross_sectional,-2.5,23.6,1.3,22.4,0.9,False,True,cross_sectional_primary
20260904,SP500,DELL,Technology,fwd_pe,18.051384,18.9469,23.4,18.9469,-19.0,False,cross_sectional,0.0,49.3,1.6,50.9,1.0,True,False,cross_sectional_primary
20260904,SP500,VRTX,Healthcare,fwd_pe,25.627602,17.0292,29.6,17.0292,-42.5,True,cross_sectional,-2.5,8.0,0.5,6.0,0.9,False,True,cross_sectional_primary
20260904,SP500,NOW,Technology,fwd_pe,29.085947,18.9469,123.4,18.9469,-84.6,True,cross_sectional,-2.5,-21.9,-0.8,-25.2,0.9,False,True,cross_sectional_primary
20260904,SP500,BMY,Healthcare,fwd_pe,10.382801,17.0292,15.1,17.0292,12.8,False,cross_sectional,10.0,48.6,0.9,59.5,1.0,True,True,cross_sectional_primary
20260904,SP500,ISRG,Healthcare,fwd_pe,30.638323,17.0292,72.4,17.0292,-76.5,True,cross_sectional,-2.5,26.5,-0.7,23.3,0.9,False,True,cross_sectional_primary
20260904,SP500,SPGI,Financial Services,fwd_pe,22.2895,23.7661,35.6,23.7661,-33.2,True,cross_sectional,0.0,17.7,2.2,19.9,0.9,False,False,cross_sectional_primary
20260904,SP500,CVS,Healthcare,fwd_pe,11.42571,17.0292,18.2,17.0292,-6.4,False,cross_sectional,10.0,48.9,0.7,59.6,1.0,True,True,cross_sectional_primary
20260904,SP500,SBUX,Consumer Cyclical,fwd_pe,33.965,16.9133,29.5,16.9133,-42.7,True,cross_sectional,-2.5,46.9,0.5,44.9,0.9,True,True,cross_sectional_primary
20260904,SP500,PH,Industrials,ev_ebitda,22.92,18.1985,,18.1985,,False,cross_sectional,-2.5,19.3,-0.1,16.7,0.9,False,True,cross_sectional_primary
20260904,SP500,MDT,Healthcare,fwd_pe,14.548876,17.0292,26.6,17.0292,-36.0,True,cross_sectional,8.2,38.6,1.6,48.4,0.9,False,False,cross_sectional_primary
20260904,SP500,ACN,Technology,fwd_pe,13.17761,18.9469,26.7,18.9469,-29.0,True,cross_sectional,10.0,9.0,0.5,19.5,0.9,False,True,cross_sectional_primary
20260904,SP500,ADBE,Technology,fwd_pe,10.391604,18.9469,34.7,18.9469,-45.4,True,cross_sectional,10.0,7.9,3.5,21.4,0.9,False,True,cross_sectional_primary
20260904,SP500,GLW,Technology,fwd_pe,33.79254,18.9469,45.1,18.9469,-58.0,True,cross_sectional,-2.5,18.5,-0.7,15.3,0.9,False,True,cross_sectional_primary
20260904,SP500,ADP,Technology,fwd_pe,21.161419,18.9469,28.9,18.9469,-34.4,True,cross_sectional,-1.3,9.8,0.8,9.3,0.9,False,False,cross_sectional_primary
20260904,SP500,MCK,Healthcare,fwd_pe,18.255434,17.0292,24.6,17.0292,-30.8,True,cross_sectional,0.0,-17.6,3.8,-13.8,0.9,False,False,cross_sectional_primary
20260904,SP500,LMT,Industrials,ev_ebitda,14.437,18.1985,,18.1985,,False,cross_sectional,10.0,49.6,3.6,63.2,0.9,True,True,cross_sectional_primary
20260904,SP500,SYK,Healthcare,fwd_pe,18.382051,17.0292,40.1,17.0292,-57.5,True,cross_sectional,0.0,40.3,-0.4,40.0,0.9,False,False,cross_sectional_primary
20260904,SP500,HWM,Industrials,ev_ebitda,38.649,18.1985,,18.1985,,False,cross_sectional,-2.5,32.9,1.2,31.6,0.9,False,True,cross_sectional_primary
20260904,SP500,CME,Financial Services,fwd_pe,21.841534,23.7661,22.2,23.7661,7.1,False,cross_sectional,0.0,2.5,-0.1,2.4,1.0,False,False,cross_sectional_primary
20260904,SP500,SO,Utilities,ev_ebitda,12.554,13.126,,13.126,,False,cross_sectional,0.0,30.4,-0.4,30.0,0.9,False,False,cross_sectional_primary
20260904,SP500,VRT,Industrials,ev_ebitda,38.72,18.1985,,18.1985,,False,cross_sectional,-2.5,43.2,-0.6,40.2,0.9,True,True,cross_sectional_primary
20260904,SP500,TT,Industrials,ev_ebitda,23.506,18.1985,,18.1985,,False,cross_sectional,-2.5,7.1,1.3,5.9,0.9,False,True,cross_sectional_primary
20260904,SP500,FTNT,Technology,fwd_pe,41.462704,18.9469,40.7,18.9469,-53.4,True,cross_sectional,-2.5,40.2,1.5,39.3,0.9,False,True,cross_sectional_primary
20260904,SP500,CMCSA,Communication Services,fwd_pe,7.357346,15.0549,9.0,15.0549,67.3,True,cross_sectional,10.0,-25.0,5.4,-9.6,0.9,True,True,cross_sectional_primary
20260904,SP500,INTU,Technology,fwd_pe,12.597715,18.9469,55.7,18.9469,-66.0,True,cross_sectional,10.0,-0.8,0.0,9.2,0.9,False,True,cross_sectional_primary
20260904,SP500,DUK,Utilities,ev_ebitda,11.39,13.126,,13.126,,False,cross_sectional,7.4,10.6,-0.4,17.6,0.9,False,False,cross_sectional_primary
20260904,SP500,CEG,Utilities,ev_ebitda,15.762,13.126,,13.126,,False,cross_sectional,-2.2,-25.0,1.6,-25.6,0.9,True,False,cross_sectional_primary
20260904,SP500,GD,Industrials,ev_ebitda,15.677,18.1985,,18.1985,,False,cross_sectional,7.7,13.4,0.6,21.7,0.9,False,False,cross_sectional_primary
20260904,SP500,WMB,Energy,ev_ebitda,17.543,12.5245,,12.5245,,False,cross_sectional,-2.5,42.8,-0.1,40.2,0.9,True,True,cross_sectional_primary
20260904,SP500,PWR,Industrials,ev_ebitda,32.651,18.1985,,18.1985,,False,cross_sectional,-2.5,47.3,-0.8,44.0,0.9,True,True,cross_sectional_primary
20260904,SP500,ICE,Financial Services,fwd_pe,18.695972,23.7661,29.9,23.7661,-20.5,False,cross_sectional,10.0,14.2,-0.9,23.3,1.0,False,True,cross_sectional_primary
20260904,SP500,TMUS,Communication Services,fwd_pe,13.022092,15.0549,22.2,15.0549,-32.2,True,cross_sectional,7.5,5.3,2.9,15.7,0.9,False,False,cross_sectional_primary
20260904,SP500,SLB,Energy,ev_ebitda,12.877,12.5245,,12.5245,,False,cross_sectional,0.0,-25.0,0.2,-24.8,0.9,True,False,cross_sectional_primary
20260904,SP500,APP,Communication Services,fwd_pe,14.948903,15.0549,69.1,15.0549,-78.2,True,cross_sectional,0.0,44.1,2.9,47.0,0.9,True,False,cross_sectional_primary
20260904,SP500,DASH,Consumer Cyclical,fwd_pe,27.259367,16.9133,332.7,16.9133,-94.9,True,cross_sectional,-2.5,-25.0,-5.8,-33.3,0.9,True,True,cross_sectional_primary
20260904,SP500,REGN,Healthcare,fwd_pe,13.915854,17.0292,18.6,17.0292,-8.4,False,cross_sectional,10.0,-4.5,2.3,7.8,1.0,False,True,cross_sectional_primary
20260904,SP500,JCI,Industrials,ev_ebitda,21.97,18.1985,,18.1985,,False,cross_sectional,-2.2,15.3,2.5,15.5,0.9,False,False,cross_sectional_primary
20260904,SP500,CDNS,Technology,fwd_pe,31.945393,18.9469,72.9,18.9469,-74.0,True,cross_sectional,-2.5,48.2,-0.1,45.6,0.9,True,True,cross_sectional_primary
20260904,SP500,HOOD,Financial Services,fwd_pe,37.8281,23.7661,39.5,23.7661,-39.8,True,cross_sectional,-2.5,41.7,-1.6,37.6,0.9,False,True,cross_sectional_primary
20260904,SP500,EMR,Industrials,ev_ebitda,15.752,18.1985,,18.1985,,False,cross_sectional,7.5,23.0,0.9,31.4,0.9,False,False,cross_sectional_primary
20260904,SP500,WM,Industrials,ev_ebitda,14.333,18.1985,,18.1985,,False,cross_sectional,10.0,8.3,0.3,18.6,0.9,False,True,cross_sectional_primary
20260904,SP500,MDLZ,Consumer Defensive,fwd_pe,18.278627,16.5969,23.5,16.5969,-29.4,True,cross_sectional,0.0,48.5,2.7,51.1,0.9,True,False,cross_sectional_primary
20260904,SP500,SNPS,Technology,fwd_pe,23.772789,18.9469,54.6,18.9469,-65.3,True,cross_sectional,-2.5,47.1,-3.3,41.3,0.9,True,True,cross_sectional_primary
20260904,SP500,MSI,Technology,fwd_pe,24.720125,18.9469,30.9,18.9469,-38.7,True,cross_sectional,-2.5,9.5,0.9,7.9,0.9,False,True,cross_sectional_primary
20260904,SP500,ABNB,Consumer Cyclical,fwd_pe,30.171648,16.9133,31.2,16.9133,-45.8,True,cross_sectional,-2.5,33.3,3.0,33.7,0.9,False,True,cross_sectional_primary
20260904,SP500,GM,Consumer Cyclical,fwd_pe,5.8741527,16.9133,6.8,16.9133,148.7,True,cross_sectional,10.0,-25.0,15.0,0.0,0.9,True,True,cross_sectional_primary
20260904,SP500,CMI,Industrials,ev_ebitda,16.039,18.1985,,18.1985,,False,cross_sectional,6.5,4.7,1.4,12.6,0.9,False,False,cross_sectional_primary
20260904,SP500,SHW,Basic Materials,ev_ebitda,20.157,17.1565,,17.1565,,False,cross_sectional,-1.9,14.3,1.5,13.9,0.9,False,False,cross_sectional_primary
20260904,SP500,CI,Healthcare,fwd_pe,8.547756,17.0292,15.6,17.0292,9.2,False,cross_sectional,10.0,10.2,4.9,25.1,1.0,False,True,cross_sectional_primary
20260904,SP500,ROST,Consumer Cyclical,fwd_pe,25.907001,16.9133,29.5,16.9133,-42.7,True,cross_sectional,-2.5,45.9,1.9,45.3,0.9,True,True,cross_sectional_primary
20260904,SP500,MCO,Financial Services,fwd_pe,26.663763,23.7661,39.3,23.7661,-39.5,True,cross_sectional,-1.4,44.0,1.1,43.7,0.9,True,False,cross_sectional_primary
20260904,SP500,MAR,Consumer Cyclical,fwd_pe,25.557878,16.9133,26.8,16.9133,-36.9,True,cross_sectional,-2.5,4.3,5.0,6.8,0.9,False,True,cross_sectional_primary
20260904,SP500,CL,Consumer Defensive,fwd_pe,21.930273,16.5969,28.4,16.5969,-41.6,True,cross_sectional,-2.5,-5.5,1.1,-6.9,0.9,False,True,cross_sectional_primary
20260904,SP500,ORLY,Consumer Cyclical,fwd_pe,23.93153,16.9133,27.2,16.9133,-37.8,True,cross_sectional,-2.5,10.3,3.3,11.1,0.9,False,True,cross_sectional_primary
20260904,SP500,BSX,Healthcare,fwd_pe,13.676364,17.0292,62.8,17.0292,-72.9,True,cross_sectional,10.0,15.1,-1.1,24.0,0.9,False,True,cross_sectional_primary
20260904,SP500,HLT,Consumer Cyclical,fwd_pe,30.066294,16.9133,40.7,16.9133,-58.4,True,cross_sectional,-2.5,14.1,5.1,16.7,0.9,False,True,cross_sectional_primary
20260904,SP500,ECL,Basic Materials,ev_ebitda,21.04,17.1565,,17.1565,,False,cross_sectional,-2.4,3.3,0.2,1.1,0.9,False,False,cross_sectional_primary
20260904,SP500,ITW,Industrials,ev_ebitda,17.94,18.1985,,18.1985,,False,cross_sectional,0.0,10.1,1.9,12.0,0.9,False,False,cross_sectional_primary
20260904,SP500,WBD,Communication Services,price_fcf,23.033508476683938,25.2598,,25.2598,,False,cross_sectional,0.0,-25.0,-1.9,-26.9,0.9,True,False,cross_sectional_primary
20260904,SP500,NOC,Industrials,ev_ebitda,12.376,18.1985,,18.1985,,False,cross_sectional,10.0,-5.8,2.7,6.9,0.9,False,True,cross_sectional_primary
20260904,SP500,FDX,Industrials,ev_ebitda,8.96,18.1985,,18.1985,,False,cross_sectional,10.0,-4.3,2.5,8.2,0.9,False,True,cross_sectional_primary
20260904,SP500,DDOG,Technology,fwd_pe,72.34703,18.9469,438.7,18.9469,-95.7,True,cross_sectional,-2.5,49.9,-1.9,45.5,0.9,True,True,cross_sectional_primary
20260904,SP500,HPE,Technology,fwd_pe,11.94043,18.9469,10.7,18.9469,77.1,True,cross_sectional,10.0,15.4,-0.3,25.1,0.7,False,True,cross_sectional_primary
20260904,SP500,LITE,Technology,fwd_pe,25.44563,18.9469,507.9,18.9469,-96.3,True,cross_sectional,-2.5,2.4,-0.9,-1.0,0.7,False,True,cross_sectional_primary
20260904,SP500,AEP,Utilities,ev_ebitda,13.515,13.126,,13.126,,False,cross_sectional,0.0,-25.0,-1.6,-26.6,0.9,True,False,cross_sectional_primary
20260904,SP500,CTAS,Industrials,ev_ebitda,27.67,18.1985,,18.1985,,False,cross_sectional,-2.5,15.6,0.9,14.0,0.9,False,True,cross_sectional_primary
20260904,SP500,RCL,Consumer Cyclical,fwd_pe,13.085883,16.9133,18.5,16.9133,-8.6,False,cross_sectional,10.0,-4.6,1.6,7.0,1.0,False,True,cross_sectional_primary
20260904,SP500,COR,Healthcare,fwd_pe,17.029224,17.0292,26.7,17.0292,-36.2,True,cross_sectional,0.0,11.9,2.3,14.2,0.9,False,False,cross_sectional_primary
20260904,SP500,HON,Industrials,ev_ebitda,10.795,18.1985,,18.1985,,False,cross_sectional,10.0,49.2,1.9,61.2,0.9,True,True,cross_sectional_primary
20260904,SP500,TDG,Industrials,ev_ebitda,18.606,18.1985,,18.1985,,False,cross_sectional,0.0,10.9,-0.9,10.0,0.9,False,False,cross_sectional_primary
20260904,SP500,BKR,Energy,ev_ebitda,12.932,12.5245,,12.5245,,False,cross_sectional,0.0,-4.2,1.0,-3.2,0.9,False,False,cross_sectional_primary
20260904,SP500,MNST,Consumer Defensive,fwd_pe,33.749332,16.5969,38.8,16.5969,-57.2,True,cross_sectional,-2.5,18.0,3.5,19.0,0.9,False,True,cross_sectional_primary
20260904,SP500,HCA,Healthcare,fwd_pe,12.761506,17.0292,13.9,17.0292,22.5,False,cross_sectional,10.0,11.6,6.9,28.5,1.0,False,True,cross_sectional_primary
20260904,SP500,CRH,Basic Materials,ev_ebitda,10.285,17.1565,,17.1565,,False,cross_sectional,10.0,13.9,3.6,27.5,0.9,False,True,cross_sectional_primary
20260904,SP500,URI,Industrials,ev_ebitda,16.443,18.1985,,18.1985,,False,cross_sectional,5.2,25.5,2.9,33.6,0.9,False,False,cross_sectional_primary
20260904,SP500,OKE,Energy,ev_ebitda,12.172,12.5245,,12.5245,,False,cross_sectional,0.0,14.2,-10.0,4.2,0.9,False,False,cross_sectional_primary
20260904,SP500,MPWR,Technology,fwd_pe,34.80429,18.9469,52.3,18.9469,-63.8,True,cross_sectional,-2.5,46.9,0.5,44.9,0.9,True,True,cross_sectional_primary
20260904,SP500,TEL,Technology,fwd_pe,16.225698,18.9469,18.3,18.9469,3.5,False,cross_sectional,8.1,19.2,2.9,30.1,1.0,False,False,cross_sectional_primary
20260904,SP500,D,Utilities,ev_ebitda,14.154,13.126,,13.126,,False,cross_sectional,0.0,-25.0,-1.0,-26.0,0.9,True,False,cross_sectional_primary
20260904,SP500,CAH,Healthcare,fwd_pe,17.661049,17.0292,33.6,17.0292,-49.3,True,cross_sectional,0.0,45.7,3.9,49.6,0.9,True,False,cross_sectional_primary
20260904,SP500,GWW,Industrials,ev_ebitda,20.033,18.1985,,18.1985,,False,cross_sectional,0.0,20.5,2.1,22.6,0.9,False,False,cross_sectional_primary
20260904,SP500,F,Consumer Cyclical,fwd_pe,7.52339,16.9133,7.8,16.9133,116.8,True,cross_sectional,10.0,2.0,0.8,12.8,0.7,False,True,cross_sectional_primary
20260904,SP500,FAST,Industrials,ev_ebitda,29.021,18.1985,,18.1985,,False,cross_sectional,-2.5,14.6,-0.2,11.9,0.9,False,True,cross_sectional_primary
20260904,SP500,FIX,Industrials,ev_ebitda,28.833,18.1985,,18.1985,,False,cross_sectional,-2.5,37.5,0.7,35.6,0.9,False,True,cross_sectional_primary
20260904,SP500,TER,Technology,fwd_pe,29.05736,18.9469,37.9,18.9469,-50.0,True,cross_sectional,-2.5,49.5,1.4,48.4,0.9,True,True,cross_sectional_primary
20260904,SP500,AME,Industrials,ev_ebitda,22.197,18.1985,,18.1985,,False,cross_sectional,-2.4,14.2,0.1,11.9,0.9,False,False,cross_sectional_primary
20260904,SP500,CVNA,Consumer Cyclical,fwd_pe,32.461277,16.9133,65.2,16.9133,-74.1,True,cross_sectional,-2.5,44.8,-5.7,36.6,0.9,True,True,cross_sectional_primary
20260904,SP500,COHR,Technology,fwd_pe,18.94691,18.9469,,18.9469,,False,cross_sectional,0.0,37.3,-10.0,27.3,0.7,False,False,cross_sectional_primary
20260904,SP500,EW,Healthcare,fwd_pe,26.58179,17.0292,31.6,17.0292,-46.1,True,cross_sectional,-2.5,-25.0,2.0,-25.5,0.9,True,True,cross_sectional_primary
20260904,SP500,BDX,Healthcare,fwd_pe,14.114737,17.0292,30.5,17.0292,-44.2,True,cross_sectional,9.8,-25.0,-0.0,-15.2,0.9,True,False,cross_sectional_primary
20260904,SP500,ADSK,Technology,fwd_pe,16.741108,18.9469,59.9,18.9469,-68.4,True,cross_sectional,6.4,44.5,0.2,51.1,0.9,True,False,cross_sectional_primary
20260904,SP500,DAL,Industrials,ev_ebitda,9.048,18.1985,,18.1985,,False,cross_sectional,10.0,-25.0,-0.9,-15.9,0.9,True,True,cross_sectional_primary
20260904,SP500,CIEN,Technology,fwd_pe,29.715034,18.9469,98.5,18.9469,-80.8,True,cross_sectional,-2.5,49.9,1.4,48.8,0.9,True,True,cross_sectional_primary
20260904,SP500,CMG,Consumer Cyclical,fwd_pe,27.429565,16.9133,46.7,16.9133,-63.8,True,cross_sectional,-2.5,-1.3,1.6,-2.2,0.9,False,True,cross_sectional_primary
20260904,SP500,LHX,Industrials,ev_ebitda,30.301,18.1985,,18.1985,,False,cross_sectional,-2.5,-6.1,0.6,-8.0,0.9,False,True,cross_sectional_primary
20260904,SP500,HONA,Industrials,ev_ebitda,18.169,18.1985,,18.1985,,False,cross_sectional,0.0,-25.0,0.0,-25.0,0.9,True,False,cross_sectional_primary
20260904,SP500,AZO,Consumer Cyclical,fwd_pe,16.954157,16.9133,21.1,16.9133,-19.8,False,cross_sectional,0.0,7.7,5.0,12.7,1.0,False,False,cross_sectional_primary
20260904,SP500,PYPL,Financial Services,fwd_pe,9.816404,23.7661,18.5,23.7661,28.5,True,cross_sectional,10.0,-3.1,6.5,13.4,0.9,False,True,cross_sectional_primary
20260904,SP500,WAB,Industrials,ev_ebitda,20.272,18.1985,,18.1985,,False,cross_sectional,-1.3,18.9,2.4,20.0,0.9,False,False,cross_sectional_primary
20260904,SP500,EBAY,Consumer Cyclical,fwd_pe,15.722817,16.9133,15.3,16.9133,10.5,False,cross_sectional,0.0,43.7,6.3,50.0,1.0,True,False,cross_sectional_primary
20260904,SP500,ROK,Industrials,ev_ebitda,24.233,18.1985,,18.1985,,False,cross_sectional,-2.5,38.5,1.1,37.0,0.9,False,True,cross_sectional_primary
20260904,SP500,VST,Utilities,ev_ebitda,10.678,13.126,,13.126,,False,cross_sectional,10.0,-6.2,0.8,4.6,0.9,False,True,cross_sectional_primary
20260904,SP500,GRMN,Technology,fwd_pe,25.18664,18.9469,20.8,18.9469,-8.9,False,cross_sectional,-2.5,34.9,-0.4,32.0,1.0,False,True,cross_sectional_primary
20260904,SP500,EXC,Utilities,ev_ebitda,11.589,13.126,,13.126,,False,cross_sectional,6.4,-0.2,-0.6,5.6,0.9,False,False,cross_sectional_primary
20260904,SP500,CARR,Industrials,ev_ebitda,19.423,18.1985,,18.1985,,False,cross_sectional,0.0,-11.8,-0.5,-12.3,0.9,False,False,cross_sectional_primary
20260904,SP500,RSG,Industrials,ev_ebitda,15.812,18.1985,,18.1985,,False,cross_sectional,7.3,5.1,0.7,13.1,0.9,False,False,cross_sectional_primary
20260904,SP500,KDP,Consumer Defensive,fwd_pe,12.972053,16.5969,24.4,16.5969,-32.0,True,cross_sectional,10.0,-25.0,1.6,-13.4,0.9,True,True,cross_sectional_primary
20260904,SP500,XYZ,Technology,fwd_pe,16.172335,18.9469,31.0,18.9469,-38.9,True,cross_sectional,8.2,-25.0,-0.7,-17.5,0.9,True,False,cross_sectional_primary
20260904,SP500,IQV,Healthcare,fwd_pe,18.784906,17.0292,30.2,17.0292,-43.6,True,cross_sectional,0.0,-0.6,3.5,2.9,0.9,False,False,cross_sectional_primary
20260904,SP500,A,Healthcare,fwd_pe,22.174582,17.0292,31.2,17.0292,-45.4,True,cross_sectional,-2.5,8.5,1.9,7.9,0.9,False,True,cross_sectional_primary
20260904,SP500,NDAQ,Financial Services,fwd_pe,21.098778,23.7661,28.8,23.7661,-17.5,False,cross_sectional,6.1,14.1,-6.7,13.6,1.0,False,False,cross_sectional_primary
20260904,SP500,IDXX,Healthcare,fwd_pe,31.618845,17.0292,51.1,17.0292,-66.7,True,cross_sectional,-2.5,17.6,1.8,16.9,0.9,False,True,cross_sectional_primary
20260904,SP500,VEEV,Healthcare,fwd_pe,27.768692,17.0292,57.7,17.0292,-70.5,True,cross_sectional,-2.5,37.9,-1.1,34.4,0.9,False,True,cross_sectional_primary
20260904,SP500,ROP,Technology,fwd_pe,17.38609,18.9469,33.4,18.9469,-43.3,True,cross_sectional,0.0,49.1,-0.4,48.8,0.9,True,False,cross_sectional_primary
20260904,SP500,YUM,Consumer Cyclical,fwd_pe,20.453121,16.9133,25.5,16.9133,-33.7,True,cross_sectional,-2.3,48.3,0.7,46.7,0.9,True,False,cross_sectional_primary
20260904,SP500,WDAY,Technology,fwd_pe,15.660643,18.9469,79.9,18.9469,-76.3,True,cross_sectional,10.0,49.0,-0.5,58.5,0.9,True,False,cross_sectional_primary
20260904,SP500,MSCI,Financial Services,fwd_pe,25.543009,23.7661,39.2,23.7661,-39.4,True,cross_sectional,0.0,19.6,2.0,21.6,0.9,False,False,cross_sectional_primary
20260904,SP500,WAT,Healthcare,fwd_pe,24.993685,17.0292,32.5,17.0292,-47.6,True,cross_sectional,-2.5,10.8,-0.4,7.9,0.7,False,True,cross_sectional_primary
20260904,SP500,PAYX,Technology,fwd_pe,19.5721,18.9469,25.3,18.9469,-25.1,True,cross_sectional,0.0,40.0,0.3,40.3,0.9,False,False,cross_sectional_primary
20260904,SP500,IBKR,Financial Services,fwd_pe,29.225056,23.7661,22.0,23.7661,8.0,False,cross_sectional,-2.5,34.9,-2.3,30.1,1.0,False,False,cross_sectional_primary
20260904,SP500,ED,Utilities,ev_ebitda,10.884,13.126,,13.126,,False,cross_sectional,9.8,22.1,-1.3,30.6,0.9,False,False,cross_sectional_primary
20260904,SP500,FANG,Energy,ev_ebitda,6.372,12.5245,,12.5245,,False,cross_sectional,10.0,48.8,-10.0,48.8,0.9,True,True,cross_sectional_primary
20260904,SP500,SYY,Consumer Defensive,fwd_pe,15.073295,16.5969,19.6,16.5969,-15.3,False,cross_sectional,0.0,5.3,2.3,7.6,1.0,False,False,cross_sectional_primary
20260904,SP500,COIN,Financial Services,fwd_pe,70.38241,23.7661,50.8,23.7661,-53.2,True,cross_sectional,-2.5,48.9,-6.3,40.2,0.7,True,True,cross_sectional_primary
20260904,SP500,TTWO,Communication Services,fwd_pe,20.787264,15.0549,,15.0549,,False,cross_sectional,-2.5,38.2,-4.0,31.7,0.7,False,True,cross_sectional_primary
20260904,SP500,DHI,Consumer Cyclical,fwd_pe,12.2725935,16.9133,10.0,16.9133,69.1,True,cross_sectional,10.0,-4.8,5.0,10.2,0.9,False,True,cross_sectional_primary
20260904,SP500,KVUE,Consumer Defensive,fwd_pe,15.261827,16.5969,21.7,16.5969,-23.5,False,cross_sectional,0.0,8.5,-2.0,6.5,1.0,False,False,cross_sectional_primary
20260904,SP500,PEG,Utilities,ev_ebitda,13.729,13.126,,13.126,,False,cross_sectional,0.0,-25.0,-0.1,-25.1,0.9,True,False,cross_sectional_primary
20260904,SP500,NTAP,Technology,fwd_pe,17.169426,18.9469,21.4,18.9469,-11.5,False,cross_sectional,5.0,23.4,2.9,31.3,1.0,False,False,cross_sectional_primary
20260904,SP500,EXPE,Consumer Cyclical,fwd_pe,12.434112,16.9133,28.2,16.9133,-40.0,True,cross_sectional,10.0,48.9,6.3,65.2,0.9,True,True,cross_sectional_primary
20260904,SP500,UAL,Industrials,ev_ebitda,7.376,18.1985,,18.1985,,False,cross_sectional,10.0,-17.2,0.5,-6.7,0.9,False,True,cross_sectional_primary
20260904,SP500,DXCM,Healthcare,fwd_pe,28.715837,17.0292,74.7,17.0292,-77.2,True,cross_sectional,-2.5,40.1,2.4,40.0,0.9,False,True,cross_sectional_primary
20260904,SP500,WEC,Utilities,ev_ebitda,14.673,13.126,,13.126,,False,cross_sectional,-1.4,19.7,-1.2,17.1,0.9,False,False,cross_sectional_primary
20260904,SP500,VMC,Basic Materials,ev_ebitda,16.447,17.1565,,17.1565,,False,cross_sectional,0.0,2.7,0.4,3.1,0.9,False,False,cross_sectional_primary
20260904,SP500,EME,Industrials,ev_ebitda,16.239,18.1985,,18.1985,,False,cross_sectional,5.9,34.5,2.6,42.9,0.9,False,False,cross_sectional_primary
20260904,SP500,GEHC,Healthcare,fwd_pe,12.886722,17.0292,18.0,17.0292,-5.4,False,cross_sectional,10.0,16.8,0.0,26.8,1.0,False,True,cross_sectional_primary
20260904,SP500,ZTS,Healthcare,fwd_pe,11.680427,17.0292,30.1,17.0292,-43.4,True,cross_sectional,10.0,1.2,2.0,13.2,0.9,False,True,cross_sectional_primary
20260904,SP500,CNC,Healthcare,fwd_pe,12.803716,17.0292,15.5,17.0292,9.9,False,cross_sectional,10.0,7.0,4.9,21.9,0.8,False,True,cross_sectional_primary
20260904,SP500,HAL,Energy,ev_ebitda,9.002,12.5245,,12.5245,,False,cross_sectional,10.0,16.1,2.8,28.9,0.9,False,True,cross_sectional_primary
20260904,SP500,CBOE,Financial Services,fwd_pe,19.580267,23.7661,25.6,23.7661,-7.2,False,cross_sectional,10.0,42.5,0.5,53.0,1.0,True,True,cross_sectional_primary
20260904,SP500,CCL,Consumer Cyclical,fwd_pe,8.90129,16.9133,16.0,16.9133,5.7,False,cross_sectional,10.0,-6.5,-5.4,-1.9,1.0,False,True,cross_sectional_primary
20260904,SP500,CTSH,Technology,fwd_pe,10.22759,18.9469,16.6,18.9469,14.1,False,cross_sectional,10.0,3.8,1.6,15.4,1.0,False,True,cross_sectional_primary
20260904,SP500,PCG,Utilities,ev_ebitda,9.213,13.126,,13.126,,False,cross_sectional,10.0,38.1,-1.5,46.6,0.9,False,True,cross_sectional_primary
20260904,SP500,AEE,Utilities,ev_ebitda,13.142,13.126,,13.126,,False,cross_sectional,0.0,11.9,-1.7,10.2,0.9,False,False,cross_sectional_primary
20260904,SP500,DG,Consumer Defensive,fwd_pe,15.910225,16.5969,15.8,16.5969,5.0,False,cross_sectional,0.0,33.2,-0.2,33.0,1.0,False,False,cross_sectional_primary
20260904,SP500,CPRT,Industrials,ev_ebitda,13.766,18.1985,,18.1985,,False,cross_sectional,10.0,2.3,-0.6,11.7,0.9,False,True,cross_sectional_primary
20260904,SP500,LYV,Communication Services,fwd_pe,94.004555,15.0549,68.5,15.0549,-78.0,True,cross_sectional,-2.5,48.6,-0.2,45.9,0.9,True,True,cross_sectional_primary
20260904,SP500,TDY,Technology,fwd_pe,22.744587,18.9469,25.6,18.9469,-26.0,True,cross_sectional,-2.2,21.2,0.5,19.5,0.9,False,False,cross_sectional_primary
20260904,SP500,CASY,Consumer Cyclical,fwd_pe,32.10314,16.9133,33.5,16.9133,-49.5,True,cross_sectional,-2.5,45.4,0.1,43.0,0.9,True,True,cross_sectional_primary
20260904,SP500,ATO,Utilities,ev_ebitda,14.626,13.126,,13.126,,False,cross_sectional,-1.3,23.3,-5.2,16.8,0.9,False,False,cross_sectional_primary
20260904,SP500,FISV,,fwd_pe,6.517206,18.1326,26.3,18.1326,-31.1,True,cross_sectional,10.0,9.3,5.6,24.9,0.7,False,True,cross_sectional_primary
20260904,SP500,MTD,Healthcare,fwd_pe,26.220095,17.0292,33.5,17.0292,-49.2,True,cross_sectional,-2.5,18.3,3.0,18.8,0.9,False,True,cross_sectional_primary
20260904,SP500,AWK,Utilities,ev_ebitda,15.05,13.126,,13.126,,False,cross_sectional,-1.7,8.6,-0.5,6.4,0.9,False,False,cross_sectional_primary
20260904,SP500,CPAY,Technology,fwd_pe,13.345196,18.9469,20.7,18.9469,-8.5,False,cross_sectional,10.0,-7.0,2.3,5.3,1.0,False,True,cross_sectional_primary
20260904,SP500,LH,Healthcare,fwd_pe,16.725159,17.0292,24.6,17.0292,-30.8,True,cross_sectional,0.0,28.2,2.2,30.4,0.9,False,False,cross_sectional_primary
20260904,SP500,OTIS,Industrials,ev_ebitda,13.461,18.1985,,18.1985,,False,cross_sectional,10.0,13.0,2.4,25.4,0.9,False,True,cross_sectional_primary
20260904,SP500,IR,Industrials,ev_ebitda,16.402,18.1985,,18.1985,,False,cross_sectional,5.3,8.2,1.0,14.5,0.7,False,False,cross_sectional_primary
20260904,SP500,DGX,Healthcare,fwd_pe,19.854517,17.0292,18.6,17.0292,-8.4,False,cross_sectional,-1.8,15.0,0.0,13.2,1.0,False,False,cross_sectional_primary
20260904,SP500,ES,Utilities,ev_ebitda,11.163,13.126,,13.126,,False,cross_sectional,8.4,-25.0,-3.0,-19.6,0.9,True,False,cross_sectional_primary
20260904,SP500,HSY,Consumer Defensive,fwd_pe,17.739775,16.5969,22.6,16.5969,-26.6,True,cross_sectional,0.0,49.7,0.5,50.2,0.9,True,False,cross_sectional_primary
20260904,SP500,PPL,Utilities,ev_ebitda,12.361,13.126,,13.126,,False,cross_sectional,0.0,21.2,-0.4,20.8,0.9,False,False,cross_sectional_primary
20260904,SP500,CNP,Utilities,ev_ebitda,13.11,13.126,,13.126,,False,cross_sectional,0.0,23.3,-1.8,21.5,0.9,False,False,cross_sectional_primary
20260904,SP500,FICO,Technology,fwd_pe,21.088799,18.9469,65.3,18.9469,-71.0,True,cross_sectional,-1.3,38.9,1.6,39.2,0.9,False,False,cross_sectional_primary
20260904,SP500,DOV,Industrials,ev_ebitda,14.268,18.1985,,18.1985,,False,cross_sectional,10.0,14.1,1.0,25.1,0.9,False,True,cross_sectional_primary
20260904,SP500,XYL,Industrials,ev_ebitda,13.759,18.1985,,18.1985,,False,cross_sectional,10.0,19.5,-5.7,23.8,0.9,False,True,cross_sectional_primary
20260904,SP500,DRI,Consumer Cyclical,fwd_pe,17.59934,16.9133,20.5,16.9133,-17.5,False,cross_sectional,0.0,35.5,1.9,37.3,1.0,False,False,cross_sectional_primary
20260904,SP500,TPR,Consumer Cyclical,fwd_pe,13.820469,16.9133,14.8,16.9133,14.3,False,cross_sectional,10.0,9.0,4.0,22.9,0.8,False,True,cross_sectional_primary
20260904,SP500,PPG,Basic Materials,ev_ebitda,11.352,17.1565,,17.1565,,False,cross_sectional,10.0,-1.5,2.2,10.7,0.9,False,True,cross_sectional_primary
20260904,SP500,VRSK,Industrials,ev_ebitda,19.048,18.1985,,18.1985,,False,cross_sectional,0.0,-3.4,2.5,-0.9,0.9,False,False,cross_sectional_primary
20260904,SP500,WST,Healthcare,fwd_pe,34.394207,17.0292,42.2,17.0292,-59.6,True,cross_sectional,-2.5,18.1,1.7,17.3,0.9,False,True,cross_sectional_primary
20260904,SP500,FE,Utilities,ev_ebitda,10.629,13.126,,13.126,,False,cross_sectional,10.0,8.3,-0.3,18.0,0.9,False,True,cross_sectional_primary
20260904,SP500,DLTR,Consumer Defensive,fwd_pe,16.596941,16.5969,20.4,16.5969,-18.6,False,cross_sectional,0.0,48.9,3.1,52.0,1.0,True,False,cross_sectional_primary
20260904,SP500,VLTO,Industrials,ev_ebitda,18.228,18.1985,,18.1985,,False,cross_sectional,0.0,10.1,-0.7,9.4,0.9,False,False,cross_sectional_primary
20260904,SP500,SW,Consumer Cyclical,fwd_pe,13.31619,16.9133,19.7,16.9133,-14.1,False,cross_sectional,10.0,41.9,-10.0,41.9,0.8,False,True,cross_sectional_primary
20260904,SP500,HUBB,Industrials,ev_ebitda,19.455,18.1985,,18.1985,,False,cross_sectional,0.0,-0.9,0.5,-0.4,0.9,False,False,cross_sectional_primary
20260904,SP500,EXE,Energy,ev_ebitda,3.868,12.5245,,12.5245,,False,cross_sectional,10.0,-25.0,-10.0,-25.0,0.9,True,True,cross_sectional_primary
20260904,SP500,VRSN,Technology,fwd_pe,26.688248,18.9469,26.4,18.9469,-28.2,True,cross_sectional,-2.5,7.7,4.8,10.0,0.9,False,True,cross_sectional_primary
20260904,SP500,PHM,Consumer Cyclical,fwd_pe,11.050003,16.9133,7.9,16.9133,114.1,True,cross_sectional,10.0,-18.2,5.0,-3.2,0.9,False,True,cross_sectional_primary
20260904,SP500,CHD,Consumer Defensive,fwd_pe,24.405277,16.5969,36.6,16.5969,-54.7,True,cross_sectional,-2.5,9.0,0.7,7.2,0.9,False,True,cross_sectional_primary
20260904,SP500,OMC,Communication Services,fwd_pe,7.0347056,15.0549,11.5,15.0549,30.9,True,cross_sectional,10.0,44.4,-10.0,44.4,0.9,True,True,cross_sectional_primary
20260904,SP500,STE,Healthcare,fwd_pe,18.521103,17.0292,47.0,17.0292,-63.8,True,cross_sectional,0.0,14.0,0.3,14.3,0.9,False,False,cross_sectional_primary
20260904,SP500,EFX,Industrials,ev_ebitda,14.37,18.1985,,18.1985,,False,cross_sectional,10.0,0.7,-0.1,10.6,0.9,False,True,cross_sectional_primary
20260904,SP500,FFIV,Technology,fwd_pe,21.6936,18.9469,26.6,18.9469,-28.8,True,cross_sectional,-1.6,11.4,1.3,11.1,0.9,False,False,cross_sectional_primary
20260904,SP500,FSLR,Technology,fwd_pe,8.974197,18.9469,18.4,18.9469,3.0,False,cross_sectional,10.0,23.3,-0.1,33.2,1.0,False,True,cross_sectional_primary
20260904,SP500,FIS,Technology,fwd_pe,6.309534,18.9469,59.5,18.9469,-68.2,True,cross_sectional,10.0,6.6,5.7,22.3,0.7,False,True,cross_sectional_primary
20260904,SP500,INCY,Healthcare,fwd_pe,14.317706,17.0292,38.5,17.0292,-55.8,True,cross_sectional,9.1,36.7,5.7,51.5,0.9,False,False,cross_sectional_primary
20260904,SP500,AMCR,Consumer Cyclical,fwd_pe,10.533275,16.9133,18.5,16.9133,-8.6,False,cross_sectional,10.0,5.3,-3.9,11.4,0.8,False,True,cross_sectional_primary
20260904,SP500,TPL,Energy,ev_ebitda,33.777,12.5245,,12.5245,,False,cross_sectional,-2.5,32.6,0.1,30.2,0.9,False,True,cross_sectional_primary
20260904,SP500,EIX,Utilities,ev_ebitda,7.459,13.126,,13.126,,False,cross_sectional,10.0,43.7,-0.1,53.6,0.9,True,True,cross_sectional_primary
20260904,SP500,PKG,Consumer Cyclical,fwd_pe,18.13257,16.9133,20.9,16.9133,-19.1,False,cross_sectional,0.0,-19.5,0.0,-19.5,1.0,False,False,cross_sectional_primary
20260904,SP500,RDDT,Communication Services,fwd_pe,16.10221,15.0549,,15.0549,,False,cross_sectional,0.0,48.8,-10.0,38.8,0.9,True,False,cross_sectional_primary
20260904,SP500,BR,Technology,fwd_pe,15.455493,18.9469,33.4,18.9469,-43.3,True,cross_sectional,10.0,8.4,0.8,19.2,0.9,False,True,cross_sectional_primary
20260904,SP500,SNA,Industrials,ev_ebitda,13.821,18.1985,,18.1985,,False,cross_sectional,10.0,5.1,0.8,15.9,0.9,False,True,cross_sectional_primary
20260904,SP500,NI,Utilities,ev_ebitda,13.11,13.126,,13.126,,False,cross_sectional,0.0,-25.0,-2.9,-27.9,0.9,True,False,cross_sectional_primary
20260904,SP500,ZBH,Healthcare,fwd_pe,10.90958,17.0292,24.7,17.0292,-31.1,True,cross_sectional,10.0,33.6,2.7,46.3,0.9,False,True,cross_sectional_primary
20260904,SP500,IP,Consumer Cyclical,fwd_pe,12.188106,16.9133,31.8,16.9133,-46.8,True,cross_sectional,10.0,47.5,-10.0,47.5,0.7,True,True,cross_sectional_primary
20260904,SP500,GPC,Consumer Cyclical,fwd_pe,16.57116,16.9133,17.8,16.9133,-5.0,False,cross_sectional,0.0,-9.8,0.6,-9.2,1.0,False,False,cross_sectional_primary
20260904,SP500,LUV,Industrials,ev_ebitda,9.429,18.1985,,18.1985,,False,cross_sectional,10.0,20.5,6.6,37.1,0.9,False,True,cross_sectional_primary
20260904,SP500,EVRG,Utilities,ev_ebitda,12.47,13.126,,13.126,,False,cross_sectional,0.0,23.0,-0.7,22.3,0.9,False,False,cross_sectional_primary
20260904,SP500,TSCO,Consumer Cyclical,fwd_pe,16.872534,16.9133,22.6,16.9133,-25.2,True,cross_sectional,0.0,-15.0,1.5,-13.5,0.9,False,False,cross_sectional_primary
20260904,SP500,CHTR,Communication Services,fwd_pe,3.4324422,15.0549,10.5,15.0549,43.4,True,cross_sectional,10.0,16.1,4.8,30.9,0.9,False,True,cross_sectional_primary
20260904,SP500,LEN,Consumer Cyclical,fwd_pe,13.0588875,16.9133,9.4,16.9133,79.9,True,cross_sectional,10.0,-25.0,4.6,-10.4,0.9,True,True,cross_sectional_primary
20260904,SP500,LNT,Utilities,ev_ebitda,16.252,13.126,,13.126,,False,cross_sectional,-2.5,-4.0,-0.9,-7.4,0.9,False,True,cross_sectional_primary
20260904,SP500,J,Industrials,ev_ebitda,19.053,18.1985,,18.1985,,False,cross_sectional,0.0,-25.0,2.1,-22.9,0.9,True,False,cross_sectional_primary
20260904,SP500,PTC,Technology,fwd_pe,16.845451,18.9469,52.0,18.9469,-63.6,True,cross_sectional,6.1,-12.0,-0.6,-6.5,0.9,False,False,cross_sectional_primary
20260904,SP500,LDOS,Technology,fwd_pe,10.354652,18.9469,18.2,18.9469,4.1,False,cross_sectional,10.0,-6.7,2.9,6.2,1.0,False,True,cross_sectional_primary
20260904,SP500,GEN,Technology,fwd_pe,9.473299,18.9469,23.0,18.9469,-17.6,False,cross_sectional,10.0,45.1,1.8,57.0,1.0,True,True,cross_sectional_primary
20260904,SP500,NDSN,Industrials,ev_ebitda,20.241,18.1985,,18.1985,,False,cross_sectional,-1.3,23.0,0.6,22.3,0.9,False,False,cross_sectional_primary
20260904,SP500,BG,Consumer Defensive,fwd_pe,10.591406,16.5969,8.7,16.5969,90.8,True,cross_sectional,10.0,32.9,-10.0,32.9,0.9,False,True,cross_sectional_primary
20260904,SP500,IEX,Industrials,ev_ebitda,18.301,18.1985,,18.1985,,False,cross_sectional,0.0,10.9,0.4,11.3,0.9,False,False,cross_sectional_primary
20260904,SP500,TYL,Technology,fwd_pe,24.705648,18.9469,88.9,18.9469,-78.7,True,cross_sectional,-2.5,15.5,-1.2,11.8,0.9,False,True,cross_sectional_primary
20260904,SP500,TSN,Consumer Defensive,fwd_pe,12.135194,16.5969,24.0,16.5969,-30.8,True,cross_sectional,10.0,49.0,-0.4,58.6,0.9,True,True,cross_sectional_primary
20260904,SP500,AKAM,Technology,fwd_pe,14.796619,18.9469,28.8,18.9469,-34.2,True,cross_sectional,10.0,-25.0,2.7,-12.3,0.9,True,True,cross_sectional_primary
20260904,SP500,CRL,Healthcare,fwd_pe,23.123953,17.0292,25.4,17.0292,-33.0,True,cross_sectional,-2.5,9.7,1.9,9.0,0.7,False,True,cross_sectional_primary
20260904,SP500,SJM,Consumer Defensive,fwd_pe,11.807728,16.5969,,16.5969,,False,cross_sectional,10.0,1.4,-1.1,10.3,0.7,False,True,cross_sectional_primary
20260904,SP500,TXT,Industrials,ev_ebitda,9.777,18.1985,,18.1985,,False,cross_sectional,10.0,5.2,5.5,20.7,0.9,False,True,cross_sectional_primary
20260904,SP500,MKC,Consumer Defensive,fwd_pe,15.948025,16.5969,25.4,16.5969,-34.7,True,cross_sectional,0.0,-14.2,0.1,-14.1,0.9,False,False,cross_sectional_primary
20260904,SP500,COO,Healthcare,fwd_pe,14.140499,17.0292,45.4,17.0292,-62.5,True,cross_sectional,9.7,6.4,-0.2,15.9,0.7,False,False,cross_sectional_primary
20260904,SP500,SOLV,Healthcare,fwd_pe,12.796873,17.0292,10.3,17.0292,65.3,True,cross_sectional,10.0,3.9,-0.7,13.2,0.9,False,True,cross_sectional_primary
20260904,SP500,GDDY,Technology,fwd_pe,9.397415,18.9469,25.3,18.9469,-25.1,True,cross_sectional,10.0,29.8,3.6,43.4,0.9,False,True,cross_sectional_primary
20260904,SP500,BAX,Healthcare,fwd_pe,12.556472,17.0292,,17.0292,,False,cross_sectional,10.0,36.1,-0.7,45.4,0.9,False,True,cross_sectional_primary
20260904,SP500,LVS,Consumer Cyclical,fwd_pe,12.641726,16.9133,26.2,16.9133,-35.4,True,cross_sectional,10.0,-19.8,4.1,-5.7,0.9,False,True,cross_sectional_primary
20260904,SP500,ALLE,Industrials,ev_ebitda,14.419,18.1985,,18.1985,,False,cross_sectional,10.0,16.2,1.0,27.2,0.9,False,True,cross_sectional_primary
20260904,SP500,RL,Consumer Cyclical,fwd_pe,16.457499,16.9133,23.1,16.9133,-26.8,True,cross_sectional,0.0,21.6,3.2,24.8,0.9,False,False,cross_sectional_primary
20260904,SP500,LULU,Consumer Cyclical,fwd_pe,10.86976,16.9133,22.8,16.9133,-25.8,True,cross_sectional,10.0,-25.0,3.2,-11.8,0.9,True,True,cross_sectional_primary
20260904,SP500,IT,Technology,fwd_pe,11.948295,18.9469,32.1,18.9469,-41.0,True,cross_sectional,10.0,33.0,2.6,45.6,0.9,False,True,cross_sectional_primary
20260904,SP500,TKO,Communication Services,fwd_pe,47.50333,15.0549,3526.7,15.0549,-99.6,True,cross_sectional,-2.5,14.4,-10.0,1.9,0.9,False,True,cross_sectional_primary
20260904,SP500,JKHY,Technology,fwd_pe,21.497702,18.9469,32.3,18.9469,-41.3,True,cross_sectional,-1.5,-10.4,0.0,-11.9,0.9,False,False,cross_sectional_primary
20260904,SP500,DECK,Consumer Cyclical,fwd_pe,10.103969,16.9133,25.6,16.9133,-33.9,True,cross_sectional,10.0,1.1,3.4,14.5,0.9,False,True,cross_sectional_primary
20260904,SP500,LII,Industrials,ev_ebitda,13.081,18.1985,,18.1985,,False,cross_sectional,10.0,0.1,0.4,10.5,0.9,False,True,cross_sectional_primary
20260904,SP500,PNW,Utilities,ev_ebitda,13.221,13.126,,13.126,,False,cross_sectional,0.0,-9.5,-3.5,-13.0,0.9,False,False,cross_sectional_primary
20260904,SP500,TECH,Healthcare,fwd_pe,31.413544,17.0292,58.4,17.0292,-70.8,True,cross_sectional,-2.5,11.4,0.7,9.6,0.7,False,True,cross_sectional_primary
20260904,SP500,HII,Industrials,ev_ebitda,12.29,18.1985,,18.1985,,False,cross_sectional,10.0,35.8,0.8,46.6,0.9,False,True,cross_sectional_primary
20260904,SP500,FDS,Financial Services,fwd_pe,15.878436,23.7661,35.4,23.7661,-32.9,True,cross_sectional,10.0,-9.6,0.7,1.1,0.9,False,True,cross_sectional_primary
20260904,SP500,DPZ,Consumer Cyclical,fwd_pe,16.629179,16.9133,25.1,16.9133,-32.6,True,cross_sectional,0.0,6.8,1.7,8.5,0.9,False,False,cross_sectional_primary
20260904,SP500,ROL,Consumer Cyclical,fwd_pe,27.457191,16.9133,47.0,16.9133,-64.0,True,cross_sectional,-2.5,3.1,0.6,1.2,0.9,False,True,cross_sectional_primary
20260904,SP500,ALGN,Healthcare,fwd_pe,12.738922,17.0292,41.6,17.0292,-59.1,True,cross_sectional,10.0,-12.1,2.6,0.5,0.9,False,True,cross_sectional_primary
20260904,SP500,PODD,Healthcare,fwd_pe,19.528303,17.0292,76.4,17.0292,-77.7,True,cross_sectional,-1.7,49.4,1.2,48.9,0.9,True,False,cross_sectional_primary
20260904,SP500,PNR,Industrials,ev_ebitda,10.876,18.1985,,18.1985,,False,cross_sectional,10.0,-11.1,0.2,-0.9,0.9,False,True,cross_sectional_primary
20260904,SP500,APTV,Consumer Cyclical,fwd_pe,7.1454678,16.9133,28.1,16.9133,-39.8,True,cross_sectional,10.0,-25.0,11.7,-3.3,0.9,True,True,cross_sectional_primary
20260904,SP500,UHS,Healthcare,fwd_pe,7.0451126,17.0292,12.8,17.0292,33.0,True,cross_sectional,10.0,10.1,4.1,24.2,0.9,False,True,cross_sectional_primary
20260904,SP500,HSIC,Healthcare,fwd_pe,15.147499,17.0292,22.9,17.0292,-25.6,True,cross_sectional,6.0,17.1,3.9,27.0,0.9,False,False,cross_sectional_primary
20260904,SP500,MGM,Consumer Cyclical,fwd_pe,19.882051,16.9133,14.3,16.9133,18.3,False,cross_sectional,-1.9,49.6,12.1,59.8,1.0,True,False,cross_sectional_primary
20260904,SP500,WYNN,Consumer Cyclical,fwd_pe,17.693914,16.9133,19.5,16.9133,-13.3,False,cross_sectional,0.0,47.7,3.9,51.6,1.0,True,False,cross_sectional_primary
20260904,SP500,NCLH,Consumer Cyclical,fwd_pe,9.212805,16.9133,24.3,16.9133,-30.4,True,cross_sectional,10.0,49.7,-5.7,54.0,0.9,True,True,cross_sectional_primary
20260904,SP500,AOS,Industrials,ev_ebitda,11.13,18.1985,,18.1985,,False,cross_sectional,10.0,-15.0,3.1,-1.9,0.9,False,True,cross_sectional_primary
20260904,SP500,TAP,Consumer Defensive,fwd_pe,8.259011,16.5969,11.4,16.5969,45.6,True,cross_sectional,10.0,-25.0,4.3,-10.7,0.9,True,True,cross_sectional_primary
20260904,SP500,TTD,Communication Services,fwd_pe,15.160802,15.0549,173.4,15.0549,-91.3,True,cross_sectional,0.0,-23.6,0.7,-22.9,0.9,False,False,cross_sectional_primary
20260904,SP500,DVA,Healthcare,fwd_pe,10.530783,17.0292,13.4,17.0292,27.1,True,cross_sectional,10.0,43.8,9.8,63.6,0.9,True,True,cross_sectional_primary
20260904,SP500,PSKY,Communication Services,fwd_pe,12.976023,15.0549,6.9,15.0549,118.2,True,cross_sectional,7.7,-25.0,-1.1,-18.4,0.9,True,False,cross_sectional_primary
20260904,SP500,BEP-UN.TO,Utilities,ev_ebitda,30.305,13.126,,13.126,,False,cross_sectional,-2.5,-3.0,1.0,-4.5,0.7,False,True,cross_sectional_primary
20260904,SP500,CPX.TO,Utilities,ev_ebitda,15.668,13.126,,13.126,,False,cross_sectional,-2.1,45.8,-10.0,33.6,0.7,True,False,cross_sectional_primary
20260904,SP500,BWXT,Industrials,ev_ebitda,33.776,18.1985,,18.1985,,False,cross_sectional,-2.5,14.1,0.0,11.6,0.9,False,True,cross_sectional_primary
20260904,SP500,POWL,Industrials,ev_ebitda,24.344,18.1985,,18.1985,,False,cross_sectional,-2.5,7.6,-0.2,4.9,0.9,False,True,cross_sectional_primary
20260904,SP500,AGX,Industrials,ev_ebitda,29.781,18.1985,,18.1985,,False,cross_sectional,-2.5,47.6,-2.2,42.9,0.9,True,True,cross_sectional_primary
20260912,F250-SPI,EZJ.L,Industrials,ev_ebitda,5.517,10.5965,,10.5965,,False,cross_sectional,10.0,47.8,-0.4,57.4,0.7,True,True,cross_sectional_primary
20260912,F250-SPI,BBY.L,Industrials,ev_ebitda,16.698,10.5965,,10.5965,,False,cross_sectional,-2.5,1.0,5.5,4.0,0.9,False,True,cross_sectional_primary
20260912,F250-SPI,ROR.L,Industrials,ev_ebitda,19.54,10.5965,,10.5965,,False,cross_sectional,-2.5,19.5,1.3,18.3,0.9,False,True,cross_sectional_primary
20260912,F250-SPI,CWK.L,Consumer Defensive,fwd_pe,14.829608,11.4654,20.1,11.4654,-43.0,True,cross_sectional,-2.5,16.0,-0.5,13.0,0.9,False,True,cross_sectional_primary
20260912,F250-SPI,INCH.L,Consumer Cyclical,fwd_pe,8.06147,10.9683,10.7,10.9683,2.5,False,cross_sectional,10.0,-25.0,4.6,-10.4,1.0,True,True,cross_sectional_primary
20260912,F250-SPI,MTO.L,Industrials,ev_ebitda,10.98,10.5965,,10.5965,,False,cross_sectional,0.0,-25.0,1.6,-23.4,0.9,True,False,cross_sectional_primary
20260912,F250-SPI,SRP.L,Industrials,ev_ebitda,11.856,10.5965,,10.5965,,False,cross_sectional,-1.4,10.5,4.3,13.4,0.9,False,False,cross_sectional_primary
20260912,F250-SPI,TCAP.L,Financial Services,fwd_pe,8.69076,13.9916,12.7,13.9916,10.2,False,cross_sectional,10.0,7.8,1.7,19.5,1.0,False,True,cross_sectional_primary
20260912,F250-SPI,BME.L,Consumer Defensive,fwd_pe,9.571253,11.4654,10.0,11.4654,14.7,False,cross_sectional,9.4,-25.0,-0.1,-15.6,1.0,True,False,cross_sectional_primary
20260912,F250-SPI,HIK.L,Healthcare,fwd_pe,8.294908,19.7461,12.4,19.7461,59.2,True,cross_sectional,10.0,-4.7,-0.1,5.2,0.9,False,True,cross_sectional_primary
20260912,F250-SPI,HILS.L,Industrials,ev_ebitda,10.584,10.5965,,10.5965,,False,cross_sectional,0.0,-20.9,-0.1,-21.0,0.9,False,False,cross_sectional_primary
20260912,F250-SPI,PNN.L,Utilities,ev_ebitda,13.25,10.686,,10.686,,False,cross_sectional,-2.5,8.1,-10.0,-4.4,0.7,False,True,cross_sectional_primary
20260912,F250-SPI,HBR.L,Energy,ev_ebitda,1.758,10.686,,10.686,,False,cross_sectional,10.0,-12.1,-10.0,-12.1,0.7,False,True,cross_sectional_primary
20260912,F250-SPI,TATE.L,Consumer Defensive,fwd_pe,13.019132,11.4654,14.0,11.4654,-18.1,False,cross_sectional,-1.5,13.0,-5.2,6.3,0.8,False,False,cross_sectional_primary
20260912,F250-SPI,KLR.L,Industrials,ev_ebitda,7.066,10.5965,,10.5965,,False,cross_sectional,10.0,23.7,1.6,35.3,0.9,False,True,cross_sectional_primary
20260912,F250-SPI,GRG.L,Consumer Cyclical,fwd_pe,13.287276,10.9683,18.7,10.9683,-41.3,True,cross_sectional,-2.3,21.2,-0.1,18.8,0.9,False,False,cross_sectional_primary
20260912,F250-SPI,MGNS.L,Industrials,ev_ebitda,5.962,10.5965,,10.5965,,False,cross_sectional,10.0,18.8,-1.9,26.9,0.9,False,True,cross_sectional_primary
20260912,F250-SPI,RSW.L,Technology,fwd_pe,24.843096,16.7984,22.1,16.7984,-24.0,False,cross_sectional,-2.5,-21.0,0.0,-23.5,1.0,False,True,cross_sectional_primary
20260912,F250-SPI,HTWS.L,Communication Services,fwd_pe,17.677286,16.7765,40.2,16.7765,-58.3,True,cross_sectional,0.0,-25.0,-0.5,-25.5,0.9,True,False,cross_sectional_primary
20260912,F250-SPI,GFTU.L,Industrials,ev_ebitda,10.609,10.5965,,10.5965,,False,cross_sectional,0.0,-6.5,0.0,-6.5,0.7,False,False,cross_sectional_primary
20260912,F250-SPI,WOSG.L,Consumer Cyclical,fwd_pe,11.190549,10.9683,20.5,10.9683,-46.5,True,cross_sectional,0.0,47.0,0.5,47.6,0.9,True,False,cross_sectional_primary
20260912,F250-SPI,GNC.L,Consumer Defensive,fwd_pe,10.5594015,11.4654,16.4,11.4654,-30.1,True,cross_sectional,0.0,16.6,4.2,20.9,0.7,False,False,cross_sectional_primary
20260912,F250-SPI,SSPG.L,Consumer Cyclical,fwd_pe,11.73706,10.9683,140.9,10.9683,-92.2,True,cross_sectional,0.0,13.7,0.1,13.8,0.7,False,False,cross_sectional_primary
20260912,F250-SPI,CURY.L,Consumer Cyclical,fwd_pe,9.704974,10.9683,9.5,10.9683,15.5,False,cross_sectional,6.3,28.0,-0.4,34.0,1.0,False,False,cross_sectional_primary
20260912,F250-SPI,CKN.L,Industrials,ev_ebitda,11.412,10.5965,,10.5965,,False,cross_sectional,0.0,36.5,-0.3,36.2,0.9,False,False,cross_sectional_primary
20260912,F250-SPI,PFD.L,Consumer Defensive,fwd_pe,11.286291,11.4654,13.0,11.4654,-11.8,False,cross_sectional,0.0,6.3,0.1,6.4,1.0,False,False,cross_sectional_primary
20260912,F250-SPI,FOUR.L,Communication Services,fwd_pe,16.170073,16.7765,11.8,16.7765,42.2,True,cross_sectional,0.0,-21.4,0.0,-21.4,0.9,False,False,cross_sectional_primary
20260912,F250-SPI,GAMA.L,Communication Services,fwd_pe,11.362051,16.7765,20.6,16.7765,-18.6,False,cross_sectional,10.0,17.9,2.1,30.0,1.0,False,True,cross_sectional_primary
20260912,F250-SPI,ENOG.L,Energy,ev_ebitda,4.447,10.686,,10.686,,False,cross_sectional,10.0,38.1,-0.3,47.8,0.9,False,True,cross_sectional_primary
20260912,F250-SPI,KNOS.L,Technology,fwd_pe,20.303352,16.7984,33.1,16.7984,-49.2,True,cross_sectional,-2.3,47.2,2.1,47.0,0.9,True,False,cross_sectional_primary
20260912,F250-SPI,DNLM.L,Consumer Cyclical,fwd_pe,9.314225,10.9683,14.6,10.9683,-24.9,False,cross_sectional,8.5,10.0,0.2,18.7,1.0,False,False,cross_sectional_primary
20260912,F250-SPI,FGP.L,Industrials,ev_ebitda,5.95,10.5965,,10.5965,,False,cross_sectional,10.0,-5.9,9.7,13.8,0.9,False,True,cross_sectional_primary
20260912,F250-SPI,CVSG.L,Healthcare,fwd_pe,13.568591,19.7461,54.2,19.7461,-63.6,True,cross_sectional,10.0,-25.0,-0.1,-15.1,0.9,True,True,cross_sectional_primary
20260912,F250-SPI,PETS.L,Consumer Cyclical,fwd_pe,11.456503,10.9683,12.5,10.9683,-12.3,False,cross_sectional,0.0,-25.0,2.5,-22.5,1.0,True,False,cross_sectional_primary
20260912,F250-SPI,BREE.L,Basic Materials,ev_ebitda,7.028,18.935,,18.935,,False,cross_sectional,10.0,-7.7,-0.9,1.4,0.9,False,True,cross_sectional_primary
20260912,F250-SPI,ZIG.L,Industrials,ev_ebitda,4.347,10.5965,,10.5965,,False,cross_sectional,10.0,-25.0,0.0,-15.0,0.9,True,True,cross_sectional_primary
20260912,F250-SPI,WIZZ.L,Industrials,ev_ebitda,28.671,10.5965,,10.5965,,False,cross_sectional,-2.5,44.4,-0.0,41.9,0.7,True,True,cross_sectional_primary
20260912,F250-SPI,MONY.L,Communication Services,fwd_pe,9.633234,16.7765,14.1,16.7765,19.0,False,cross_sectional,10.0,4.7,0.6,15.3,1.0,False,True,cross_sectional_primary
20260912,F250-SPI,TRST.L,Technology,fwd_pe,32.964226,16.7984,91.3,16.7984,-81.6,True,cross_sectional,-2.5,32.5,0.7,30.7,0.7,False,True,cross_sectional_primary
20260912,F250-SPI,BYIT.L,Technology,fwd_pe,16.393854,16.7984,22.4,16.7984,-25.0,False,cross_sectional,0.0,-6.8,0.3,-6.5,1.0,False,False,cross_sectional_primary
20260912,F250-SPI,VTY.L,Consumer Cyclical,fwd_pe,6.0357833,10.9683,14.8,10.9683,-25.9,True,cross_sectional,10.0,49.9,3.2,63.1,0.9,True,True,cross_sectional_primary
20260912,F250-SPI,DOM.L,Consumer Cyclical,fwd_pe,11.20928,10.9683,13.6,10.9683,-19.4,False,cross_sectional,0.0,5.3,2.7,8.0,1.0,False,False,cross_sectional_primary
20260912,F250-SPI,MOON.L,Consumer Cyclical,fwd_pe,11.665988,10.9683,20.9,10.9683,-47.5,True,cross_sectional,0.0,23.3,3.4,26.7,0.9,False,False,cross_sectional_primary
20260912,F250-SPI,CMCX.L,Financial Services,fwd_pe,11.288605,13.9916,11.3,13.9916,23.8,False,cross_sectional,10.0,38.5,1.5,50.0,1.0,False,True,cross_sectional_primary
20260912,F250-SPI,TRN.L,Consumer Cyclical,fwd_pe,7.1839824,10.9683,60.9,10.9683,-82.0,True,cross_sectional,10.0,37.8,6.7,54.5,0.9,False,True,cross_sectional_primary
20260912,F250-SPI,MAB.L,Consumer Cyclical,fwd_pe,8.007064,10.9683,9.9,10.9683,10.8,False,cross_sectional,10.0,6.6,-0.5,16.1,1.0,False,True,cross_sectional_primary
20260912,F250-SPI,SPI.L,Healthcare,fwd_pe,16.304348,19.7461,39.1,19.7461,-49.5,True,cross_sectional,10.0,-19.3,1.0,-8.3,0.9,False,True,cross_sectional_primary
20260912,F250-SPI,ITH.L,Energy,ev_ebitda,3.071,10.686,,10.686,,False,cross_sectional,10.0,38.2,-10.0,38.2,0.9,False,True,cross_sectional_primary
20260912,F250-SPI,BAG.L,Consumer Defensive,fwd_pe,11.465438,11.4654,17.7,11.4654,-35.2,True,cross_sectional,0.0,-8.1,0.1,-8.0,0.9,False,False,cross_sectional_primary
20260912,F250-SPI,XPS.L,Consumer Cyclical,fwd_pe,11.999521,10.9683,28.3,10.9683,-61.2,True,cross_sectional,0.0,6.5,-0.8,5.7,0.9,False,False,cross_sectional_primary
20260912,F250-SPI,HFD.L,Consumer Cyclical,fwd_pe,11.944244,10.9683,15.2,10.9683,-27.8,True,cross_sectional,0.0,1.7,0.2,1.8,0.7,False,False,cross_sectional_primary
20260912,F250-SPI,GFRD.L,Industrials,ev_ebitda,8.49,10.5965,,10.5965,,False,cross_sectional,10.0,19.7,3.7,33.4,0.9,False,True,cross_sectional_primary
20260912,F250-SPI,HFG.L,Consumer Defensive,fwd_pe,11.71971,11.4654,20.1,11.4654,-43.0,True,cross_sectional,0.0,6.6,0.0,6.6,0.7,False,False,cross_sectional_primary
20260912,F250-SPI,HTG.L,Energy,ev_ebitda,6.91,10.686,,10.686,,False,cross_sectional,10.0,24.0,0.1,34.1,0.9,False,True,cross_sectional_primary
20260912,F250-SPI,AVON.L,Industrials,ev_ebitda,15.409,10.5965,,10.5965,,False,cross_sectional,-2.5,49.0,-0.7,45.9,0.9,True,True,cross_sectional_primary
20260912,F250-SPI,BMY.L,Communication Services,fwd_pe,14.786419,16.7765,17.2,16.7765,-2.5,False,cross_sectional,6.5,40.4,0.3,47.1,1.0,True,False,cross_sectional_primary
20260912,F250-SPI,SMWH.L,Consumer Cyclical,fwd_pe,9.779939,10.9683,23.3,10.9683,-52.9,True,cross_sectional,5.9,-0.1,1.1,7.0,0.7,False,False,cross_sectional_primary
20260912,F250-SPI,BOWL.L,Consumer Cyclical,fwd_pe,10.043187,10.9683,14.4,10.9683,-23.8,False,cross_sectional,0.0,-2.4,0.1,-2.3,1.0,False,False,cross_sectional_primary
20260912,F250-SPI,APN.L,Consumer Defensive,fwd_pe,20.74015,11.4654,28.0,11.4654,-59.1,True,cross_sectional,-2.5,44.5,0.0,42.0,0.9,True,True,cross_sectional_primary
20260912,F250-SPI,WIX.L,Consumer Cyclical,fwd_pe,8.719556,10.9683,13.3,10.9683,-17.5,False,cross_sectional,10.0,49.8,4.1,63.9,1.0,True,True,cross_sectional_primary
20260912,F250-SPI,RPI.L,Technology,fwd_pe,47.955338,16.7984,35.5,16.7984,-52.7,True,cross_sectional,-2.5,48.9,-1.0,45.5,0.9,True,True,cross_sectional_primary
20260912,F250-SPI,ATG.L,Communication Services,fwd_pe,12.522937,16.7765,25.4,16.7765,-34.0,True,cross_sectional,10.0,14.6,-0.3,24.4,0.7,False,True,cross_sectional_primary
20260912,F250-SPI,AEP.L,Consumer Defensive,fwd_pe,9.798969,11.4654,4.4,11.4654,160.6,True,cross_sectional,8.2,3.1,0.4,11.6,0.9,False,False,cross_sectional_primary
20260912,F250-SPI,GBG.L,Technology,fwd_pe,7.2633443,16.7984,61.3,16.7984,-72.6,True,cross_sectional,10.0,14.2,0.4,24.5,0.7,False,True,cross_sectional_primary
20260912,F250-SPI,MEGP.L,Industrials,ev_ebitda,4.036,10.5965,,10.5965,,False,cross_sectional,10.0,-3.9,0.1,6.2,0.9,False,True,cross_sectional_primary
20260912,F250-SPI,PPH.L,Consumer Cyclical,fwd_pe,11.658652,10.9683,35.9,10.9683,-69.4,True,cross_sectional,0.0,8.8,0.3,9.1,0.7,False,False,cross_sectional_primary
20260912,F250-SPI,AO.L,Consumer Cyclical,fwd_pe,11.277345,10.9683,44.6,10.9683,-75.4,True,cross_sectional,0.0,10.6,-2.5,8.1,0.7,False,False,cross_sectional_primary
20260912,F250-SPI,ALFA.L,Technology,fwd_pe,15.197036,16.7984,21.2,16.7984,-20.8,False,cross_sectional,5.1,-15.0,0.1,-9.7,1.0,False,False,cross_sectional_primary
20260912,F250-SPI,RNK.L,Consumer Cyclical,fwd_pe,7.5818243,10.9683,22.0,10.9683,-50.1,True,cross_sectional,10.0,-19.9,-0.5,-10.4,0.9,False,True,cross_sectional_primary
20260912,F250-SPI,DATA.L,Industrials,ev_ebitda,7.649,10.5965,,10.5965,,False,cross_sectional,10.0,48.4,4.3,62.7,0.9,True,True,cross_sectional_primary
20260912,F250-SPI,PRN.L,Consumer Defensive,fwd_pe,7.987411,11.4654,151.1,11.4654,-92.4,True,cross_sectional,10.0,14.8,15.0,39.8,0.7,False,True,cross_sectional_primary
20260912,F250-SPI,NOVN.SW,Healthcare,fwd_pe,13.991573,19.7461,14.5,19.7461,36.2,True,cross_sectional,10.0,-17.0,3.4,-3.6,0.9,False,True,cross_sectional_primary
20260912,F250-SPI,ABBN.SW,Industrials,ev_ebitda,20.504,10.5965,,10.5965,,False,cross_sectional,-2.5,8.2,1.0,6.7,0.9,False,True,cross_sectional_primary
20260912,F250-SPI,CFR.SW,Consumer Cyclical,fwd_pe,21.702356,10.9683,34.7,10.9683,-68.4,True,cross_sectional,-2.5,-25.0,-0.9,-28.4,0.9,True,True,cross_sectional_primary
20260912,F250-SPI,LONN.SW,Healthcare,fwd_pe,24.083824,19.7461,38.5,19.7461,-48.7,True,cross_sectional,-2.4,35.9,2.4,35.9,0.9,False,False,cross_sectional_primary
20260912,F250-SPI,SIKA.SW,Basic Materials,ev_ebitda,18.12,18.935,,18.935,,False,cross_sectional,0.0,-0.6,-0.0,-0.6,0.9,False,False,cross_sectional_primary
20260912,F250-SPI,GALD.SW,Healthcare,fwd_pe,28.479069,19.7461,,19.7461,,False,cross_sectional,-2.5,47.2,-0.0,44.7,0.9,True,True,cross_sectional_primary
20260912,F250-SPI,SDZ.SW,Healthcare,fwd_pe,17.867222,19.7461,27.0,19.7461,-26.9,True,cross_sectional,5.1,-25.0,-0.6,-20.5,0.9,True,False,cross_sectional_primary
20260912,F250-SPI,ALC.SW,Healthcare,fwd_pe,15.168259,19.7461,34.7,19.7461,-43.1,True,cross_sectional,10.0,20.1,0.0,30.1,0.7,False,True,cross_sectional_primary
20260912,F250-SPI,GIVN.SW,Basic Materials,ev_ebitda,21.389,18.935,,18.935,,False,cross_sectional,-1.5,-20.0,-0.1,-21.6,0.9,False,False,cross_sectional_primary
20260912,F250-SPI,AMRZ.SW,Basic Materials,ev_ebitda,8.498,18.935,,18.935,,False,cross_sectional,10.0,14.7,-0.1,24.6,0.9,False,True,cross_sectional_primary
20260912,F250-SPI,DSFIR.SW,Basic Materials,ev_ebitda,19.75,18.935,,18.935,,False,cross_sectional,0.0,-25.0,-5.4,-30.4,0.9,True,False,cross_sectional_primary
20260912,F250-SPI,SCMN.SW,Communication Services,fwd_pe,20.98856,16.7765,14.9,16.7765,12.6,False,cross_sectional,-2.5,29.9,0.0,27.4,1.0,False,True,cross_sectional_primary
20260912,F250-SPI,SGSN.SW,Industrials,ev_ebitda,17.089,10.5965,,10.5965,,False,cross_sectional,-2.5,-3.7,-0.1,-6.3,0.9,False,True,cross_sectional_primary
20260912,F250-SPI,LOGN.SW,Technology,fwd_pe,17.101967,16.7984,19.2,16.7984,-12.5,False,cross_sectional,0.0,43.4,3.2,46.6,1.0,True,False,cross_sectional_primary
20260912,F250-SPI,STMN.SW,Healthcare,fwd_pe,24.706074,19.7461,43.7,19.7461,-54.8,True,cross_sectional,-2.5,5.8,-0.0,3.3,0.9,False,True,cross_sectional_primary
20260912,F250-SPI,LISN.SW,Consumer Defensive,fwd_pe,25.44216,11.4654,35.0,11.4654,-67.2,True,cross_sectional,-2.5,4.1,0.6,2.2,0.9,False,True,cross_sectional_primary
20260912,F250-SPI,LISP.SW,Consumer Defensive,fwd_pe,24.441721,11.4654,34.8,11.4654,-67.1,True,cross_sectional,-2.5,4.1,0.6,2.2,0.9,False,True,cross_sectional_primary
20260912,F250-SPI,BEAN.SW,Industrials,ev_ebitda,35.299,10.5965,,10.5965,,False,cross_sectional,-2.5,23.3,-0.0,20.8,0.9,False,True,cross_sectional_primary
20260912,F250-SPI,ACLN.SW,Industrials,ev_ebitda,18.443,10.5965,,10.5965,,False,cross_sectional,-2.5,30.4,-0.1,27.8,0.9,False,True,cross_sectional_primary
20260912,F250-SPI,AVOL.SW,Consumer Cyclical,fwd_pe,10.658296,10.9683,49.2,10.9683,-77.7,True,cross_sectional,0.0,30.9,-2.4,28.6,0.9,False,False,cross_sectional_primary
20260912,F250-SPI,GALE.SW,Healthcare,fwd_pe,19.529594,19.7461,19.9,19.7461,-0.8,False,cross_sectional,0.0,-24.9,0.0,-24.9,1.0,False,False,cross_sectional_primary
20260912,F250-SPI,FHZN.SW,Industrials,ev_ebitda,9.971,10.5965,,10.5965,,False,cross_sectional,0.0,1.5,0.0,1.5,0.9,False,False,cross_sectional_primary
20260912,F250-SPI,TEMN.SW,Technology,fwd_pe,16.494898,16.7984,28.2,16.7984,-40.4,True,cross_sectional,0.0,-25.0,1.7,-23.3,0.9,True,False,cross_sectional_primary
20260912,F250-SPI,SIGN.SW,Consumer Cyclical,fwd_pe,16.756058,10.9683,34.4,10.9683,-68.1,True,cross_sectional,-2.5,39.2,0.0,36.7,0.9,False,True,cross_sectional_primary
20260912,F250-SPI,SFZN.SW,Healthcare,fwd_pe,15.147942,19.7461,23.0,19.7461,-14.1,False,cross_sectional,10.0,4.0,-0.9,13.1,1.0,False,True,cross_sectional_primary
20260912,F250-SPI,IFCN.SW,Technology,fwd_pe,30.01229,16.7984,23.8,16.7984,-29.4,True,cross_sectional,-2.5,27.9,-0.0,25.4,0.9,False,True,cross_sectional_primary
20260912,F250-SPI,SUN.SW,Industrials,ev_ebitda,10.366,10.5965,,10.5965,,False,cross_sectional,0.0,8.3,0.3,8.6,0.9,False,False,cross_sectional_primary
20260912,F250-SPI,BANB.SW,Healthcare,fwd_pe,24.985146,19.7461,39.9,19.7461,-50.5,True,cross_sectional,-2.5,0.0,-0.2,-2.7,0.9,False,True,cross_sectional_primary
20260912,F250-SPI,SFSN.SW,Industrials,ev_ebitda,11.283,10.5965,,10.5965,,False,cross_sectional,0.0,32.4,0.0,32.4,0.9,False,False,cross_sectional_primary
20260912,F250-SPI,EMMN.SW,Consumer Defensive,fwd_pe,17.15127,11.4654,19.5,11.4654,-41.2,True,cross_sectional,-2.5,3.7,0.0,1.2,0.9,False,True,cross_sectional_primary
20260912,F250-SPI,SWON.SW,Technology,fwd_pe,11.132577,16.7984,,16.7984,,False,cross_sectional,10.0,49.0,-9.0,49.9,0.9,True,True,cross_sectional_primary
20260912,F250-SPI,YPSN.SW,Healthcare,fwd_pe,23.545782,19.7461,57.9,19.7461,-65.9,True,cross_sectional,-2.1,40.6,0.2,38.6,0.9,True,False,cross_sectional_primary
20260912,F250-SPI,BCHN.SW,Industrials,ev_ebitda,9.19,10.5965,,10.5965,,False,cross_sectional,7.4,9.0,0.0,16.4,0.9,False,False,cross_sectional_primary
20260912,F250-SPI,KARN.SW,Industrials,ev_ebitda,13.442,10.5965,,10.5965,,False,cross_sectional,-2.5,-25.0,-0.0,-27.5,0.9,True,True,cross_sectional_primary
20260912,F250-SPI,JFN.SW,Industrials,ev_ebitda,11.315,10.5965,,10.5965,,False,cross_sectional,0.0,-23.7,0.6,-23.1,0.9,False,False,cross_sectional_primary
20260912,F250-SPI,ALSN.SW,Technology,fwd_pe,15.894309,16.7984,22.9,16.7984,-26.6,True,cross_sectional,0.0,42.7,-1.5,41.2,0.9,True,False,cross_sectional_primary
20260912,F250-SPI,BRKN.SW,Industrials,ev_ebitda,15.633,10.5965,,10.5965,,False,cross_sectional,-2.5,8.0,-0.7,4.8,0.9,False,True,cross_sectional_primary
20260912,F250-SPI,ARYN.SW,Consumer Defensive,fwd_pe,7.7987103,11.4654,19.6,11.4654,-41.5,True,cross_sectional,10.0,-1.2,-0.2,8.6,0.9,False,True,cross_sectional_primary
20260912,F250-SPI,DESN.SW,Basic Materials,ev_ebitda,23.24,18.935,,18.935,,False,cross_sectional,-2.4,-23.7,-0.0,-26.2,0.9,False,False,cross_sectional_primary
20260912,F250-SPI,CFT.SW,Financial Services,fwd_pe,13.184585,13.9916,9.5,13.9916,47.3,True,cross_sectional,0.0,8.9,-2.4,6.5,0.9,False,False,cross_sectional_primary
20260912,F250-SPI,SKAN.SW,Healthcare,fwd_pe,33.87034,19.7461,69.7,19.7461,-71.7,True,cross_sectional,-2.5,26.6,0.0,24.1,0.7,False,True,cross_sectional_primary
20260912,F250-SPI,SENS.SW,Technology,fwd_pe,30.156794,16.7984,36.4,16.7984,-53.9,True,cross_sectional,-2.5,-25.0,-0.1,-27.6,0.9,True,True,cross_sectional_primary
20260912,F250-SPI,BSLN.SW,Healthcare,fwd_pe,14.630047,19.7461,40.3,19.7461,-51.0,True,cross_sectional,10.0,43.1,-7.7,45.4,0.9,True,True,cross_sectional_primary
20260912,F250-SPI,MOVE.SW,Healthcare,fwd_pe,19.962627,19.7461,47.7,19.7461,-58.6,True,cross_sectional,0.0,-25.0,0.1,-24.9,0.9,True,False,cross_sectional_primary
20260912,F250-SPI,SMG.SW,Communication Services,fwd_pe,17.685493,16.7765,69.9,16.7765,-76.0,True,cross_sectional,0.0,46.0,0.0,46.0,0.9,True,False,cross_sectional_primary
20260912,F250-SPI,PPGN.SW,Healthcare,fwd_pe,30.207066,19.7461,,19.7461,,False,cross_sectional,-2.5,42.6,-0.1,40.0,0.7,True,True,cross_sectional_primary
20260912,F250-SPI,RSGN.SW,Industrials,ev_ebitda,8.906,10.5965,,10.5965,,False,cross_sectional,9.1,-6.5,-10.0,-7.4,0.9,False,False,cross_sectional_primary
20260912,F250-SPI,CMHC.SW,Healthcare,fwd_pe,16.221945,19.7461,30.1,19.7461,-34.4,True,cross_sectional,10.0,39.0,0.4,49.4,0.7,False,True,cross_sectional_primary
20260912,F250-SPI,MED.SW,Healthcare,fwd_pe,37.514507,19.7461,206.1,19.7461,-90.4,True,cross_sectional,-2.5,37.7,-0.7,34.5,0.7,False,True,cross_sectional_primary
20260912,F250-SPI,REHN.SW,Utilities,ev_ebitda,9.085,10.686,,10.686,,False,cross_sectional,8.5,19.8,0.0,28.3,0.9,False,False,cross_sectional_primary
20260912,F250-SPI,BELL.SW,Consumer Defensive,fwd_pe,10.077676,11.4654,12.1,11.4654,-5.2,False,cross_sectional,6.7,21.1,0.1,27.9,1.0,False,False,cross_sectional_primary
20260912,F250-SPI,AUTN.SW,Consumer Cyclical,fwd_pe,10.746065,10.9683,13.2,10.9683,-16.9,False,cross_sectional,0.0,4.9,-6.6,-1.7,1.0,False,False,cross_sectional_primary
20260912,F250-SPI,CICN.SW,Technology,fwd_pe,13.326205,16.7984,26.3,16.7984,-36.1,True,cross_sectional,10.0,-23.9,-0.7,-14.6,0.9,False,True,cross_sectional_primary
20260912,F250-SPI,AEVS.SW,Healthcare,fwd_pe,42.911903,19.7461,,19.7461,,False,cross_sectional,-2.5,46.8,0.2,44.4,0.7,True,True,cross_sectional_primary
20260912,F250-SPI,ARBN.SW,Industrials,ev_ebitda,,10.5965,,10.5965,,False,UNMEASURED,,48.3,-0.2,48.1,0.5,True,False,cross_sectional_primary
20260912,F250-SPI,APGN.SW,Communication Services,fwd_pe,17.38298,16.7765,17.4,16.7765,-3.6,False,cross_sectional,0.0,24.7,-0.0,24.6,1.0,False,False,cross_sectional_primary
20260912,F250-SPI,BVZN.SW,Industrials,ev_ebitda,8.077,10.5965,,10.5965,,False,cross_sectional,10.0,40.8,-0.0,50.8,0.9,True,True,cross_sectional_primary
20260912,F250-SPI,TIBN.SW,Consumer Cyclical,fwd_pe,15.888147,10.9683,12.7,10.9683,-13.6,False,cross_sectional,-2.5,-25.0,0.0,-27.5,0.8,True,True,cross_sectional_primary
20260912,F250-SPI,CNTL.SW,Industrials,ev_ebitda,39.692,10.5965,,10.5965,,False,cross_sectional,-2.5,-19.2,0.0,-21.7,0.7,False,True,cross_sectional_primary
20260912,F250-SPI,MIKN.SW,Industrials,ev_ebitda,4.026,10.5965,,10.5965,,False,cross_sectional,10.0,-24.5,-0.2,-14.7,0.9,False,True,cross_sectional_primary
20260912,F250-SPI,OFN.SW,Industrials,ev_ebitda,6.339,10.5965,,10.5965,,False,cross_sectional,10.0,-25.0,-0.0,-15.0,0.9,True,True,cross_sectional_primary
20260912,F250-SPI,VBSN.SW,Healthcare,price_fcf,17.708368378904016,13.9242,,13.9242,,False,cross_sectional,-2.5,-6.7,-0.0,-9.2,0.9,False,True,cross_sectional_primary
20260912,F250-SPI,STGN.SW,Industrials,ev_ebitda,6.585,10.5965,,10.5965,,False,cross_sectional,10.0,25.3,-10.0,25.3,0.7,False,True,cross_sectional_primary
20260912,F250-SPI,GMI.SW,Consumer Defensive,fwd_pe,,11.4654,13.2,11.4654,-13.1,False,UNMEASURED,,4.1,0.0,4.1,0.7,False,False,cross_sectional_primary
20260912,F250-SPI,LMN.SW,Consumer Cyclical,fwd_pe,4.779678,10.9683,11.6,10.9683,-5.4,False,cross_sectional,10.0,45.5,0.3,55.8,0.8,True,True,cross_sectional_primary
20260912,F250-SPI,MCHN.SW,Communication Services,fwd_pe,22.071428,16.7765,23.0,16.7765,-27.1,True,cross_sectional,-2.5,-5.4,-0.1,-8.1,0.7,False,True,cross_sectional_primary
20260918,MIDCAP400,TWLO,Technology,fwd_pe,36.279522,17.66,,17.66,,False,cross_sectional,-2.5,50.0,6.6,54.1,0.9,True,True,cross_sectional_primary
20260918,MIDCAP400,OKTA,Technology,fwd_pe,43.398624,17.66,793.1,17.66,-97.8,True,cross_sectional,-2.5,47.4,-4.7,40.2,0.9,True,True,cross_sectional_primary
20260918,MIDCAP400,P,Technology,fwd_pe,29.29403,17.66,202.6,17.66,-91.3,True,cross_sectional,-2.5,44.0,-1.6,39.9,0.9,False,True,cross_sectional_primary
20260918,MIDCAP400,FTI,Energy,ev_ebitda,14.51,7.456,,7.456,,False,cross_sectional,-2.5,39.7,3.7,40.9,0.9,False,True,cross_sectional_primary
20260918,MIDCAP400,ATI,Industrials,ev_ebitda,28.945,14.913,,14.913,,False,cross_sectional,-2.5,45.3,2.8,45.6,0.9,True,True,cross_sectional_primary
20260918,MIDCAP400,NVT,Industrials,ev_ebitda,24.648,14.913,,14.913,,False,cross_sectional,-2.5,48.3,1.1,46.8,0.9,True,True,cross_sectional_primary
20260918,MIDCAP400,THC,Healthcare,fwd_pe,12.423108,17.4067,12.9,17.4067,34.9,True,cross_sectional,10.0,49.4,6.9,66.3,0.9,True,True,cross_sectional_primary
20260918,MIDCAP400,UTHR,Healthcare,fwd_pe,16.556946,17.4067,15.9,17.4067,9.5,False,cross_sectional,0.0,13.4,1.8,15.2,1.0,False,False,cross_sectional_primary
20260918,MIDCAP400,CW,Industrials,ev_ebitda,25.656,14.913,,14.913,,False,cross_sectional,-2.5,27.6,1.2,26.3,0.9,False,True,cross_sectional_primary
20260918,MIDCAP400,XPO,Industrials,ev_ebitda,17.579,14.913,,14.913,,False,cross_sectional,-2.0,44.7,-0.4,42.3,0.9,True,False,cross_sectional_primary
20260918,MIDCAP400,CRS,Industrials,ev_ebitda,24.803,14.913,,14.913,,False,cross_sectional,-2.5,42.8,-0.1,40.2,0.9,False,True,cross_sectional_primary
20260918,MIDCAP400,USFD,Consumer Defensive,fwd_pe,16.676891,13.544,29.5,13.544,-54.1,True,cross_sectional,-2.5,29.2,4.0,30.8,0.9,False,False,cross_sectional_primary
20260918,MIDCAP400,ROKU,Communication Services,fwd_pe,39.276062,16.0244,,16.0244,,False,cross_sectional,-2.5,49.9,-4.0,43.5,0.9,True,True,cross_sectional_primary
20260918,MIDCAP400,SNX,Technology,fwd_pe,12.2326975,17.66,14.7,17.66,20.1,False,cross_sectional,10.0,48.0,5.8,63.7,1.0,True,True,cross_sectional_primary
20260918,MIDCAP400,WWD,Industrials,ev_ebitda,24.62,14.913,,14.913,,False,cross_sectional,-2.5,36.3,0.0,33.8,0.9,False,True,cross_sectional_primary
20260918,MIDCAP400,NTNX,Technology,fwd_pe,26.308865,17.66,,17.66,,False,cross_sectional,-2.5,50.0,-10.0,37.5,0.9,True,True,cross_sectional_primary
20260918,MIDCAP400,PR,Energy,ev_ebitda,5.276,7.456,,7.456,,False,cross_sectional,10.0,49.4,-10.0,49.4,0.9,True,True,cross_sectional_primary
20260918,MIDCAP400,ITT,Industrials,ev_ebitda,21.633,14.913,,14.913,,False,cross_sectional,-2.5,-25.0,1.7,-25.8,0.9,True,True,cross_sectional_primary
20260918,MIDCAP400,MTSI,Technology,fwd_pe,31.03908,17.66,70.5,17.66,-75.0,True,cross_sectional,-2.5,49.2,-1.7,44.9,0.9,True,True,cross_sectional_primary
20260918,MIDCAP400,WCC,Industrials,ev_ebitda,14.127,14.913,,14.913,,False,cross_sectional,0.0,10.4,2.7,13.1,0.9,False,False,cross_sectional_primary
20260918,MIDCAP400,DT,Technology,fwd_pe,24.320547,17.66,104.0,17.66,-83.0,True,cross_sectional,-2.5,-24.9,-0.7,-28.1,0.9,False,True,cross_sectional_primary
20260918,MIDCAP400,MKSI,Technology,fwd_pe,13.610965,17.66,26.7,17.66,-33.9,True,cross_sectional,10.0,49.1,-0.7,58.5,0.9,True,True,cross_sectional_primary
20260918,MIDCAP400,CLH,Industrials,ev_ebitda,16.202,14.913,,14.913,,False,cross_sectional,0.0,36.3,0.6,36.9,0.9,False,False,cross_sectional_primary
20260918,MIDCAP400,RBA,Industrials,ev_ebitda,15.287,14.913,,14.913,,False,cross_sectional,0.0,34.0,-5.4,28.6,0.9,False,False,cross_sectional_primary
20260918,MIDCAP400,SMTC,Technology,fwd_pe,30.53494,17.66,,17.66,,False,cross_sectional,-2.5,45.0,-10.0,32.5,0.7,True,True,cross_sectional_primary
20260918,MIDCAP400,RBC,Industrials,ev_ebitda,26.663,14.913,,14.913,,False,cross_sectional,-2.5,43.2,-4.1,36.6,0.9,False,True,cross_sectional_primary
20260918,MIDCAP400,JAZZ,Healthcare,fwd_pe,9.460344,17.4067,17.5,17.4067,-0.5,False,cross_sectional,10.0,2.4,8.0,20.4,0.8,False,True,cross_sectional_primary
20260918,MIDCAP400,ARMK,Industrials,ev_ebitda,14.553,14.913,,14.913,,False,cross_sectional,0.0,33.3,-0.9,32.4,0.9,False,False,cross_sectional_primary
20260918,MIDCAP400,NBIX,Healthcare,fwd_pe,12.680333,17.4067,47.4,17.4067,-63.3,True,cross_sectional,10.0,31.1,-0.7,40.4,0.9,False,True,cross_sectional_primary
20260918,MIDCAP400,STRL,Industrials,ev_ebitda,21.533,14.913,,14.913,,False,cross_sectional,-2.5,48.6,0.4,46.6,0.9,True,True,cross_sectional_primary
20260918,MIDCAP400,SGI,Consumer Cyclical,fwd_pe,16.538551,10.9485,24.6,10.9485,-55.5,True,cross_sectional,-2.5,10.6,-8.6,-0.5,0.9,False,True,cross_sectional_primary
20260918,MIDCAP400,TOST,Technology,fwd_pe,17.660006,17.66,639.2,17.66,-97.2,True,cross_sectional,0.0,48.3,-6.7,41.6,0.9,True,False,cross_sectional_primary
20260918,MIDCAP400,BURL,Consumer Cyclical,fwd_pe,17.599983,10.9485,45.8,10.9485,-76.1,True,cross_sectional,-2.5,48.2,0.6,46.3,0.9,True,True,cross_sectional_primary
20260918,MIDCAP400,TRU,Financial Services,fwd_pe,13.104287,16.0244,41.3,16.0244,-61.2,True,cross_sectional,10.0,32.1,-0.8,41.3,0.9,False,True,cross_sectional_primary
20260918,MIDCAP400,PFGC,Consumer Defensive,fwd_pe,13.544039,13.544,34.9,13.544,-61.2,True,cross_sectional,0.0,22.7,-0.3,22.4,0.9,False,False,cross_sectional_primary
20260918,MIDCAP400,EXEL,Healthcare,fwd_pe,13.727115,17.4067,24.0,17.4067,-27.5,True,cross_sectional,10.0,26.2,6.4,42.6,0.9,False,True,cross_sectional_primary
20260918,MIDCAP400,APG,Industrials,ev_ebitda,17.579,14.913,,14.913,,False,cross_sectional,-2.0,25.0,-8.6,14.4,0.9,False,False,cross_sectional_primary
20260918,MIDCAP400,FN,Technology,fwd_pe,17.483244,17.66,28.6,17.66,-38.3,True,cross_sectional,0.0,45.7,0.4,46.1,0.9,True,False,cross_sectional_primary
20260918,MIDCAP400,LECO,Industrials,ev_ebitda,16.912,14.913,,14.913,,False,cross_sectional,-1.5,12.5,2.0,13.0,0.9,False,False,cross_sectional_primary
20260918,MIDCAP400,CACI,Technology,fwd_pe,16.852262,17.66,22.8,17.66,-22.5,False,cross_sectional,0.0,-1.2,0.9,-0.3,1.0,False,False,cross_sectional_primary
20260918,MIDCAP400,MEDP,Healthcare,fwd_pe,31.857872,17.4067,31.5,17.4067,-44.7,True,cross_sectional,-2.5,36.9,3.7,38.2,0.9,False,True,cross_sectional_primary
20260918,MIDCAP400,MTZ,Industrials,ev_ebitda,14.913,14.913,,14.913,,False,cross_sectional,0.0,44.4,-0.7,43.6,0.9,True,False,cross_sectional_primary
20260918,MIDCAP400,DOCU,Technology,fwd_pe,13.574565,17.66,47.7,17.66,-63.0,True,cross_sectional,10.0,33.3,-0.0,43.3,0.9,False,True,cross_sectional_primary
20260918,MIDCAP400,MLI,Industrials,ev_ebitda,10.996,14.913,,14.913,,False,cross_sectional,10.0,1.8,1.0,12.8,0.9,False,True,cross_sectional_primary
20260918,MIDCAP400,BWXT,Industrials,ev_ebitda,31.103,14.913,,14.913,,False,cross_sectional,-2.5,14.1,0.0,11.6,0.9,False,True,cross_sectional_primary
20260918,MIDCAP400,FIVE,Consumer Cyclical,fwd_pe,21.404682,10.9485,38.8,10.9485,-71.8,True,cross_sectional,-2.5,49.7,0.2,47.4,0.9,True,True,cross_sectional_primary
20260918,MIDCAP400,TLN,Utilities,ev_ebitda,40.238,15.067,,15.067,,False,cross_sectional,-2.5,30.5,-10.0,18.0,0.7,False,True,cross_sectional_primary
20260918,MIDCAP400,BWA,Consumer Cyclical,fwd_pe,10.73755,10.9485,16.8,10.9485,-34.8,True,cross_sectional,0.0,30.1,3.9,34.0,0.9,False,False,cross_sectional_primary
20260918,MIDCAP400,DTM,Energy,ev_ebitda,17.594,7.456,,7.456,,False,cross_sectional,-2.5,4.8,-2.5,-0.2,0.9,False,True,cross_sectional_primary
20260918,MIDCAP400,RPM,Basic Materials,ev_ebitda,12.784,9.951,,9.951,,False,cross_sectional,-2.5,-1.4,0.3,-3.6,0.9,False,True,cross_sectional_primary
20260918,MIDCAP400,GGG,Industrials,ev_ebitda,16.257,14.913,,14.913,,False,cross_sectional,0.0,14.5,0.9,15.4,0.9,False,False,cross_sectional_primary
20260918,MIDCAP400,TOL,Consumer Cyclical,fwd_pe,9.590162,10.9485,8.1,10.9485,35.2,True,cross_sectional,6.8,-20.4,5.2,-8.4,0.9,False,False,cross_sectional_primary
20260918,MIDCAP400,MANH,Technology,fwd_pe,34.30238,17.66,66.5,17.66,-73.4,True,cross_sectional,-2.5,-8.6,1.2,-9.9,0.9,False,True,cross_sectional_primary
20260918,MIDCAP400,PEN,Healthcare,fwd_pe,52.001488,17.4067,105.5,17.4067,-83.5,True,cross_sectional,-2.5,-23.5,-0.1,-26.1,0.9,False,True,cross_sectional_primary
20260918,MIDCAP400,BMRN,Healthcare,fwd_pe,9.830816,17.4067,72.9,17.4067,-76.1,True,cross_sectional,10.0,-25.0,-1.5,-16.5,0.9,True,True,cross_sectional_primary
20260918,MIDCAP400,GWRE,Technology,fwd_pe,27.123959,17.66,168.6,17.66,-89.5,True,cross_sectional,-2.5,-25.0,-1.9,-29.4,0.9,True,True,cross_sectional_primary
20260918,MIDCAP400,EHC,Healthcare,fwd_pe,18.439653,17.4067,19.8,17.4067,-12.1,False,cross_sectional,0.0,10.8,-0.4,10.4,1.0,False,False,cross_sectional_primary
20260918,MIDCAP400,AA,Basic Materials,ev_ebitda,5.771,9.951,,9.951,,False,cross_sectional,10.0,49.0,-10.0,49.0,0.9,True,True,cross_sectional_primary
20260918,MIDCAP400,SITM,Technology,fwd_pe,40.114594,17.66,,17.66,,False,cross_sectional,-2.5,27.0,-6.1,18.5,0.7,False,True,cross_sectional_primary
20260918,MIDCAP400,ONTO,Technology,fwd_pe,21.392904,17.66,48.9,17.66,-63.9,True,cross_sectional,-2.3,47.4,0.0,45.1,0.9,True,False,cross_sectional_primary
20260918,MIDCAP400,SN,Consumer Cyclical,fwd_pe,21.68834,10.9485,28.0,10.9485,-60.9,True,cross_sectional,-2.5,-6.3,-1.0,-9.8,0.9,False,True,cross_sectional_primary
20260918,MIDCAP400,BJ,Consumer Defensive,fwd_pe,18.578968,13.544,21.9,13.544,-38.2,True,cross_sectional,-2.5,19.3,1.1,17.9,0.9,False,True,cross_sectional_primary
20260918,MIDCAP400,TTMI,Technology,fwd_pe,16.651432,17.66,41.1,17.66,-57.0,True,cross_sectional,0.0,48.1,-1.3,46.8,0.9,True,False,cross_sectional_primary
20260918,MIDCAP400,WTRG,Utilities,ev_ebitda,15.067,15.067,,15.067,,False,cross_sectional,0.0,-2.6,-2.4,-5.0,0.9,False,False,cross_sectional_primary
20260918,MIDCAP400,NYT,Communication Services,fwd_pe,22.273035,16.0244,31.7,16.0244,-49.4,True,cross_sectional,-2.5,14.0,0.2,11.7,0.9,False,True,cross_sectional_primary
20260918,MIDCAP400,AIT,Industrials,ev_ebitda,19.485,14.913,,14.913,,False,cross_sectional,-2.5,13.4,1.2,12.1,0.9,False,True,cross_sectional_primary
20260918,MIDCAP400,NXT,Technology,fwd_pe,14.4377575,17.66,23.4,17.66,-24.5,False,cross_sectional,10.0,2.9,-1.8,11.1,1.0,False,True,cross_sectional_primary
20260918,MIDCAP400,ELAN,Healthcare,fwd_pe,17.678202,17.4067,,17.4067,,False,cross_sectional,0.0,49.7,-0.4,49.3,0.9,True,False,cross_sectional_primary
20260918,MIDCAP400,COKE,Consumer Defensive,fwd_pe,5.109656,13.544,19.3,13.544,-29.8,True,cross_sectional,10.0,10.7,-0.0,20.7,0.9,False,True,cross_sectional_primary
20260918,MIDCAP400,TXRH,Consumer Cyclical,fwd_pe,21.39941,10.9485,26.0,10.9485,-57.9,True,cross_sectional,-2.5,-0.5,0.5,-2.5,0.9,False,True,cross_sectional_primary
20260918,MIDCAP400,SCI,Consumer Cyclical,fwd_pe,17.189634,10.9485,19.5,10.9485,-43.9,True,cross_sectional,-2.5,4.7,3.2,5.4,0.9,False,True,cross_sectional_primary
20260918,MIDCAP400,KNX,Industrials,ev_ebitda,12.724,14.913,,14.913,,False,cross_sectional,8.3,23.8,-0.2,31.8,0.9,False,False,cross_sectional_primary
20260918,MIDCAP400,MOH,Healthcare,fwd_pe,21.056986,17.4067,19.7,17.4067,-11.6,False,cross_sectional,-2.3,-25.0,4.7,-22.5,1.0,True,False,cross_sectional_primary
20260918,MIDCAP400,SANM,Technology,fwd_pe,14.087452,17.66,16.7,17.66,5.7,False,cross_sectional,10.0,46.9,4.0,60.8,1.0,True,True,cross_sectional_primary
20260918,MIDCAP400,ENSG,Healthcare,fwd_pe,20.452309,17.4067,27.8,17.4067,-37.4,True,cross_sectional,-1.9,16.7,-1.3,13.4,0.9,False,False,cross_sectional_primary
20260918,MIDCAP400,OC,Industrials,ev_ebitda,7.931,14.913,,14.913,,False,cross_sectional,10.0,-25.0,3.9,-11.1,0.9,True,True,cross_sectional_primary
20260918,MIDCAP400,DOCN,Technology,fwd_pe,72.20777,17.66,38.3,17.66,-53.9,True,cross_sectional,-2.5,-24.5,-4.5,-31.5,0.9,False,True,cross_sectional_primary
20260918,MIDCAP400,DCI,Industrials,ev_ebitda,15.481,14.913,,14.913,,False,cross_sectional,0.0,14.0,1.3,15.3,0.9,False,False,cross_sectional_primary
20260918,MIDCAP400,RRX,Industrials,ev_ebitda,11.65,14.913,,14.913,,False,cross_sectional,10.0,43.0,-0.2,52.8,0.9,False,True,cross_sectional_primary
20260918,MIDCAP400,ALSN,Consumer Cyclical,fwd_pe,10.600434,10.9485,10.1,10.9485,8.4,False,cross_sectional,0.0,-6.1,3.3,-2.8,1.0,False,False,cross_sectional_primary
20260918,MIDCAP400,CR,Industrials,ev_ebitda,16.335,14.913,,14.913,,False,cross_sectional,0.0,10.6,-1.0,9.6,0.9,False,False,cross_sectional_primary
20260918,MIDCAP400,WTS,Industrials,ev_ebitda,19.904,14.913,,14.913,,False,cross_sectional,-2.5,17.3,0.0,14.8,0.9,False,True,cross_sectional_primary
20260918,MIDCAP400,TTEK,Industrials,ev_ebitda,15.334,14.913,,14.913,,False,cross_sectional,0.0,-2.3,0.2,-2.1,0.9,False,False,cross_sectional_primary
20260918,MIDCAP400,BAH,Industrials,ev_ebitda,10.446,14.913,,14.913,,False,cross_sectional,10.0,-24.5,2.9,-11.6,0.9,False,True,cross_sectional_primary
20260918,MIDCAP400,BTSG,Healthcare,fwd_pe,24.843847,17.4067,,17.4067,,False,cross_sectional,-2.5,49.3,-10.0,36.8,0.9,True,True,cross_sectional_primary
20260918,MIDCAP400,SOLS,Basic Materials,ev_ebitda,12.352,9.951,,9.951,,False,cross_sectional,-2.5,22.8,-0.1,20.2,0.9,False,True,cross_sectional_primary
20260918,MIDCAP400,FLS,Industrials,ev_ebitda,15.384,14.913,,14.913,,False,cross_sectional,0.0,24.2,0.4,24.6,0.9,False,False,cross_sectional_primary
20260918,MIDCAP400,R,Industrials,ev_ebitda,6.251,14.913,,14.913,,False,cross_sectional,10.0,8.6,5.2,23.8,0.9,False,True,cross_sectional_primary
20260918,MIDCAP400,SAIA,Industrials,ev_ebitda,15.074,14.913,,14.913,,False,cross_sectional,0.0,31.5,-0.0,31.5,0.9,False,False,cross_sectional_primary
20260918,MIDCAP400,OSK,Industrials,ev_ebitda,9.253,14.913,,14.913,,False,cross_sectional,10.0,-7.6,1.0,3.4,0.9,False,True,cross_sectional_primary
20260918,MIDCAP400,PINS,Communication Services,fwd_pe,7.6294208,16.0244,26.7,16.0244,-40.0,True,cross_sectional,10.0,15.4,-1.0,24.5,0.7,False,True,cross_sectional_primary
20260918,MIDCAP400,SPXC,Industrials,ev_ebitda,18.108,14.913,,14.913,,False,cross_sectional,-2.3,40.0,-2.0,35.6,0.9,False,False,cross_sectional_primary
20260918,MIDCAP400,AYI,Industrials,ev_ebitda,12.467,14.913,,14.913,,False,cross_sectional,9.4,42.7,0.8,52.9,0.9,False,False,cross_sectional_primary
20260918,MIDCAP400,RMBS,Technology,fwd_pe,23.07558,17.66,32.0,17.66,-44.8,True,cross_sectional,-2.5,15.1,0.7,13.3,0.9,False,True,cross_sectional_primary
20260918,MIDCAP400,DY,Industrials,ev_ebitda,12.133,14.913,,14.913,,False,cross_sectional,10.0,14.4,0.5,24.9,0.9,False,True,cross_sectional_primary
20260918,MIDCAP400,GMED,Healthcare,fwd_pe,13.737939,17.4067,44.6,17.4067,-61.0,True,cross_sectional,10.0,-25.0,-9.3,-24.3,0.9,True,True,cross_sectional_primary
20260918,MIDCAP400,IDCC,Technology,fwd_pe,27.783388,17.66,16.6,17.66,6.4,False,cross_sectional,-2.5,-25.0,-10.0,-37.5,1.0,True,True,cross_sectional_primary
20260918,MIDCAP400,FCFS,Financial Services,fwd_pe,16.71782,16.0244,19.6,16.0244,-18.2,False,cross_sectional,0.0,45.7,1.3,47.0,1.0,True,False,cross_sectional_primary
20260918,MIDCAP400,AAL,Industrials,ev_ebitda,10.657,14.913,,14.913,,False,cross_sectional,10.0,-25.0,4.2,-10.8,0.9,True,True,cross_sectional_primary
20260918,MIDCAP400,VNOM,Energy,ev_ebitda,8.018,7.456,,7.456,,False,cross_sectional,0.0,49.1,-10.0,39.1,0.9,True,False,cross_sectional_primary
20260918,MIDCAP400,CHRD,Energy,ev_ebitda,3.336,7.456,,7.456,,False,cross_sectional,10.0,-19.5,-10.0,-19.5,0.7,False,True,cross_sectional_primary
20260918,MIDCAP400,DKS,Consumer Cyclical,fwd_pe,9.296547,10.9485,13.2,10.9485,-17.1,False,cross_sectional,8.5,-25.0,0.5,-16.0,1.0,True,False,cross_sectional_primary
20260918,MIDCAP400,HQY,Healthcare,fwd_pe,17.183292,17.4067,84.0,17.4067,-79.3,True,cross_sectional,0.0,14.7,-0.3,14.4,0.9,False,False,cross_sectional_primary
20260918,MIDCAP400,ACM,Industrials,ev_ebitda,11.458,14.913,,14.913,,False,cross_sectional,10.0,43.3,2.5,55.7,0.7,False,True,cross_sectional_primary
20260918,MIDCAP400,VIAV,Technology,fwd_pe,17.8089,17.66,121.6,17.66,-85.5,True,cross_sectional,0.0,49.6,-0.4,49.2,0.9,True,False,cross_sectional_primary
20260918,MIDCAP400,CNM,Industrials,ev_ebitda,11.136,14.913,,14.913,,False,cross_sectional,10.0,9.2,6.8,26.0,0.9,False,True,cross_sectional_primary
20260918,MIDCAP400,ALV,Consumer Cyclical,fwd_pe,9.941211,10.9485,13.3,10.9485,-17.7,False,cross_sectional,0.0,-25.0,5.0,-20.0,1.0,True,False,cross_sectional_primary
20260918,MIDCAP400,ATR,Healthcare,fwd_pe,19.866585,17.4067,27.8,17.4067,-37.4,True,cross_sectional,-1.6,-18.6,0.1,-20.1,0.9,False,False,cross_sectional_primary
20260918,MIDCAP400,LAD,Consumer Cyclical,fwd_pe,7.541743,10.9485,9.5,10.9485,15.2,False,cross_sectional,10.0,16.9,4.1,31.0,1.0,False,True,cross_sectional_primary
20260918,MIDCAP400,CART,Consumer Cyclical,fwd_pe,9.277128,10.9485,28.1,10.9485,-61.0,True,cross_sectional,8.6,8.1,-10.0,6.7,0.9,False,False,cross_sectional_primary
20260918,MIDCAP400,NFG,Energy,ev_ebitda,6.512,7.456,,7.456,,False,cross_sectional,7.0,-11.6,0.6,-4.0,0.9,False,False,cross_sectional_primary
20260918,MIDCAP400,TKR,Industrials,ev_ebitda,12.096,14.913,,14.913,,False,cross_sectional,10.0,-25.0,1.3,-13.7,0.9,True,True,cross_sectional_primary
20260918,MIDCAP400,NOV,Energy,ev_ebitda,8.658,7.456,,7.456,,False,cross_sectional,-1.8,7.6,2.8,8.6,0.9,False,False,cross_sectional_primary
20260918,MIDCAP400,IDA,Utilities,ev_ebitda,17.223,15.067,,15.067,,False,cross_sectional,-1.6,1.7,-3.9,-3.8,0.9,False,False,cross_sectional_primary
20260918,MIDCAP400,KEX,Industrials,ev_ebitda,10.917,14.913,,14.913,,False,cross_sectional,10.0,0.0,3.2,13.2,0.9,False,True,cross_sectional_primary
20260918,MIDCAP400,AXTA,Basic Materials,ev_ebitda,9.55,9.951,,9.951,,False,cross_sectional,0.0,-18.0,1.1,-16.9,0.9,False,False,cross_sectional_primary
20260918,MIDCAP400,SSD,Basic Materials,ev_ebitda,12.193,9.951,,9.951,,False,cross_sectional,-2.4,25.1,1.1,23.8,0.9,False,False,cross_sectional_primary
20260918,MIDCAP400,HLI,Financial Services,fwd_pe,15.093834,16.0244,29.1,16.0244,-44.9,True,cross_sectional,0.0,-19.0,-0.2,-19.2,0.9,False,False,cross_sectional_primary
20260918,MIDCAP400,AM,Energy,price_fcf,13.0962139990574,20.9239,,20.9239,,False,cross_sectional,10.0,-8.0,0.9,2.9,0.9,False,True,cross_sectional_primary
20260918,MIDCAP400,HXL,Industrials,ev_ebitda,19.421,14.913,,14.913,,False,cross_sectional,-2.5,49.5,3.3,50.3,0.9,True,True,cross_sectional_primary
20260918,MIDCAP400,WEX,Technology,fwd_pe,9.204667,17.66,27.5,17.66,-35.8,True,cross_sectional,10.0,45.5,8.9,64.5,0.9,True,True,cross_sectional_primary
20260918,MIDCAP400,CHE,Healthcare,fwd_pe,18.538794,17.4067,28.3,17.4067,-38.5,True,cross_sectional,0.0,41.5,2.5,44.0,0.9,False,False,cross_sectional_primary
20260918,MIDCAP400,BRKR,Healthcare,fwd_pe,26.385721,17.4067,34.3,17.4067,-49.3,True,cross_sectional,-2.5,10.1,-1.6,6.0,0.7,False,True,cross_sectional_primary
20260918,MIDCAP400,MTDR,Energy,ev_ebitda,4.896,7.456,,7.456,,False,cross_sectional,10.0,49.1,-1.9,57.2,0.9,True,True,cross_sectional_primary
20260918,MIDCAP400,TEX,Industrials,ev_ebitda,14.512,14.913,,14.913,,False,cross_sectional,0.0,-11.9,1.5,-10.4,0.9,False,False,cross_sectional_primary
20260918,MIDCAP400,SFM,Consumer Defensive,fwd_pe,11.680369,13.544,17.3,13.544,-21.7,False,cross_sectional,7.7,1.5,2.3,11.5,1.0,False,False,cross_sectional_primary
20260918,MIDCAP400,LNTH,Healthcare,fwd_pe,15.806013,17.4067,20.0,17.4067,-13.0,False,cross_sectional,0.0,-0.9,1.3,0.4,1.0,False,False,cross_sectional_primary
20260918,MIDCAP400,MSA,Industrials,ev_ebitda,14.154,14.913,,14.913,,False,cross_sectional,0.0,39.5,0.2,39.7,0.9,False,False,cross_sectional_primary
20260918,MIDCAP400,H,Consumer Cyclical,fwd_pe,31.773102,10.9485,21.4,10.9485,-48.8,True,cross_sectional,-2.5,28.5,5.8,31.8,0.7,False,True,cross_sectional_primary
20260918,MIDCAP400,QLYS,Technology,fwd_pe,21.125458,17.66,35.4,17.66,-50.1,True,cross_sectional,-2.1,16.1,1.5,15.5,0.9,False,False,cross_sectional_primary
20260918,MIDCAP400,PCTY,Technology,fwd_pe,15.097078,17.66,65.4,17.66,-73.0,True,cross_sectional,8.2,27.6,0.0,35.8,0.7,False,False,cross_sectional_primary
20260918,MIDCAP400,ENS,Industrials,ev_ebitda,11.151,14.913,,14.913,,False,cross_sectional,10.0,48.6,4.0,62.5,0.9,True,True,cross_sectional_primary
20260918,MIDCAP400,GATX,Industrials,ev_ebitda,15.943,14.913,,14.913,,False,cross_sectional,0.0,37.6,-0.3,37.4,0.9,False,False,cross_sectional_primary
20260918,MIDCAP400,ANF,Consumer Cyclical,fwd_pe,10.793729,10.9485,18.6,10.9485,-41.1,True,cross_sectional,0.0,41.3,4.1,45.4,0.9,False,False,cross_sectional_primary
20260918,MIDCAP400,LEA,Consumer Cyclical,fwd_pe,7.1809964,10.9485,13.7,10.9485,-20.1,False,cross_sectional,10.0,23.9,4.8,38.7,1.0,False,True,cross_sectional_primary
20260918,MIDCAP400,CRUS,Technology,fwd_pe,13.524416,17.66,20.0,17.66,-11.7,False,cross_sectional,10.0,28.9,2.9,41.8,1.0,False,True,cross_sectional_primary
20260918,MIDCAP400,CVLT,Technology,fwd_pe,23.996334,17.66,74.6,17.66,-76.3,True,cross_sectional,-2.5,-3.8,0.5,-5.8,0.9,False,True,cross_sectional_primary
20260918,MIDCAP400,WFRD,Energy,ev_ebitda,6.894,7.456,,7.456,,False,cross_sectional,0.0,-25.0,1.0,-24.0,0.9,True,False,cross_sectional_primary
20260918,MIDCAP400,DUOL,Technology,fwd_pe,19.256323,17.66,164.5,17.66,-89.3,True,cross_sectional,0.0,-25.0,-0.8,-25.8,0.9,True,False,cross_sectional_primary
20260918,MIDCAP400,HIMS,Healthcare,fwd_pe,34.135,17.4067,54.6,17.4067,-68.1,True,cross_sectional,-2.5,48.5,-10.0,36.0,0.7,True,True,cross_sectional_primary
20260918,MIDCAP400,PATH,Technology,fwd_pe,14.9412565,17.66,,17.66,,False,cross_sectional,8.7,49.9,1.7,60.4,0.9,True,False,cross_sectional_primary
20260918,MIDCAP400,CROX,Consumer Cyclical,fwd_pe,8.229225,10.9485,7.3,10.9485,50.0,True,cross_sectional,10.0,5.7,6.5,22.1,0.7,False,True,cross_sectional_primary
20260918,MIDCAP400,HRB,Consumer Cyclical,fwd_pe,6.475434,10.9485,10.8,10.9485,1.4,False,cross_sectional,10.0,4.5,5.4,19.9,1.0,False,True,cross_sectional_primary
20260918,MIDCAP400,IESC,Industrials,ev_ebitda,22.365,14.913,,14.913,,False,cross_sectional,-2.5,48.3,0.6,46.4,0.9,True,True,cross_sectional_primary
20260918,MIDCAP400,DBX,Technology,fwd_pe,11.322004,17.66,18.2,17.66,-3.0,False,cross_sectional,10.0,-6.7,11.2,14.5,1.0,False,True,cross_sectional_primary
20260918,MIDCAP400,ORA,Utilities,ev_ebitda,17.171,15.067,,15.067,,False,cross_sectional,-1.6,-6.5,-1.3,-9.4,0.9,False,False,cross_sectional_primary
20260918,MIDCAP400,EXP,Basic Materials,ev_ebitda,9.951,9.951,,9.951,,False,cross_sectional,0.0,-12.5,4.2,-8.3,0.9,False,False,cross_sectional_primary
20260918,MIDCAP400,G,Technology,fwd_pe,7.742476,17.66,14.7,17.66,20.1,False,cross_sectional,10.0,14.7,2.3,27.0,1.0,False,True,cross_sectional_primary
20260918,MIDCAP400,POR,Utilities,ev_ebitda,10.276,15.067,,15.067,,False,cross_sectional,10.0,4.9,-6.3,8.6,0.9,False,True,cross_sectional_primary
20260918,MIDCAP400,MSM,Industrials,ev_ebitda,16.397,14.913,,14.913,,False,cross_sectional,0.0,40.0,0.3,40.3,0.9,False,False,cross_sectional_primary
20260918,MIDCAP400,ELF,Consumer Defensive,fwd_pe,24.26884,13.544,91.3,13.544,-85.2,True,cross_sectional,-2.5,48.1,-1.3,44.3,0.9,True,True,cross_sectional_primary
20260918,MIDCAP400,EXLS,Technology,fwd_pe,13.661813,17.66,32.2,17.66,-45.2,True,cross_sectional,10.0,5.0,1.7,16.7,0.9,False,True,cross_sectional_primary
20260918,MIDCAP400,CHDN,Consumer Cyclical,fwd_pe,11.103338,10.9485,22.5,10.9485,-51.3,True,cross_sectional,0.0,14.4,2.9,17.3,0.9,False,False,cross_sectional_primary
20260918,MIDCAP400,VAL,Energy,ev_ebitda,15.201,7.456,,7.456,,False,cross_sectional,-2.5,-25.0,2.8,-24.7,0.9,True,True,cross_sectional_primary
20260918,MIDCAP400,APPF,Technology,fwd_pe,26.062126,17.66,60.0,17.66,-70.6,True,cross_sectional,-2.5,18.2,0.1,15.8,0.9,False,True,cross_sectional_primary
20260918,MIDCAP400,GXO,Industrials,ev_ebitda,11.4,14.913,,14.913,,False,cross_sectional,10.0,-4.0,1.3,7.3,0.9,False,True,cross_sectional_primary
20260918,MIDCAP400,BROS,Consumer Cyclical,fwd_pe,30.56968,10.9485,154.1,10.9485,-92.9,True,cross_sectional,-2.5,37.1,-10.0,24.6,0.9,False,True,cross_sectional_primary
20260918,MIDCAP400,AAON,Industrials,ev_ebitda,22.509,14.913,,14.913,,False,cross_sectional,-2.5,49.5,0.1,47.1,0.9,True,True,cross_sectional_primary
20260918,MIDCAP400,SHC,Healthcare,fwd_pe,17.63004,17.4067,85.5,17.4067,-79.6,True,cross_sectional,0.0,49.8,-0.6,49.2,0.9,True,False,cross_sectional_primary
20260918,MIDCAP400,CHWY,Consumer Cyclical,fwd_pe,11.185862,10.9485,113.2,10.9485,-90.3,True,cross_sectional,0.0,40.3,0.7,41.0,0.9,False,False,cross_sectional_primary
20260918,MIDCAP400,MTN,Consumer Cyclical,fwd_pe,21.840492,10.9485,25.5,10.9485,-57.1,True,cross_sectional,-2.5,-15.8,3.3,-15.0,0.9,False,True,cross_sectional_primary
20260918,MIDCAP400,ULS,Industrials,ev_ebitda,18.132,14.913,,14.913,,False,cross_sectional,-2.3,49.2,-0.7,46.1,0.9,True,False,cross_sectional_primary
20260918,MIDCAP400,CAVA,Consumer Cyclical,fwd_pe,69.13917,10.9485,108.7,10.9485,-89.9,True,cross_sectional,-2.5,19.8,-10.0,7.3,0.9,False,True,cross_sectional_primary
20260918,MIDCAP400,FND,Consumer Cyclical,fwd_pe,21.509817,10.9485,40.0,10.9485,-72.6,True,cross_sectional,-2.5,44.8,-0.2,42.1,0.9,True,True,cross_sectional_primary
20260918,MIDCAP400,HAE,Healthcare,fwd_pe,18.625034,17.4067,36.1,17.4067,-51.8,True,cross_sectional,0.0,2.9,4.0,6.9,0.9,False,False,cross_sectional_primary
20260918,MIDCAP400,AN,Consumer Cyclical,fwd_pe,7.0043902,10.9485,8.3,10.9485,31.9,True,cross_sectional,10.0,48.9,7.9,66.8,0.9,True,True,cross_sectional_primary
20260918,MIDCAP400,SON,Consumer Cyclical,fwd_pe,7.7174664,10.9485,10.8,10.9485,1.4,False,cross_sectional,10.0,-25.0,-0.3,-15.3,1.0,True,True,cross_sectional_primary
20260918,MIDCAP400,GNTX,Consumer Cyclical,fwd_pe,10.148798,10.9485,16.2,10.9485,-32.4,True,cross_sectional,0.0,25.8,2.5,28.3,0.9,False,False,cross_sectional_primary
20260918,MIDCAP400,NOVT,Technology,fwd_pe,30.583946,17.66,81.1,17.66,-78.2,True,cross_sectional,-2.5,49.0,-0.9,45.6,0.9,True,True,cross_sectional_primary
20260918,MIDCAP400,SR,Utilities,ev_ebitda,12.447,15.067,,15.067,,False,cross_sectional,10.0,49.9,-5.6,54.3,0.9,True,True,cross_sectional_primary
20260918,MIDCAP400,KBR,Industrials,ev_ebitda,10.546,14.913,,14.913,,False,cross_sectional,10.0,33.1,2.3,45.4,0.9,False,True,cross_sectional_primary
20260918,MIDCAP400,BSY,Technology,fwd_pe,19.945263,17.66,56.4,17.66,-68.7,True,cross_sectional,-1.5,14.8,-0.1,13.2,0.9,False,False,cross_sectional_primary
20260918,MIDCAP400,TREX,Industrials,ev_ebitda,15.084,14.913,,14.913,,False,cross_sectional,0.0,-15.2,0.8,-14.4,0.9,False,False,cross_sectional_primary
20260918,MIDCAP400,CELH,Consumer Defensive,fwd_pe,16.230736,13.544,76.7,13.544,-82.3,True,cross_sectional,-2.2,-25.0,-3.8,-31.0,0.9,True,False,cross_sectional_primary
20260918,MIDCAP400,ACI,Consumer Defensive,fwd_pe,6.7906947,13.544,9.7,13.544,39.6,True,cross_sectional,10.0,-25.0,3.0,-12.0,0.9,True,True,cross_sectional_primary
20260918,MIDCAP400,MORN,Financial Services,fwd_pe,14.55376,16.0244,60.7,16.0244,-73.6,True,cross_sectional,0.0,35.4,0.8,36.2,0.9,False,False,cross_sectional_primary
20260918,MIDCAP400,BCO,Industrials,ev_ebitda,8.394,14.913,,14.913,,False,cross_sectional,10.0,4.1,4.8,18.9,0.9,False,True,cross_sectional_primary
20260918,MIDCAP400,OLLI,Consumer Defensive,fwd_pe,15.419482,13.544,35.8,13.544,-62.2,True,cross_sectional,-1.6,41.4,0.2,40.0,0.9,False,False,cross_sectional_primary
20260918,MIDCAP400,ALK,Industrials,ev_ebitda,13.399,14.913,,14.913,,False,cross_sectional,5.5,2.6,3.5,11.6,0.7,False,False,cross_sectional_primary
20260918,MIDCAP400,SARO,Industrials,ev_ebitda,12.327,14.913,,14.913,,False,cross_sectional,10.0,42.2,0.0,52.2,0.9,False,False,cross_sectional_primary
20260918,MIDCAP400,BDC,Technology,fwd_pe,11.142577,17.66,16.6,17.66,6.4,False,cross_sectional,10.0,13.7,3.1,26.8,1.0,False,True,cross_sectional_primary
20260918,MIDCAP400,BILL,Technology,fwd_pe,10.940185,17.66,,17.66,,False,cross_sectional,10.0,13.1,3.0,26.1,0.7,False,True,cross_sectional_primary
20260918,MIDCAP400,LIVN,Healthcare,fwd_pe,16.63363,17.4067,98.9,17.4067,-82.4,True,cross_sectional,0.0,49.6,-0.3,49.3,0.9,True,False,cross_sectional_primary
20260918,MIDCAP400,VICR,Technology,fwd_pe,38.96581,17.66,68.6,17.66,-74.3,True,cross_sectional,-2.5,14.3,-0.5,11.3,0.9,False,True,cross_sectional_primary
20260918,MIDCAP400,FCN,Industrials,ev_ebitda,11.164,14.913,,14.913,,False,cross_sectional,10.0,-6.6,4.0,7.4,0.9,False,True,cross_sectional_primary
20260918,MIDCAP400,NWE,Utilities,ev_ebitda,13.242,15.067,,15.067,,False,cross_sectional,6.7,15.7,-1.0,21.4,0.9,False,False,cross_sectional_primary
20260918,MIDCAP400,BYD,Consumer Cyclical,fwd_pe,9.561719,10.9485,9.5,10.9485,15.2,False,cross_sectional,7.0,-4.9,10.2,12.3,1.0,False,False,cross_sectional_primary
20260918,MIDCAP400,WMG,Communication Services,fwd_pe,14.183714,16.0244,38.3,16.0244,-58.2,True,cross_sectional,6.3,8.5,-0.4,14.3,0.7,False,False,cross_sectional_primary
20260918,MIDCAP400,NVST,Healthcare,fwd_pe,14.20332,17.4067,51.2,17.4067,-66.0,True,cross_sectional,10.0,48.6,-0.7,57.9,0.9,True,True,cross_sectional_primary
20260918,MIDCAP400,LOPE,Consumer Defensive,fwd_pe,13.475685,13.544,20.3,13.544,-33.3,True,cross_sectional,0.0,18.2,3.6,21.8,0.9,False,False,cross_sectional_primary
20260918,MIDCAP400,TNL,Consumer Cyclical,fwd_pe,7.15678,10.9485,7.6,10.9485,44.1,True,cross_sectional,10.0,6.2,5.6,21.8,0.9,False,True,cross_sectional_primary
20260918,MIDCAP400,PLNT,Consumer Cyclical,fwd_pe,13.618046,10.9485,47.2,10.9485,-76.8,True,cross_sectional,-2.5,26.1,0.9,24.5,0.9,False,True,cross_sectional_primary
20260918,MIDCAP400,PAG,Consumer Cyclical,fwd_pe,14.919235,10.9485,10.0,10.9485,9.5,False,cross_sectional,-2.5,-1.7,1.3,-2.9,1.0,False,True,cross_sectional_primary
20260918,MIDCAP400,OPCH,Healthcare,fwd_pe,11.767814,17.4067,24.1,17.4067,-27.8,True,cross_sectional,10.0,12.9,4.8,27.7,0.9,False,True,cross_sectional_primary
20260918,MIDCAP400,ESAB,Industrials,ev_ebitda,12.407,14.913,,14.913,,False,cross_sectional,9.6,-25.0,-0.9,-16.3,0.9,True,False,cross_sectional_primary
20260918,MIDCAP400,GHC,Industrials,ev_ebitda,7.69,14.913,,14.913,,False,cross_sectional,10.0,49.8,3.1,62.9,0.9,True,True,cross_sectional_primary
20260918,MIDCAP400,DLB,Industrials,ev_ebitda,13.448,14.913,,14.913,,False,cross_sectional,5.3,-25.0,0.1,-19.6,0.9,True,False,cross_sectional_primary
20260918,MIDCAP400,DOCS,Healthcare,fwd_pe,17.149015,17.4067,46.9,17.4067,-62.9,True,cross_sectional,0.0,-25.0,1.6,-23.4,0.9,True,False,cross_sectional_primary
20260918,MIDCAP400,VVV,Consumer Cyclical,fwd_pe,13.559424,10.9485,15.8,10.9485,-30.7,True,cross_sectional,-2.5,15.7,11.1,24.3,0.9,False,True,cross_sectional_primary
20260918,MIDCAP400,SLGN,Consumer Cyclical,fwd_pe,9.28242,10.9485,15.3,10.9485,-28.4,True,cross_sectional,8.6,-13.7,1.1,-4.0,0.9,False,False,cross_sectional_primary
20260918,MIDCAP400,PEGA,Technology,fwd_pe,13.567087,17.66,62.8,17.66,-71.9,True,cross_sectional,10.0,-25.0,-4.3,-19.3,0.9,True,True,cross_sectional_primary
20260918,MIDCAP400,OLED,Technology,fwd_pe,16.241705,17.66,26.8,17.66,-34.1,True,cross_sectional,0.0,-24.9,-0.0,-24.9,0.9,False,False,cross_sectional_primary
20260918,MIDCAP400,KNF,Basic Materials,ev_ebitda,9.549,9.951,,9.951,,False,cross_sectional,0.0,-13.5,-0.2,-13.7,0.9,False,False,cross_sectional_primary
20260918,MIDCAP400,POST,Consumer Defensive,fwd_pe,10.815526,13.544,18.5,13.544,-26.8,True,cross_sectional,10.0,-25.0,3.1,-11.9,0.9,True,True,cross_sectional_primary
20260918,MIDCAP400,YETI,Consumer Cyclical,fwd_pe,12.244789,10.9485,23.9,10.9485,-54.2,True,cross_sectional,-1.4,45.0,3.4,47.0,0.9,True,False,cross_sectional_primary
20260918,MIDCAP400,MMS,Industrials,ev_ebitda,6.721,14.913,,14.913,,False,cross_sectional,10.0,4.8,2.9,17.7,0.9,False,True,cross_sectional_primary
20260918,MIDCAP400,WING,Consumer Cyclical,fwd_pe,19.378273,10.9485,75.0,10.9485,-85.4,True,cross_sectional,-2.5,19.8,3.0,20.3,0.9,False,True,cross_sectional_primary
20260918,MIDCAP400,VC,Consumer Cyclical,fwd_pe,9.36284,10.9485,10.9,10.9485,0.4,False,cross_sectional,8.1,-25.0,1.6,-15.3,1.0,True,False,cross_sectional_primary
20260918,MIDCAP400,PSN,Technology,fwd_pe,13.502842,17.66,43.8,17.66,-59.7,True,cross_sectional,10.0,32.3,2.4,44.7,0.7,False,True,cross_sectional_primary
20260918,MIDCAP400,FOUR,Technology,fwd_pe,6.60213,17.66,50.6,17.66,-65.1,True,cross_sectional,10.0,-25.0,-10.0,-25.0,0.9,True,True,cross_sectional_primary
20260918,MIDCAP400,EEFT,Technology,fwd_pe,5.6852026,17.66,17.1,17.66,3.3,False,cross_sectional,10.0,-24.7,5.8,-8.9,1.0,False,True,cross_sectional_primary
20260918,MIDCAP400,CXT,Industrials,ev_ebitda,8.984,14.913,,14.913,,False,cross_sectional,10.0,40.5,-0.4,50.1,0.9,False,True,cross_sectional_primary
20260918,MIDCAP400,HGV,Consumer Cyclical,fwd_pe,6.6991615,10.9485,32.5,10.9485,-66.3,True,cross_sectional,10.0,-25.0,9.5,-5.5,0.9,True,True,cross_sectional_primary
20260918,MIDCAP400,MZTI,Consumer Defensive,fwd_pe,13.996406,13.544,27.5,13.544,-50.7,True,cross_sectional,0.0,43.8,0.1,43.9,0.9,False,False,cross_sectional_primary
20260918,MIDCAP400,CHH,Consumer Cyclical,fwd_pe,13.086029,10.9485,19.9,10.9485,-45.0,True,cross_sectional,-2.1,-19.4,4.2,-17.4,0.9,False,False,cross_sectional_primary
20260918,MIDCAP400,PPC,Consumer Defensive,fwd_pe,10.697238,13.544,8.5,13.544,59.3,True,cross_sectional,10.0,-25.0,-0.2,-15.2,0.9,True,True,cross_sectional_primary
20260919,SP500,NVDA,Technology,fwd_pe,14.173006,18.4488,87.9,18.4488,-79.0,True,cross_sectional,10.0,48.5,0.9,59.3,0.9,True,True,cross_sectional_primary
20260919,SP500,AAPL,Technology,fwd_pe,35.05517,18.4488,33.1,18.4488,-44.3,True,cross_sectional,-2.5,28.7,2.6,28.8,0.9,False,True,cross_sectional_primary
20260919,SP500,MSFT,Technology,fwd_pe,20.929373,18.4488,35.2,18.4488,-47.6,True,cross_sectional,-1.5,31.7,0.1,30.3,0.9,False,False,cross_sectional_primary
20260919,SP500,AMZN,Consumer Cyclical,fwd_pe,24.453907,16.3443,39.7,16.3443,-58.8,True,cross_sectional,-2.5,49.3,-1.6,45.2,0.9,True,True,cross_sectional_primary
20260919,SP500,GOOGL,Communication Services,fwd_pe,23.527227,14.335,23.5,14.335,-39.0,True,cross_sectional,-2.5,49.4,2.0,48.9,0.9,True,True,cross_sectional_primary
20260919,SP500,AVGO,Technology,fwd_pe,18.448807,18.4488,52.2,18.4488,-64.7,True,cross_sectional,0.0,49.2,-6.6,42.6,0.9,True,False,cross_sectional_primary
20260919,SP500,GOOG,Communication Services,fwd_pe,23.201982,14.335,23.7,14.335,-39.5,True,cross_sectional,-2.5,49.4,2.0,48.9,0.9,True,True,cross_sectional_primary
20260919,SP500,META,Communication Services,fwd_pe,19.043377,14.335,23.8,14.335,-39.8,True,cross_sectional,-2.5,-13.4,1.1,-14.8,0.9,False,True,cross_sectional_primary
20260919,SP500,MU,Technology,fwd_pe,6.489501,18.4488,37.6,18.4488,-50.9,True,cross_sectional,10.0,49.9,-1.5,58.4,0.9,True,True,cross_sectional_primary
20260919,SP500,TSLA,Consumer Cyclical,fwd_pe,165.76111,16.3443,127.8,16.3443,-87.2,True,cross_sectional,-2.5,-3.0,-0.6,-6.1,0.9,False,True,cross_sectional_primary
20260919,SP500,LLY,Healthcare,fwd_pe,24.352015,16.0883,59.5,16.0883,-73.0,True,cross_sectional,-2.5,26.2,0.2,23.9,0.9,False,True,cross_sectional_primary
20260919,SP500,AMD,Technology,fwd_pe,35.95345,18.4488,100.8,18.4488,-81.7,True,cross_sectional,-2.5,48.8,-0.3,46.0,0.9,True,True,cross_sectional_primary
20260919,SP500,JNJ,Healthcare,fwd_pe,22.243368,16.0883,21.1,16.0883,-23.8,False,cross_sectional,-2.5,-0.9,2.6,-0.8,1.0,False,True,cross_sectional_primary
20260919,SP500,V,Financial Services,fwd_pe,24.545631,22.949,31.3,22.949,-26.7,True,cross_sectional,0.0,10.2,6.5,16.7,0.9,False,False,cross_sectional_primary
20260919,SP500,WMT,Consumer Defensive,fwd_pe,33.043858,14.8136,42.5,14.8136,-65.1,True,cross_sectional,-2.5,-9.1,0.5,-11.1,0.9,False,True,cross_sectional_primary
20260919,SP500,ABBV,Healthcare,fwd_pe,16.226177,16.0883,61.8,16.0883,-74.0,True,cross_sectional,0.0,49.4,0.0,49.4,0.9,True,False,cross_sectional_primary
20260919,SP500,MA,Financial Services,fwd_pe,24.54917,22.949,34.7,22.949,-33.9,True,cross_sectional,0.0,22.1,2.1,24.2,0.9,False,False,cross_sectional_primary
20260919,SP500,CSCO,Technology,fwd_pe,19.547468,18.4488,18.9,18.4488,-2.4,False,cross_sectional,0.0,43.6,1.3,45.0,1.0,True,False,cross_sectional_primary
20260919,SP500,PLTR,Technology,fwd_pe,76.47041,18.4488,282.1,18.4488,-93.5,True,cross_sectional,-2.5,49.2,-5.7,41.0,0.9,True,True,cross_sectional_primary
20260919,SP500,COST,Consumer Defensive,fwd_pe,39.566135,14.8136,46.2,14.8136,-67.9,True,cross_sectional,-2.5,15.2,-0.0,12.7,0.9,False,True,cross_sectional_primary
20260919,SP500,CAT,Industrials,ev_ebitda,25.295,17.6885,,17.6885,,False,cross_sectional,-2.5,46.1,4.1,47.8,0.9,True,True,cross_sectional_primary
20260919,SP500,MRK,Healthcare,fwd_pe,15.378187,16.0883,15.8,16.0883,1.8,False,cross_sectional,0.0,49.1,1.9,51.1,0.8,True,False,cross_sectional_primary
20260919,SP500,PG,Consumer Defensive,fwd_pe,19.782967,14.8136,22.8,14.8136,-35.0,True,cross_sectional,-2.5,-15.5,1.0,-17.0,0.9,False,True,cross_sectional_primary
20260919,SP500,KO,Consumer Defensive,fwd_pe,25.025663,14.8136,23.3,14.8136,-36.4,True,cross_sectional,-2.5,16.9,0.3,14.7,0.9,False,True,cross_sectional_primary
20260919,SP500,UNH,Healthcare,fwd_pe,16.668907,16.0883,23.6,16.0883,-31.8,True,cross_sectional,0.0,45.4,1.4,46.8,0.9,True,False,cross_sectional_primary
20260919,SP500,LRCX,Technology,fwd_pe,24.726564,18.4488,32.9,18.4488,-43.9,True,cross_sectional,-2.5,34.7,2.3,34.4,0.9,False,True,cross_sectional_primary
20260919,SP500,AMAT,Technology,fwd_pe,24.089682,18.4488,18.6,18.4488,-0.8,False,cross_sectional,-2.5,40.3,2.2,40.0,1.0,False,True,cross_sectional_primary
20260919,SP500,GE,Industrials,ev_ebitda,29.312,17.6885,,17.6885,,False,cross_sectional,-2.5,19.4,1.4,18.3,0.9,False,True,cross_sectional_primary
20260919,SP500,NFLX,Communication Services,fwd_pe,18.799002,14.335,38.0,14.335,-62.3,True,cross_sectional,-2.5,11.1,1.7,10.3,0.9,False,True,cross_sectional_primary
20260919,SP500,PANW,Technology,fwd_pe,74.5183,18.4488,170.4,18.4488,-89.2,True,cross_sectional,-2.5,13.2,-3.9,6.8,0.7,False,True,cross_sectional_primary
20260919,SP500,HD,Consumer Cyclical,fwd_pe,18.719736,16.3443,21.8,16.3443,-25.0,False,cross_sectional,-1.6,4.6,0.3,3.3,1.0,False,False,cross_sectional_primary
20260919,SP500,PM,Consumer Defensive,fwd_pe,20.537825,14.8136,19.5,14.8136,-24.0,False,cross_sectional,-2.5,-7.5,-0.2,-10.2,1.0,False,True,cross_sectional_primary
20260919,SP500,RTX,Industrials,ev_ebitda,18.483,17.6885,,17.6885,,False,cross_sectional,0.0,28.7,2.8,31.5,0.9,False,False,cross_sectional_primary
20260919,SP500,ORCL,Technology,fwd_pe,13.42252,18.4488,38.4,18.4488,-52.0,True,cross_sectional,10.0,44.2,-1.6,52.6,0.9,True,True,cross_sectional_primary
20260919,SP500,CRWD,Technology,fwd_pe,147.98463,18.4488,,18.4488,,False,cross_sectional,-2.5,22.3,-1.4,18.4,0.7,False,True,cross_sectional_primary
20260919,SP500,GEV,Industrials,price_fcf,67.5044382361186,23.8356,,23.8356,,False,cross_sectional,-2.5,32.8,-0.3,29.9,0.9,False,True,cross_sectional_primary
20260919,SP500,SNDK,Technology,fwd_pe,6.7686954,18.4488,,18.4488,,False,cross_sectional,10.0,18.9,0.0,28.9,0.7,False,True,cross_sectional_primary
20260919,SP500,IBM,Technology,fwd_pe,17.439816,18.4488,29.3,18.4488,-37.0,True,cross_sectional,0.0,-1.8,-1.4,-3.2,0.9,False,False,cross_sectional_primary
20260919,SP500,KLAC,Technology,fwd_pe,26.395184,18.4488,35.3,18.4488,-47.7,True,cross_sectional,-2.5,13.8,1.6,12.9,0.9,False,True,cross_sectional_primary
20260919,SP500,LIN,Basic Materials,ev_ebitda,17.139,16.256,,16.256,,False,cross_sectional,0.0,11.3,2.0,13.3,0.9,False,False,cross_sectional_primary
20260919,SP500,MRVL,Technology,fwd_pe,36.127113,18.4488,,18.4488,,False,cross_sectional,-2.5,43.1,-0.5,40.1,0.9,False,True,cross_sectional_primary
20260919,SP500,ANET,Technology,fwd_pe,38.639374,18.4488,41.4,18.4488,-55.4,True,cross_sectional,-2.5,35.5,-0.3,32.7,0.9,False,True,cross_sectional_primary
20260919,SP500,AMGN,Healthcare,fwd_pe,15.803838,16.0883,22.2,16.0883,-27.5,True,cross_sectional,0.0,45.8,-0.4,45.4,0.9,True,False,cross_sectional_primary
20260919,SP500,VZ,Communication Services,fwd_pe,9.108507,14.335,9.1,14.335,57.5,True,cross_sectional,10.0,-22.0,-0.2,-12.2,0.9,False,True,cross_sectional_primary
20260919,SP500,QCOM,Technology,fwd_pe,17.416683,18.4488,18.6,18.4488,-0.8,False,cross_sectional,0.0,-23.0,0.9,-22.1,1.0,False,False,cross_sectional_primary
20260919,SP500,CRM,Technology,fwd_pe,14.859358,18.4488,60.0,18.4488,-69.3,True,cross_sectional,10.0,48.3,1.4,59.8,0.9,True,True,cross_sectional_primary
20260919,SP500,APH,Technology,fwd_pe,23.687853,18.4488,16.6,18.4488,11.1,False,cross_sectional,-2.5,45.1,-1.5,41.1,1.0,True,True,cross_sectional_primary
20260919,SP500,GILD,Healthcare,fwd_pe,15.179324,16.0883,19.3,16.0883,-16.6,False,cross_sectional,0.0,19.4,0.1,19.5,0.8,False,False,cross_sectional_primary
20260919,SP500,DIS,Communication Services,fwd_pe,13.729625,14.335,45.2,14.335,-68.3,True,cross_sectional,0.0,-25.0,0.5,-24.5,0.9,True,False,cross_sectional_primary
20260919,SP500,PEP,Consumer Defensive,fwd_pe,14.456196,14.8136,23.5,14.8136,-37.0,True,cross_sectional,0.0,48.6,0.4,49.0,0.9,True,False,cross_sectional_primary
20260919,SP500,STX,Technology,fwd_pe,15.509631,18.4488,53.5,18.4488,-65.5,True,cross_sectional,9.1,48.7,-3.9,53.9,0.9,True,False,cross_sectional_primary
20260919,SP500,ABT,Healthcare,fwd_pe,16.917128,16.0883,28.9,16.0883,-44.3,True,cross_sectional,0.0,-25.0,0.0,-25.0,0.9,True,False,cross_sectional_primary
20260919,SP500,MCD,Consumer Cyclical,fwd_pe,17.759768,16.3443,24.7,16.3443,-33.8,True,cross_sectional,0.0,5.7,1.1,6.8,0.9,False,False,cross_sectional_primary
20260919,SP500,T,Communication Services,fwd_pe,9.905663,14.335,7.9,14.335,81.5,True,cross_sectional,10.0,6.2,0.5,16.7,0.9,False,True,cross_sectional_primary
20260919,SP500,DELL,Technology,fwd_pe,19.812387,18.4488,23.4,18.4488,-21.2,False,cross_sectional,0.0,49.4,1.6,51.0,1.0,True,False,cross_sectional_primary
20260919,SP500,NEE,Utilities,ev_ebitda,19.613,12.8925,,12.8925,,False,cross_sectional,-2.5,43.9,-1.3,40.1,0.9,True,True,cross_sectional_primary
20260919,SP500,ETN,Industrials,ev_ebitda,27.965,17.6885,,17.6885,,False,cross_sectional,-2.5,-15.9,1.2,-17.2,0.9,False,True,cross_sectional_primary
20260919,SP500,BA,Industrials,ev_ebitda,,17.6885,,17.6885,,False,UNMEASURED,,3.8,-10.0,-6.2,0.5,False,False,cross_sectional_primary
20260919,SP500,WDC,Technology,fwd_pe,13.901307,18.4488,25.0,18.4488,-26.2,True,cross_sectional,10.0,49.8,-8.4,51.5,0.9,True,True,cross_sectional_primary
20260919,SP500,UBER,Technology,fwd_pe,16.00207,18.4488,17.3,18.4488,6.6,False,cross_sectional,7.4,47.3,-0.7,54.0,1.0,True,False,cross_sectional_primary
20260919,SP500,NOW,Technology,fwd_pe,27.064177,18.4488,123.4,18.4488,-85.0,True,cross_sectional,-2.5,-21.9,-0.8,-25.2,0.9,False,True,cross_sectional_primary
20260919,SP500,TJX,Consumer Cyclical,fwd_pe,22.038548,16.3443,30.5,16.3443,-46.4,True,cross_sectional,-2.5,23.6,1.3,22.4,0.9,False,True,cross_sectional_primary
20260919,SP500,ISRG,Healthcare,fwd_pe,32.529274,16.0883,72.4,16.0883,-77.8,True,cross_sectional,-2.5,26.5,-0.7,23.3,0.9,False,True,cross_sectional_primary
20260919,SP500,VRTX,Healthcare,fwd_pe,25.249094,16.0883,29.6,16.0883,-45.6,True,cross_sectional,-2.5,8.0,0.5,6.0,0.9,False,True,cross_sectional_primary
20260919,SP500,BMY,Healthcare,fwd_pe,9.605719,16.0883,15.1,16.0883,6.5,False,cross_sectional,10.0,48.8,0.9,59.7,1.0,True,True,cross_sectional_primary
20260919,SP500,SPGI,Financial Services,fwd_pe,20.046244,22.949,35.6,22.949,-35.5,True,cross_sectional,7.0,17.7,2.2,26.9,0.9,False,False,cross_sectional_primary
20260919,SP500,MDT,Healthcare,fwd_pe,14.381246,16.0883,26.6,16.0883,-39.5,True,cross_sectional,5.8,39.1,1.6,46.5,0.9,False,False,cross_sectional_primary
20260919,SP500,ACN,Technology,fwd_pe,12.353157,18.4488,26.7,18.4488,-30.9,True,cross_sectional,10.0,9.0,0.5,19.5,0.9,False,True,cross_sectional_primary
20260919,SP500,PH,Industrials,ev_ebitda,22.453,17.6885,,17.6885,,False,cross_sectional,-2.5,19.3,-0.1,16.7,0.9,False,True,cross_sectional_primary
20260919,SP500,GLW,Technology,fwd_pe,34.513756,18.4488,45.1,18.4488,-59.1,True,cross_sectional,-2.5,18.5,-0.7,15.3,0.9,False,True,cross_sectional_primary
20260919,SP500,CVS,Healthcare,fwd_pe,10.416923,16.0883,18.2,16.0883,-11.6,False,cross_sectional,10.0,49.1,0.7,59.8,1.0,True,True,cross_sectional_primary
20260919,SP500,SBUX,Consumer Cyclical,fwd_pe,30.687695,16.3443,29.5,16.3443,-44.6,True,cross_sectional,-2.5,47.3,0.5,45.3,0.9,True,True,cross_sectional_primary
20260919,SP500,LMT,Industrials,ev_ebitda,14.447,17.6885,,17.6885,,False,cross_sectional,10.0,49.6,3.6,63.2,0.9,True,True,cross_sectional_primary
20260919,SP500,ADP,Technology,fwd_pe,20.242655,18.4488,28.7,18.4488,-35.7,True,cross_sectional,0.0,9.8,0.8,10.6,0.9,False,False,cross_sectional_primary
20260919,SP500,FTNT,Technology,fwd_pe,44.957737,18.4488,40.7,18.4488,-54.7,True,cross_sectional,-2.5,40.8,1.5,39.8,0.9,False,True,cross_sectional_primary
20260919,SP500,MCK,Healthcare,fwd_pe,17.330372,16.0883,24.0,16.0883,-33.0,True,cross_sectional,0.0,-17.6,3.8,-13.8,0.9,False,False,cross_sectional_primary
20260919,SP500,ADBE,Technology,fwd_pe,8.994958,18.4488,34.7,18.4488,-46.8,True,cross_sectional,10.0,10.5,3.5,24.0,0.9,False,True,cross_sectional_primary
20260919,SP500,CME,Financial Services,fwd_pe,21.352411,22.949,22.1,22.949,3.8,False,cross_sectional,0.0,2.5,-0.1,2.4,1.0,False,False,cross_sectional_primary
20260919,SP500,SO,Utilities,ev_ebitda,12.292,12.8925,,12.8925,,False,cross_sectional,0.0,30.4,-0.4,30.0,0.9,False,False,cross_sectional_primary
20260919,SP500,SYK,Healthcare,fwd_pe,16.44075,16.0883,40.1,16.0883,-59.9,True,cross_sectional,0.0,40.9,-0.4,40.6,0.9,False,False,cross_sectional_primary
20260919,SP500,TT,Industrials,ev_ebitda,22.685,17.6885,,17.6885,,False,cross_sectional,-2.5,7.1,1.3,5.9,0.9,False,True,cross_sectional_primary
20260919,SP500,VRT,Industrials,ev_ebitda,35.926,17.6885,,17.6885,,False,cross_sectional,-2.5,43.9,-0.6,40.8,0.9,True,True,cross_sectional_primary
20260919,SP500,PWR,Industrials,ev_ebitda,33.473,17.6885,,17.6885,,False,cross_sectional,-2.5,47.7,-0.8,44.4,0.9,True,True,cross_sectional_primary
20260919,SP500,DUK,Utilities,ev_ebitda,11.209,12.8925,,12.8925,,False,cross_sectional,7.2,10.6,-0.4,17.5,0.9,False,False,cross_sectional_primary
20260919,SP500,GD,Industrials,ev_ebitda,15.155,17.6885,,17.6885,,False,cross_sectional,8.0,13.4,0.6,22.0,0.9,False,False,cross_sectional_primary
20260919,SP500,HWM,Industrials,ev_ebitda,34.25,17.6885,,17.6885,,False,cross_sectional,-2.5,33.0,1.2,31.7,0.9,False,True,cross_sectional_primary
20260919,SP500,WMB,Energy,ev_ebitda,17.195,11.617,,11.617,,False,cross_sectional,-2.5,43.4,-0.1,40.8,0.9,True,True,cross_sectional_primary
20260919,SP500,ICE,Financial Services,fwd_pe,17.665781,22.949,29.8,22.949,-23.0,False,cross_sectional,10.0,14.2,-0.9,23.3,1.0,False,True,cross_sectional_primary
20260919,SP500,HOOD,Financial Services,fwd_pe,35.401524,22.949,39.5,22.949,-41.9,True,cross_sectional,-2.5,42.3,-1.6,38.3,0.9,False,True,cross_sectional_primary
20260919,SP500,INTU,Technology,fwd_pe,11.087414,18.4488,53.7,18.4488,-65.6,True,cross_sectional,10.0,-1.4,1.2,9.8,0.9,False,True,cross_sectional_primary
20260919,SP500,APP,Communication Services,fwd_pe,14.685756,14.335,69.1,14.335,-79.3,True,cross_sectional,0.0,44.7,2.9,47.6,0.9,True,False,cross_sectional_primary
20260919,SP500,JCI,Industrials,ev_ebitda,22.117,17.6885,,17.6885,,False,cross_sectional,-2.5,15.3,2.5,15.3,0.9,False,True,cross_sectional_primary
20260919,SP500,CEG,Utilities,ev_ebitda,14.411,12.8925,,12.8925,,False,cross_sectional,-1.4,-25.0,1.6,-24.8,0.9,True,False,cross_sectional_primary
20260919,SP500,EMR,Industrials,ev_ebitda,15.725,17.6885,,17.6885,,False,cross_sectional,6.1,23.0,0.9,30.0,0.9,False,False,cross_sectional_primary
20260919,SP500,CMCSA,Communication Services,fwd_pe,6.3516006,14.335,9.0,14.335,59.3,True,cross_sectional,10.0,-25.0,5.4,-9.6,0.9,True,True,cross_sectional_primary
20260919,SP500,HPE,Technology,fwd_pe,13.216424,18.4488,10.6,18.4488,74.0,True,cross_sectional,10.0,49.6,-0.3,59.3,0.9,True,True,cross_sectional_primary
20260919,SP500,MDLZ,Consumer Defensive,fwd_pe,18.100153,14.8136,23.5,14.8136,-37.0,True,cross_sectional,-2.4,48.7,2.7,49.0,0.9,True,False,cross_sectional_primary
20260919,SP500,REGN,Healthcare,fwd_pe,12.945983,16.0883,18.6,16.0883,-13.5,False,cross_sectional,10.0,-4.5,2.3,7.8,1.0,False,True,cross_sectional_primary
20260919,SP500,WM,Industrials,ev_ebitda,13.787,17.6885,,17.6885,,False,cross_sectional,10.0,8.3,0.3,18.6,0.9,False,True,cross_sectional_primary
20260919,SP500,GM,Consumer Cyclical,fwd_pe,5.4789844,16.3443,6.8,16.3443,140.4,True,cross_sectional,10.0,-25.0,15.0,0.0,0.9,True,True,cross_sectional_primary
20260919,SP500,DDOG,Technology,fwd_pe,77.3238,18.4488,438.7,18.4488,-95.8,True,cross_sectional,-2.5,49.9,-1.9,45.5,0.9,True,True,cross_sectional_primary
20260919,SP500,SLB,Energy,ev_ebitda,11.613,11.617,,11.617,,False,cross_sectional,0.0,-25.0,0.2,-24.8,0.9,True,False,cross_sectional_primary
20260919,SP500,TMUS,Communication Services,fwd_pe,11.647991,14.335,22.2,14.335,-35.4,True,cross_sectional,10.0,5.3,2.9,18.2,0.9,False,True,cross_sectional_primary
20260919,SP500,CDNS,Technology,fwd_pe,29.63725,18.4488,72.9,18.4488,-74.7,True,cross_sectional,-2.5,48.4,-0.1,45.8,0.9,True,True,cross_sectional_primary
20260919,SP500,MSI,Technology,fwd_pe,23.703876,18.4488,30.8,18.4488,-40.1,True,cross_sectional,-2.5,9.5,0.9,7.9,0.9,False,True,cross_sectional_primary
20260919,SP500,ROST,Consumer Cyclical,fwd_pe,25.341156,16.3443,29.5,16.3443,-44.6,True,cross_sectional,-2.5,46.4,1.9,45.8,0.9,True,True,cross_sectional_primary
20260919,SP500,DASH,Consumer Cyclical,fwd_pe,23.691092,16.3443,332.7,16.3443,-95.1,True,cross_sectional,-2.5,-25.0,-5.8,-33.3,0.9,True,True,cross_sectional_primary
20260919,SP500,SHW,Basic Materials,ev_ebitda,19.566,16.256,,16.256,,False,cross_sectional,-2.2,14.3,1.5,13.6,0.9,False,False,cross_sectional_primary
20260919,SP500,MAR,Consumer Cyclical,fwd_pe,25.759928,16.3443,26.8,16.3443,-39.0,True,cross_sectional,-2.5,4.3,5.0,6.8,0.9,False,True,cross_sectional_primary
20260919,SP500,SNPS,Technology,fwd_pe,21.965788,18.4488,54.6,18.4488,-66.2,True,cross_sectional,-2.1,47.5,-3.3,42.1,0.9,True,False,cross_sectional_primary
20260919,SP500,CI,Healthcare,fwd_pe,8.229224,16.0883,15.5,16.0883,3.8,False,cross_sectional,10.0,10.2,4.9,25.1,1.0,False,True,cross_sectional_primary
20260919,SP500,CMI,Industrials,ev_ebitda,15.675,17.6885,,17.6885,,False,cross_sectional,6.2,4.7,1.4,12.3,0.9,False,False,cross_sectional_primary
20260919,SP500,ORLY,Consumer Cyclical,fwd_pe,23.19373,16.3443,27.2,16.3443,-39.9,True,cross_sectional,-2.5,10.3,3.3,11.1,0.9,False,True,cross_sectional_primary
20260919,SP500,CL,Consumer Defensive,fwd_pe,21.292498,14.8136,28.4,14.8136,-47.8,True,cross_sectional,-2.5,-5.5,1.1,-6.9,0.9,False,True,cross_sectional_primary
20260919,SP500,ITW,Industrials,ev_ebitda,17.808,17.6885,,17.6885,,False,cross_sectional,0.0,10.1,1.9,12.0,0.9,False,False,cross_sectional_primary
20260919,SP500,WBD,Communication Services,price_fcf,22.57072414507772,23.8356,,23.8356,,False,cross_sectional,0.0,-25.0,-1.9,-26.9,0.9,True,False,cross_sectional_primary
20260919,SP500,NOC,Industrials,ev_ebitda,12.359,17.6885,,17.6885,,False,cross_sectional,10.0,-5.8,2.7,6.9,0.9,False,True,cross_sectional_primary
20260919,SP500,LITE,Technology,fwd_pe,23.448614,18.4488,,18.4488,,False,cross_sectional,-2.5,46.0,-5.3,38.2,0.7,True,True,cross_sectional_primary
20260919,SP500,MCO,Financial Services,fwd_pe,24.76148,22.949,39.3,22.949,-41.6,True,cross_sectional,0.0,44.6,1.1,45.7,0.9,True,False,cross_sectional_primary
20260919,SP500,ABNB,Consumer Cyclical,fwd_pe,26.866573,16.3443,31.2,16.3443,-47.6,True,cross_sectional,-2.5,33.4,3.0,33.9,0.9,False,True,cross_sectional_primary
20260919,SP500,HLT,Consumer Cyclical,fwd_pe,29.242357,16.3443,40.7,16.3443,-59.8,True,cross_sectional,-2.5,14.1,5.1,16.7,0.9,False,True,cross_sectional_primary
20260919,SP500,ECL,Basic Materials,ev_ebitda,20.396,16.256,,16.256,,False,cross_sectional,-2.5,3.3,0.2,1.0,0.9,False,True,cross_sectional_primary
20260919,SP500,CTAS,Industrials,ev_ebitda,27.214,17.6885,,17.6885,,False,cross_sectional,-2.5,15.6,0.9,14.0,0.9,False,True,cross_sectional_primary
20260919,SP500,FDX,Industrials,ev_ebitda,8.547,17.6885,,17.6885,,False,cross_sectional,10.0,-4.3,2.5,8.2,0.9,False,True,cross_sectional_primary
20260919,SP500,HCA,Healthcare,fwd_pe,13.356758,16.0883,13.8,16.0883,16.6,False,cross_sectional,9.8,11.6,6.9,28.3,1.0,False,False,cross_sectional_primary
20260919,SP500,AEP,Utilities,ev_ebitda,13.231,12.8925,,12.8925,,False,cross_sectional,0.0,-25.0,-1.6,-26.6,0.9,True,False,cross_sectional_primary
20260919,SP500,HON,Industrials,ev_ebitda,10.751,17.6885,,17.6885,,False,cross_sectional,10.0,49.4,1.9,61.3,0.9,True,True,cross_sectional_primary
20260919,SP500,BSX,Healthcare,fwd_pe,12.654458,16.0883,62.8,16.0883,-74.4,True,cross_sectional,10.0,15.1,-1.1,24.0,0.9,False,True,cross_sectional_primary
20260919,SP500,MNST,Consumer Defensive,fwd_pe,34.15219,14.8136,38.8,14.8136,-61.8,True,cross_sectional,-2.5,18.0,3.5,19.0,0.9,False,True,cross_sectional_primary
20260919,SP500,URI,Industrials,ev_ebitda,16.709,17.6885,,17.6885,,False,cross_sectional,0.0,25.5,3.0,28.5,0.9,False,False,cross_sectional_primary
20260919,SP500,RCL,Consumer Cyclical,fwd_pe,12.113128,16.3443,18.4,16.3443,-11.2,False,cross_sectional,10.0,-4.6,1.6,7.0,1.0,False,True,cross_sectional_primary
20260919,SP500,TEL,Technology,fwd_pe,15.907826,18.4488,18.3,18.4488,0.8,False,cross_sectional,7.7,19.2,2.9,29.8,1.0,False,False,cross_sectional_primary
20260919,SP500,COR,Healthcare,fwd_pe,15.589689,16.0883,26.7,16.0883,-39.7,True,cross_sectional,0.0,11.9,2.3,14.2,0.9,False,False,cross_sectional_primary
20260919,SP500,TDG,Industrials,ev_ebitda,17.827,17.6885,,17.6885,,False,cross_sectional,0.0,10.9,-0.9,10.0,0.9,False,False,cross_sectional_primary
20260919,SP500,OKE,Energy,ev_ebitda,11.984,11.617,,11.617,,False,cross_sectional,0.0,14.2,-10.0,4.2,0.9,False,False,cross_sectional_primary
20260919,SP500,CRH,Basic Materials,ev_ebitda,9.778,16.256,,16.256,,False,cross_sectional,10.0,13.9,3.6,27.5,0.9,False,True,cross_sectional_primary
20260919,SP500,COHR,Technology,fwd_pe,22.741163,18.4488,,18.4488,,False,cross_sectional,-2.5,37.7,-10.0,25.2,0.7,False,False,cross_sectional_primary
20260919,SP500,MPWR,Technology,fwd_pe,34.9233,18.4488,52.3,18.4488,-64.7,True,cross_sectional,-2.5,47.3,0.5,45.3,0.9,True,True,cross_sectional_primary
20260919,SP500,D,Utilities,ev_ebitda,13.815,12.8925,,12.8925,,False,cross_sectional,0.0,-25.0,-2.4,-27.4,0.9,True,False,cross_sectional_primary
20260919,SP500,FAST,Industrials,ev_ebitda,28.892,17.6885,,17.6885,,False,cross_sectional,-2.5,14.6,-0.2,11.9,0.9,False,True,cross_sectional_primary
20260919,SP500,BKR,Energy,ev_ebitda,11.621,11.617,,11.617,,False,cross_sectional,0.0,-4.2,1.0,-3.2,0.9,False,False,cross_sectional_primary
20260919,SP500,FIX,Industrials,ev_ebitda,28.205,17.6885,,17.6885,,False,cross_sectional,-2.5,47.6,0.7,45.8,0.9,True,True,cross_sectional_primary
20260919,SP500,TER,Technology,fwd_pe,31.87908,18.4488,37.9,18.4488,-51.3,True,cross_sectional,-2.5,49.6,1.4,48.5,0.9,True,True,cross_sectional_primary
20260919,SP500,GWW,Industrials,ev_ebitda,19.356,17.6885,,17.6885,,False,cross_sectional,0.0,20.5,2.1,22.6,0.9,False,False,cross_sectional_primary
20260919,SP500,AME,Industrials,ev_ebitda,22.513,17.6885,,17.6885,,False,cross_sectional,-2.5,14.2,0.1,11.8,0.9,False,True,cross_sectional_primary
20260919,SP500,F,Consumer Cyclical,fwd_pe,6.760145,16.3443,7.8,16.3443,109.5,True,cross_sectional,10.0,3.8,0.8,14.5,0.7,False,True,cross_sectional_primary
20260919,SP500,CAH,Healthcare,fwd_pe,16.010809,16.0883,32.6,16.0883,-50.6,True,cross_sectional,0.0,46.2,2.0,48.3,0.9,True,False,cross_sectional_primary
20260919,SP500,HONA,Industrials,ev_ebitda,18.943,17.6885,,17.6885,,False,cross_sectional,0.0,-25.0,0.0,-25.0,0.9,True,False,cross_sectional_primary
20260919,SP500,DAL,Industrials,ev_ebitda,9.124,17.6885,,17.6885,,False,cross_sectional,10.0,-25.0,-0.9,-15.9,0.9,True,True,cross_sectional_primary
20260919,SP500,EW,Healthcare,fwd_pe,26.13454,16.0883,31.6,16.0883,-49.1,True,cross_sectional,-2.5,-25.0,2.0,-25.5,0.9,True,True,cross_sectional_primary
20260919,SP500,EBAY,Consumer Cyclical,fwd_pe,16.639835,16.3443,15.3,16.3443,6.8,False,cross_sectional,0.0,44.3,6.3,50.6,1.0,True,False,cross_sectional_primary
20260919,SP500,BDX,Healthcare,fwd_pe,13.612198,16.0883,30.4,16.0883,-47.1,True,cross_sectional,8.7,-25.0,-0.0,-16.3,0.9,True,False,cross_sectional_primary
20260919,SP500,CIEN,Technology,fwd_pe,29.571627,18.4488,98.5,18.4488,-81.3,True,cross_sectional,-2.5,49.6,1.4,48.5,0.9,True,True,cross_sectional_primary
20260919,SP500,WAB,Industrials,ev_ebitda,20.234,17.6885,,17.6885,,False,cross_sectional,-1.6,18.9,2.4,19.6,0.9,False,False,cross_sectional_primary
20260919,SP500,CVNA,Consumer Cyclical,fwd_pe,28.783245,16.3443,65.2,16.3443,-74.9,True,cross_sectional,-2.5,45.4,-5.7,37.1,0.9,True,True,cross_sectional_primary
20260919,SP500,AZO,Consumer Cyclical,fwd_pe,16.344307,16.3443,21.1,16.3443,-22.5,False,cross_sectional,0.0,7.7,5.0,12.7,1.0,False,False,cross_sectional_primary
20260919,SP500,PYPL,Financial Services,fwd_pe,9.059308,22.949,18.5,22.949,24.0,False,cross_sectional,10.0,-3.1,6.5,13.4,1.0,False,True,cross_sectional_primary
20260919,SP500,LHX,Industrials,ev_ebitda,13.873,17.6885,,17.6885,,False,cross_sectional,10.0,28.3,0.6,38.9,0.9,False,True,cross_sectional_primary
20260919,SP500,ADSK,Technology,fwd_pe,15.278825,18.4488,59.9,18.4488,-69.2,True,cross_sectional,9.9,45.1,0.2,55.2,0.9,True,False,cross_sectional_primary
20260919,SP500,ROK,Industrials,ev_ebitda,23.561,17.6885,,17.6885,,False,cross_sectional,-2.5,38.9,1.1,37.5,0.9,False,True,cross_sectional_primary
20260919,SP500,VST,Utilities,ev_ebitda,10.499,12.8925,,12.8925,,False,cross_sectional,10.0,-6.2,1.9,5.7,0.9,False,True,cross_sectional_primary
20260919,SP500,GRMN,Technology,fwd_pe,24.903135,18.4488,20.7,18.4488,-10.9,False,cross_sectional,-2.5,35.1,-0.4,32.2,1.0,False,True,cross_sectional_primary
20260919,SP500,IQV,Healthcare,fwd_pe,18.425283,16.0883,30.2,16.0883,-46.7,True,cross_sectional,-1.6,-0.6,3.5,1.3,0.9,False,False,cross_sectional_primary
20260919,SP500,A,Healthcare,fwd_pe,23.155527,16.0883,31.2,16.0883,-48.4,True,cross_sectional,-2.5,8.5,1.9,7.9,0.9,False,True,cross_sectional_primary
20260919,SP500,RSG,Industrials,ev_ebitda,15.401,17.6885,,17.6885,,False,cross_sectional,7.2,5.1,0.7,13.0,0.9,False,False,cross_sectional_primary
20260919,SP500,EXC,Utilities,ev_ebitda,11.285,12.8925,,12.8925,,False,cross_sectional,6.9,-0.2,-1.2,5.5,0.9,False,False,cross_sectional_primary
20260919,SP500,CMG,Consumer Cyclical,fwd_pe,24.398611,16.3443,46.7,16.3443,-65.0,True,cross_sectional,-2.5,-1.3,1.6,-2.2,0.9,False,True,cross_sectional_primary
20260919,SP500,KDP,Consumer Defensive,fwd_pe,12.21456,14.8136,24.4,14.8136,-39.3,True,cross_sectional,10.0,-25.0,1.6,-13.4,0.9,True,True,cross_sectional_primary
20260919,SP500,CARR,Industrials,ev_ebitda,18.037,17.6885,,17.6885,,False,cross_sectional,0.0,-11.8,-0.5,-12.3,0.9,False,False,cross_sectional_primary
20260919,SP500,WAT,Healthcare,fwd_pe,25.48123,16.0883,32.5,16.0883,-50.5,True,cross_sectional,-2.5,10.8,-0.4,7.9,0.7,False,True,cross_sectional_primary
20260919,SP500,XYZ,Technology,fwd_pe,14.70696,18.4488,31.0,18.4488,-40.5,True,cross_sectional,10.0,-25.0,-0.7,-15.7,0.9,True,True,cross_sectional_primary
20260919,SP500,NDAQ,Financial Services,fwd_pe,19.989656,22.949,28.7,22.949,-20.0,False,cross_sectional,7.1,14.1,-6.7,14.6,1.0,False,False,cross_sectional_primary
20260919,SP500,WDAY,Technology,fwd_pe,14.663316,18.4488,74.9,18.4488,-75.4,True,cross_sectional,10.0,49.2,-0.5,58.6,0.9,True,True,cross_sectional_primary
20260919,SP500,MSCI,Financial Services,fwd_pe,24.574894,22.949,39.2,22.949,-41.5,True,cross_sectional,0.0,19.6,2.0,21.6,0.9,False,False,cross_sectional_primary
20260919,SP500,IDXX,Healthcare,fwd_pe,30.565063,16.0883,51.1,16.0883,-68.5,True,cross_sectional,-2.5,17.6,1.8,16.9,0.9,False,True,cross_sectional_primary
20260919,SP500,VEEV,Healthcare,fwd_pe,25.384756,16.0883,57.4,16.0883,-72.0,True,cross_sectional,-2.5,38.4,-1.1,34.8,0.9,False,True,cross_sectional_primary
20260919,SP500,ED,Utilities,ev_ebitda,10.685,12.8925,,12.8925,,False,cross_sectional,9.8,22.1,-1.3,30.6,0.9,False,False,cross_sectional_primary
20260919,SP500,IBKR,Financial Services,fwd_pe,28.462301,22.949,22.0,22.949,4.3,False,cross_sectional,-2.5,35.1,-2.3,30.3,1.0,False,True,cross_sectional_primary
20260919,SP500,NTAP,Technology,fwd_pe,17.785366,18.4488,21.4,18.4488,-13.8,False,cross_sectional,0.0,45.6,2.9,48.5,1.0,True,False,cross_sectional_primary
20260919,SP500,COIN,Financial Services,fwd_pe,68.57851,22.949,50.8,22.949,-54.8,True,cross_sectional,-2.5,49.1,-6.3,40.3,0.7,True,True,cross_sectional_primary
20260919,SP500,FANG,Energy,ev_ebitda,6.122,11.617,,11.617,,False,cross_sectional,10.0,49.0,-10.0,49.0,0.9,True,True,cross_sectional_primary
20260919,SP500,SYY,Consumer Defensive,fwd_pe,14.716642,14.8136,19.6,14.8136,-24.4,False,cross_sectional,0.0,5.3,2.3,7.6,1.0,False,False,cross_sectional_primary
20260919,SP500,ROP,Technology,fwd_pe,15.343887,18.4488,33.4,18.4488,-44.8,True,cross_sectional,9.7,49.3,-0.4,58.5,0.9,True,False,cross_sectional_primary
20260919,SP500,PAYX,Technology,fwd_pe,18.163818,18.4488,24.3,18.4488,-24.1,False,cross_sectional,0.0,40.6,0.3,40.9,1.0,False,False,cross_sectional_primary
20260919,SP500,YUM,Consumer Cyclical,fwd_pe,19.723001,16.3443,25.4,16.3443,-35.7,True,cross_sectional,-2.2,48.5,0.7,47.0,0.9,True,False,cross_sectional_primary
20260919,SP500,DHI,Consumer Cyclical,fwd_pe,11.779004,16.3443,10.0,16.3443,63.4,True,cross_sectional,10.0,-4.8,5.0,10.2,0.9,False,True,cross_sectional_primary
20260919,SP500,TTWO,Communication Services,fwd_pe,19.961777,14.335,,14.335,,False,cross_sectional,-2.5,38.5,-4.0,32.1,0.7,False,True,cross_sectional_primary
20260919,SP500,AXON,Industrials,ev_ebitda,,17.6885,,17.6885,,False,UNMEASURED,,-18.2,-4.5,-22.7,0.7,False,False,cross_sectional_primary
20260919,SP500,PEG,Utilities,ev_ebitda,13.278,12.8925,,12.8925,,False,cross_sectional,0.0,-25.0,-0.1,-25.1,0.9,True,False,cross_sectional_primary
20260919,SP500,UAL,Industrials,ev_ebitda,7.378,17.6885,,17.6885,,False,cross_sectional,10.0,-17.2,0.5,-6.7,0.9,False,True,cross_sectional_primary
20260919,SP500,KVUE,Consumer Defensive,fwd_pe,14.365104,14.8136,21.7,14.8136,-31.7,True,cross_sectional,0.0,8.5,-2.0,6.5,0.9,False,False,cross_sectional_primary
20260919,SP500,WEC,Utilities,ev_ebitda,14.382,12.8925,,12.8925,,False,cross_sectional,-1.3,19.7,-1.2,17.1,0.9,False,False,cross_sectional_primary
20260919,SP500,DXCM,Healthcare,fwd_pe,28.600603,16.0883,74.7,16.0883,-78.5,True,cross_sectional,-2.5,40.7,2.4,40.6,0.9,False,True,cross_sectional_primary
20260919,SP500,RMD,Healthcare,fwd_pe,17.003323,16.0883,32.5,16.0883,-50.5,True,cross_sectional,0.0,2.4,0.0,2.4,0.7,False,False,cross_sectional_primary
20260919,SP500,EXPE,Consumer Cyclical,fwd_pe,11.417905,16.3443,28.2,16.3443,-42.0,True,cross_sectional,10.0,49.1,6.3,65.3,0.9,True,True,cross_sectional_primary
20260919,SP500,EME,Industrials,ev_ebitda,16.433,17.6885,,17.6885,,False,cross_sectional,0.0,34.7,2.6,37.2,0.9,False,False,cross_sectional_primary
20260919,SP500,VMC,Basic Materials,ev_ebitda,15.373,16.256,,16.256,,False,cross_sectional,0.0,2.7,0.4,3.1,0.9,False,False,cross_sectional_primary
20260919,SP500,CNC,Healthcare,fwd_pe,12.175191,16.0883,15.5,16.0883,3.8,False,cross_sectional,10.0,7.6,4.9,22.5,0.8,False,True,cross_sectional_primary
20260919,SP500,ZTS,Healthcare,fwd_pe,10.93174,16.0883,30.1,16.0883,-46.6,True,cross_sectional,10.0,1.2,2.0,13.2,0.9,False,True,cross_sectional_primary
20260919,SP500,PCG,Utilities,ev_ebitda,9.053,12.8925,,12.8925,,False,cross_sectional,10.0,38.6,-1.5,47.1,0.9,False,True,cross_sectional_primary
20260919,SP500,CTSH,Technology,fwd_pe,9.4735365,18.4488,16.6,18.4488,11.1,False,cross_sectional,10.0,3.8,1.6,15.4,1.0,False,True,cross_sectional_primary
20260919,SP500,GEHC,Healthcare,fwd_pe,11.853491,16.0883,18.0,16.0883,-10.6,False,cross_sectional,10.0,16.8,0.0,26.8,1.0,False,True,cross_sectional_primary
20260919,SP500,AEE,Utilities,ev_ebitda,12.846,12.8925,,12.8925,,False,cross_sectional,0.0,11.9,-1.7,10.2,0.9,False,False,cross_sectional_primary
20260919,SP500,HAL,Energy,ev_ebitda,8.268,11.617,,11.617,,False,cross_sectional,10.0,16.1,2.8,28.9,0.9,False,True,cross_sectional_primary
20260919,SP500,CCL,Consumer Cyclical,fwd_pe,8.386163,16.3443,16.0,16.3443,2.2,False,cross_sectional,10.0,-6.5,-5.4,-1.9,1.0,False,True,cross_sectional_primary
20260919,SP500,MTD,Healthcare,fwd_pe,26.933218,16.0883,33.5,16.0883,-52.0,True,cross_sectional,-2.5,18.3,3.0,18.8,0.9,False,True,cross_sectional_primary
20260919,SP500,CBOE,Financial Services,fwd_pe,17.924192,22.949,25.6,22.949,-10.4,False,cross_sectional,10.0,43.1,0.5,53.7,1.0,True,True,cross_sectional_primary
20260919,SP500,TDY,Technology,fwd_pe,22.545069,18.4488,25.6,18.4488,-27.9,True,cross_sectional,-2.4,21.2,0.5,19.3,0.9,False,False,cross_sectional_primary
20260919,SP500,DG,Consumer Defensive,fwd_pe,14.813587,14.8136,15.1,14.8136,-1.9,False,cross_sectional,0.0,33.3,-0.2,33.1,1.0,False,False,cross_sectional_primary
20260919,SP500,DGX,Healthcare,fwd_pe,20.439205,16.0883,18.6,16.0883,-13.5,False,cross_sectional,-2.5,15.0,0.0,12.5,1.0,False,True,cross_sectional_primary
20260919,SP500,AWK,Utilities,ev_ebitda,14.709,12.8925,,12.8925,,False,cross_sectional,-1.6,8.6,-0.5,6.5,0.9,False,False,cross_sectional_primary
20260919,SP500,ATO,Utilities,ev_ebitda,14.058,12.8925,,12.8925,,False,cross_sectional,0.0,23.3,-5.2,18.1,0.9,False,False,cross_sectional_primary
20260919,SP500,LYV,Communication Services,fwd_pe,88.51226,14.335,68.5,14.335,-79.1,True,cross_sectional,-2.5,48.8,-0.2,46.1,0.9,True,True,cross_sectional_primary
20260919,SP500,LH,Healthcare,fwd_pe,16.165861,16.0883,24.6,16.0883,-34.6,True,cross_sectional,0.0,28.2,2.2,30.4,0.9,False,False,cross_sectional_primary
20260919,SP500,CPAY,Technology,fwd_pe,12.648173,18.4488,20.7,18.4488,-10.9,False,cross_sectional,10.0,-7.0,2.3,5.3,1.0,False,True,cross_sectional_primary
20260919,SP500,OTIS,Industrials,ev_ebitda,13.034,17.6885,,17.6885,,False,cross_sectional,10.0,13.0,2.4,25.4,0.9,False,True,cross_sectional_primary
20260919,SP500,FISV,,fwd_pe,5.8414087,17.4587,26.3,17.4587,-33.6,True,cross_sectional,10.0,9.2,5.6,24.8,0.7,False,True,cross_sectional_primary
20260919,SP500,CPRT,Industrials,ev_ebitda,12.094,17.6885,,17.6885,,False,cross_sectional,10.0,-14.6,-0.6,-5.2,0.9,False,True,cross_sectional_primary
20260919,SP500,ES,Utilities,ev_ebitda,10.876,12.8925,,12.8925,,False,cross_sectional,8.9,-25.0,-3.0,-19.1,0.9,True,False,cross_sectional_primary
20260919,SP500,WST,Healthcare,fwd_pe,36.31598,16.0883,42.2,16.0883,-61.9,True,cross_sectional,-2.5,18.1,1.7,17.3,0.9,False,True,cross_sectional_primary
20260919,SP500,IR,Industrials,ev_ebitda,15.715,17.6885,,17.6885,,False,cross_sectional,6.1,8.2,1.0,15.2,0.7,False,False,cross_sectional_primary
20260919,SP500,XYL,Industrials,ev_ebitda,13.72,17.6885,,17.6885,,False,cross_sectional,10.0,19.5,-5.7,23.8,0.9,False,True,cross_sectional_primary
20260919,SP500,DOV,Industrials,ev_ebitda,14.01,17.6885,,17.6885,,False,cross_sectional,10.0,14.1,1.0,25.1,0.9,False,True,cross_sectional_primary
20260919,SP500,PPL,Utilities,ev_ebitda,12.007,12.8925,,12.8925,,False,cross_sectional,0.0,21.2,-0.4,20.8,0.9,False,False,cross_sectional_primary
20260919,SP500,CNP,Utilities,ev_ebitda,12.809,12.8925,,12.8925,,False,cross_sectional,0.0,23.3,-1.8,21.5,0.9,False,False,cross_sectional_primary
20260919,SP500,HSY,Consumer Defensive,fwd_pe,17.205736,14.8136,22.6,14.8136,-34.5,True,cross_sectional,-1.8,49.8,0.5,48.5,0.9,True,False,cross_sectional_primary
20260919,SP500,VRSN,Technology,fwd_pe,27.39763,18.4488,26.4,18.4488,-30.1,True,cross_sectional,-2.5,7.7,4.8,10.0,0.9,False,True,cross_sectional_primary
20260919,SP500,FFIV,Technology,fwd_pe,23.899748,18.4488,26.6,18.4488,-30.6,True,cross_sectional,-2.5,11.4,1.3,10.2,0.9,False,True,cross_sectional_primary
20260919,SP500,SW,Consumer Cyclical,fwd_pe,12.996151,16.3443,19.7,16.3443,-17.0,False,cross_sectional,10.0,43.0,-10.0,43.0,0.8,False,True,cross_sectional_primary
20260919,SP500,FE,Utilities,ev_ebitda,10.439,12.8925,,12.8925,,False,cross_sectional,10.0,8.3,-0.3,18.0,0.9,False,True,cross_sectional_primary
20260919,SP500,ULTA,Consumer Cyclical,fwd_pe,16.863714,16.3443,20.7,16.3443,-21.0,False,cross_sectional,0.0,13.3,4.8,18.1,1.0,False,False,cross_sectional_primary
20260919,SP500,DRI,Consumer Cyclical,fwd_pe,16.881163,16.3443,20.2,16.3443,-19.1,False,cross_sectional,0.0,35.7,1.9,37.6,1.0,False,False,cross_sectional_primary
20260919,SP500,PPG,Basic Materials,ev_ebitda,10.839,16.256,,16.256,,False,cross_sectional,10.0,-1.5,2.2,10.7,0.9,False,True,cross_sectional_primary
20260919,SP500,TPR,Consumer Cyclical,fwd_pe,12.92203,16.3443,17.0,16.3443,-3.9,False,cross_sectional,10.0,9.3,5.1,24.3,0.8,False,True,cross_sectional_primary
20260919,SP500,HUBB,Industrials,ev_ebitda,18.994,17.6885,,17.6885,,False,cross_sectional,0.0,-0.9,0.5,-0.4,0.9,False,False,cross_sectional_primary
20260919,SP500,VLTO,Industrials,ev_ebitda,17.634,17.6885,,17.6885,,False,cross_sectional,0.0,10.1,-0.7,9.4,0.9,False,False,cross_sectional_primary
20260919,SP500,VRSK,Industrials,ev_ebitda,17.743,17.6885,,17.6885,,False,cross_sectional,0.0,-3.4,2.5,-0.9,0.9,False,False,cross_sectional_primary
20260919,SP500,PHM,Consumer Cyclical,fwd_pe,10.448327,16.3443,7.9,16.3443,106.9,True,cross_sectional,10.0,-18.2,5.0,-3.2,0.9,False,True,cross_sectional_primary
20260919,SP500,CASY,Consumer Cyclical,fwd_pe,25.475676,16.3443,30.2,16.3443,-45.9,True,cross_sectional,-2.5,27.7,0.1,25.3,0.9,False,True,cross_sectional_primary
20260919,SP500,CHD,Consumer Defensive,fwd_pe,23.46848,14.8136,36.6,14.8136,-59.5,True,cross_sectional,-2.5,9.0,0.7,7.2,0.9,False,True,cross_sectional_primary
20260919,SP500,FICO,Technology,fwd_pe,17.880419,18.4488,65.3,18.4488,-71.7,True,cross_sectional,0.0,39.4,1.6,41.0,0.9,False,False,cross_sectional_primary
20260919,SP500,OMC,Communication Services,fwd_pe,6.519881,14.335,11.4,14.335,25.7,True,cross_sectional,10.0,45.0,-10.0,45.0,0.9,True,True,cross_sectional_primary
20260919,SP500,FSLR,Technology,fwd_pe,8.428706,18.4488,18.4,18.4488,0.3,False,cross_sectional,10.0,23.3,-0.1,33.2,1.0,False,True,cross_sectional_primary
20260919,SP500,EIX,Utilities,ev_ebitda,7.416,12.8925,,12.8925,,False,cross_sectional,10.0,44.3,-0.1,54.2,0.9,True,True,cross_sectional_primary
20260919,SP500,INCY,Healthcare,fwd_pe,14.102783,16.0883,38.5,16.0883,-58.2,True,cross_sectional,6.8,37.1,5.7,49.6,0.9,False,False,cross_sectional_primary
20260919,SP500,EXE,Energy,ev_ebitda,3.47,11.617,,11.617,,False,cross_sectional,10.0,-25.0,-10.0,-25.0,0.9,True,True,cross_sectional_primary
20260919,SP500,PKG,Consumer Cyclical,fwd_pe,17.741982,16.3443,20.8,16.3443,-21.4,False,cross_sectional,0.0,-19.5,-0.2,-19.7,1.0,False,False,cross_sectional_primary
20260919,SP500,DLTR,Consumer Defensive,fwd_pe,14.158136,14.8136,18.9,14.8136,-21.6,False,cross_sectional,0.0,49.1,3.1,52.2,1.0,True,False,cross_sectional_primary
20260919,SP500,STE,Healthcare,fwd_pe,16.741907,16.0883,46.8,16.0883,-65.6,True,cross_sectional,0.0,14.0,0.3,14.3,0.9,False,False,cross_sectional_primary
20260919,SP500,TPL,Energy,ev_ebitda,32.491,11.617,,11.617,,False,cross_sectional,-2.5,32.7,0.1,30.3,0.9,False,True,cross_sectional_primary
20260919,SP500,RDDT,Communication Services,fwd_pe,15.571629,14.335,,14.335,,False,cross_sectional,0.0,49.0,-10.0,39.0,0.9,True,False,cross_sectional_primary
20260919,SP500,LUV,Industrials,ev_ebitda,9.9,17.6885,,17.6885,,False,cross_sectional,10.0,20.5,6.6,37.1,0.9,False,True,cross_sectional_primary
20260919,SP500,NI,Utilities,ev_ebitda,12.939,12.8925,,12.8925,,False,cross_sectional,0.0,-25.0,-2.9,-27.9,0.9,True,False,cross_sectional_primary
20260919,SP500,AMCR,Consumer Cyclical,fwd_pe,9.617437,16.3443,17.2,16.3443,-5.0,False,cross_sectional,10.0,6.3,-10.0,6.3,0.8,False,True,cross_sectional_primary
20260919,SP500,SNA,Industrials,ev_ebitda,13.381,17.6885,,17.6885,,False,cross_sectional,10.0,5.1,0.8,15.9,0.9,False,True,cross_sectional_primary
20260919,SP500,EFX,Industrials,ev_ebitda,12.525,17.6885,,17.6885,,False,cross_sectional,10.0,0.7,-0.1,10.6,0.9,False,True,cross_sectional_primary
20260919,SP500,BR,Technology,fwd_pe,14.092307,18.4488,33.4,18.4488,-44.8,True,cross_sectional,10.0,8.4,0.8,19.2,0.9,False,True,cross_sectional_primary
20260919,SP500,FIS,Technology,fwd_pe,5.315402,18.4488,58.8,18.4488,-68.6,True,cross_sectional,10.0,6.6,5.7,22.3,0.7,False,True,cross_sectional_primary
20260919,SP500,IP,Consumer Cyclical,fwd_pe,11.4852295,16.3443,31.8,16.3443,-48.6,True,cross_sectional,10.0,47.9,-10.0,47.9,0.7,True,True,cross_sectional_primary
20260919,SP500,EVRG,Utilities,ev_ebitda,12.295,12.8925,,12.8925,,False,cross_sectional,0.0,23.0,-0.7,22.3,0.9,False,False,cross_sectional_primary
20260919,SP500,ZBH,Healthcare,fwd_pe,10.516959,16.0883,24.7,16.0883,-34.9,True,cross_sectional,10.0,33.7,2.7,46.4,0.9,False,True,cross_sectional_primary
20260919,SP500,GPC,Consumer Cyclical,fwd_pe,15.422426,16.3443,17.6,16.3443,-7.1,False,cross_sectional,0.0,-9.8,0.6,-9.2,1.0,False,False,cross_sectional_primary
20260919,SP500,TSCO,Consumer Cyclical,fwd_pe,15.726386,16.3443,22.6,16.3443,-27.7,True,cross_sectional,0.0,-15.0,1.5,-13.5,0.9,False,False,cross_sectional_primary
20260919,SP500,LEN,Consumer Cyclical,fwd_pe,14.1423645,16.3443,9.4,16.3443,73.9,True,cross_sectional,7.5,-25.0,4.6,-12.9,0.9,True,False,cross_sectional_primary
20260919,SP500,LNT,Utilities,ev_ebitda,15.912,12.8925,,12.8925,,False,cross_sectional,-2.5,-4.0,-0.9,-7.4,0.9,False,False,cross_sectional_primary
20260919,SP500,J,Industrials,ev_ebitda,18.595,17.6885,,17.6885,,False,cross_sectional,0.0,-25.0,2.1,-22.9,0.9,True,False,cross_sectional_primary
20260919,SP500,GEN,Technology,fwd_pe,8.771797,18.4488,22.2,18.4488,-16.9,False,cross_sectional,10.0,45.7,1.8,57.5,1.0,True,True,cross_sectional_primary
20260919,SP500,NDSN,Industrials,ev_ebitda,19.896,17.6885,,17.6885,,False,cross_sectional,-1.4,23.0,0.6,22.2,0.9,False,False,cross_sectional_primary
20260919,SP500,LDOS,Technology,fwd_pe,10.014667,18.4488,18.1,18.4488,1.9,False,cross_sectional,10.0,-6.7,2.9,6.2,1.0,False,True,cross_sectional_primary
20260919,SP500,IEX,Industrials,ev_ebitda,18.348,17.6885,,17.6885,,False,cross_sectional,0.0,10.9,0.4,11.3,0.9,False,False,cross_sectional_primary
20260919,SP500,BG,Consumer Defensive,fwd_pe,10.191098,14.8136,8.7,14.8136,70.3,True,cross_sectional,10.0,33.0,-10.0,33.0,0.9,False,True,cross_sectional_primary
20260919,SP500,AKAM,Technology,fwd_pe,14.49193,18.4488,28.8,18.4488,-35.9,True,cross_sectional,10.0,-25.0,2.7,-12.3,0.9,True,True,cross_sectional_primary
20260919,SP500,PTC,Technology,fwd_pe,15.252721,18.4488,52.0,18.4488,-64.5,True,cross_sectional,10.0,-12.0,-0.6,-2.6,0.9,False,False,cross_sectional_primary
20260919,SP500,CHTR,Communication Services,fwd_pe,3.0618727,14.335,10.5,14.335,36.5,True,cross_sectional,10.0,16.1,4.8,30.9,0.9,False,True,cross_sectional_primary
20260919,SP500,TSN,Consumer Defensive,fwd_pe,12.783616,14.8136,24.0,14.8136,-38.3,True,cross_sectional,7.6,49.1,-0.3,56.5,0.9,True,False,cross_sectional_primary
20260919,SP500,TYL,Technology,fwd_pe,21.98475,18.4488,88.9,18.4488,-79.2,True,cross_sectional,-2.1,15.5,-1.2,12.2,0.9,False,False,cross_sectional_primary
20260919,SP500,TXT,Industrials,ev_ebitda,9.81,17.6885,,17.6885,,False,cross_sectional,10.0,5.2,5.5,20.7,0.9,False,True,cross_sectional_primary
20260919,SP500,CRL,Healthcare,fwd_pe,21.918686,16.0883,25.4,16.0883,-36.7,True,cross_sectional,-2.5,9.7,1.9,9.0,0.7,False,True,cross_sectional_primary
20260919,SP500,SJM,Consumer Defensive,fwd_pe,11.296865,14.8136,,14.8136,,False,cross_sectional,10.0,1.4,-1.1,10.3,0.7,False,True,cross_sectional_primary
20260919,SP500,ALLE,Industrials,ev_ebitda,14.153,17.6885,,17.6885,,False,cross_sectional,10.0,16.2,1.0,27.2,0.9,False,True,cross_sectional_primary
20260919,SP500,GDDY,Technology,fwd_pe,8.837905,18.4488,25.3,18.4488,-27.1,True,cross_sectional,10.0,29.8,3.6,43.4,0.9,False,True,cross_sectional_primary
20260919,SP500,RL,Consumer Cyclical,fwd_pe,16.022392,16.3443,22.8,16.3443,-28.3,True,cross_sectional,0.0,21.6,3.2,24.8,0.9,False,False,cross_sectional_primary
20260919,SP500,SOLV,Healthcare,fwd_pe,12.287146,16.0883,10.3,16.0883,56.2,True,cross_sectional,10.0,3.9,-0.7,13.2,0.9,False,True,cross_sectional_primary
20260919,SP500,MKC,Consumer Defensive,fwd_pe,14.782271,14.8136,25.4,14.8136,-41.7,True,cross_sectional,0.0,-14.2,0.1,-14.1,0.9,False,False,cross_sectional_primary
20260919,SP500,IT,Technology,fwd_pe,11.356655,18.4488,32.1,18.4488,-42.5,True,cross_sectional,10.0,33.1,2.6,45.7,0.9,False,True,cross_sectional_primary
20260919,SP500,LVS,Consumer Cyclical,fwd_pe,11.387718,16.3443,26.2,16.3443,-37.6,True,cross_sectional,10.0,-19.8,4.1,-5.7,0.9,False,True,cross_sectional_primary
20260919,SP500,BAX,Healthcare,fwd_pe,11.196228,16.0883,,16.0883,,False,cross_sectional,10.0,36.4,-0.7,45.7,0.9,False,True,cross_sectional_primary
20260919,SP500,TKO,Communication Services,fwd_pe,40.429283,14.335,3512.4,14.335,-99.6,True,cross_sectional,-2.5,14.4,-10.0,1.9,0.9,False,True,cross_sectional_primary
20260919,SP500,PNW,Utilities,ev_ebitda,13.007,12.8925,,12.8925,,False,cross_sectional,0.0,-9.5,-3.5,-13.0,0.9,False,False,cross_sectional_primary
20260919,SP500,LII,Industrials,ev_ebitda,12.289,17.6885,,17.6885,,False,cross_sectional,10.0,0.1,0.4,10.5,0.9,False,True,cross_sectional_primary
20260919,SP500,TECH,Healthcare,fwd_pe,31.378859,16.0883,65.2,16.0883,-75.3,True,cross_sectional,-2.5,11.4,1.2,10.1,0.7,False,True,cross_sectional_primary
20260919,SP500,DECK,Consumer Cyclical,fwd_pe,9.42032,16.3443,25.6,16.3443,-36.2,True,cross_sectional,10.0,1.1,3.4,14.5,0.9,False,True,cross_sectional_primary
20260919,SP500,JKHY,Technology,fwd_pe,19.71775,18.4488,30.2,18.4488,-38.9,True,cross_sectional,0.0,-10.4,0.7,-9.7,0.9,False,False,cross_sectional_primary
20260919,SP500,HII,Industrials,ev_ebitda,11.688,17.6885,,17.6885,,False,cross_sectional,10.0,36.1,0.8,46.9,0.9,False,True,cross_sectional_primary
20260919,SP500,COO,Healthcare,fwd_pe,11.779494,16.0883,45.4,16.0883,-64.6,True,cross_sectional,10.0,49.5,-0.2,59.3,0.9,True,True,cross_sectional_primary
20260919,SP500,LULU,Consumer Cyclical,fwd_pe,11.162577,16.3443,22.8,16.3443,-28.3,True,cross_sectional,10.0,-5.9,3.2,7.3,0.9,False,True,cross_sectional_primary
20260919,SP500,FDS,Financial Services,fwd_pe,14.384583,22.949,35.4,22.949,-35.2,True,cross_sectional,10.0,-9.6,0.7,1.1,0.9,False,True,cross_sectional_primary
20260919,SP500,ALGN,Healthcare,fwd_pe,11.763112,16.0883,41.6,16.0883,-61.3,True,cross_sectional,10.0,-12.1,2.6,0.5,0.9,False,True,cross_sectional_primary
20260919,SP500,PODD,Healthcare,fwd_pe,18.234024,16.0883,76.4,16.0883,-78.9,True,cross_sectional,-1.5,49.5,1.2,49.2,0.9,True,False,cross_sectional_primary
20260919,SP500,ROL,Consumer Cyclical,fwd_pe,24.93522,16.3443,47.0,16.3443,-65.2,True,cross_sectional,-2.5,3.1,0.6,1.2,0.9,False,True,cross_sectional_primary
20260919,SP500,UHS,Healthcare,fwd_pe,7.3852425,16.0883,12.8,16.0883,25.7,True,cross_sectional,10.0,10.1,4.1,24.2,0.9,False,True,cross_sectional_primary
20260919,SP500,APTV,Consumer Cyclical,fwd_pe,6.659008,16.3443,28.1,16.3443,-41.8,True,cross_sectional,10.0,-25.0,11.7,-3.3,0.9,True,True,cross_sectional_primary
20260919,SP500,DPZ,Consumer Cyclical,fwd_pe,14.104143,16.3443,24.9,16.3443,-34.4,True,cross_sectional,7.6,6.8,1.7,16.1,0.9,False,False,cross_sectional_primary
20260919,SP500,PNR,Industrials,ev_ebitda,10.243,17.6885,,17.6885,,False,cross_sectional,10.0,-11.1,0.2,-0.9,0.9,False,True,cross_sectional_primary
20260919,SP500,HSIC,Healthcare,fwd_pe,14.143888,16.0883,22.9,16.0883,-29.7,True,cross_sectional,6.7,17.1,3.9,27.6,0.9,False,False,cross_sectional_primary
20260919,SP500,MGM,Consumer Cyclical,fwd_pe,18.300623,16.3443,14.3,16.3443,14.3,False,cross_sectional,-1.4,49.7,12.1,60.4,1.0,True,False,cross_sectional_primary
20260919,SP500,WYNN,Consumer Cyclical,fwd_pe,15.852991,16.3443,19.5,16.3443,-16.2,False,cross_sectional,0.0,48.0,3.9,51.9,1.0,True,False,cross_sectional_primary
20260919,SP500,NCLH,Consumer Cyclical,fwd_pe,8.344118,16.3443,24.3,16.3443,-32.7,True,cross_sectional,10.0,49.7,-5.7,54.0,0.9,True,True,cross_sectional_primary
20260919,SP500,AOS,Industrials,ev_ebitda,10.509,17.6885,,17.6885,,False,cross_sectional,10.0,-15.0,3.1,-1.9,0.9,False,True,cross_sectional_primary
20260919,SP500,TAP,Consumer Defensive,fwd_pe,7.665112,14.8136,11.4,14.8136,29.9,True,cross_sectional,10.0,-25.0,4.3,-10.7,0.9,True,True,cross_sectional_primary
20260919,SP500,TTD,Communication Services,fwd_pe,13.984187,14.335,173.4,14.335,-91.7,True,cross_sectional,0.0,-23.6,0.7,-22.9,0.9,False,False,cross_sectional_primary
20260919,SP500,DVA,Healthcare,fwd_pe,10.658317,16.0883,13.4,16.0883,20.1,False,cross_sectional,10.0,44.5,9.8,64.2,1.0,True,True,cross_sectional_primary
20260919,SP500,PSKY,Communication Services,fwd_pe,12.00047,14.335,6.9,14.335,107.8,True,cross_sectional,9.3,-25.0,-1.1,-16.8,0.9,True,False,cross_sectional_primary
20260919,SP500,BEP-UN.TO,Utilities,ev_ebitda,30.054,12.8925,,12.8925,,False,cross_sectional,-2.5,-3.0,1.0,-4.5,0.7,False,True,cross_sectional_primary
20260919,SP500,CPX.TO,Utilities,ev_ebitda,15.534,12.8925,,12.8925,,False,cross_sectional,-2.2,46.3,-10.0,34.0,0.7,True,False,cross_sectional_primary
20260919,SP500,BWXT,Industrials,ev_ebitda,31.328,17.6885,,17.6885,,False,cross_sectional,-2.5,14.1,0.0,11.6,0.9,False,True,cross_sectional_primary
20260919,SP500,POWL,Industrials,ev_ebitda,25.701,17.6885,,17.6885,,False,cross_sectional,-2.5,7.6,-0.2,4.9,0.9,False,True,cross_sectional_primary
20260919,SP500,AGX,Industrials,ev_ebitda,24.059,17.6885,,17.6885,,False,cross_sectional,-2.5,43.2,-2.2,38.5,0.9,True,True,cross_sectional_primary
